timestamp,discharge_cfs
2026-03-19 14:30,0
2026-03-20 20:45,0
2026-03-27 11:32,0
2026-03-27 12:00,0
2026-03-27 12:15,0
2026-03-27 13:06,0
2026-03-27 13:15,0
2026-03-27 13:45,0
2026-03-27 14:00,0
2026-03-27 14:30,0
2026-03-27 14:45,0
2026-03-27 15:15,0
2026-03-27 15:30,0
2026-03-27 15:45,0
2026-03-27 16:15,0
2026-03-27 16:30,0
2026-03-27 16:45,0
2026-03-27 17:00,0
2026-03-27 17:30,0
2026-03-27 17:45,0
2026-03-27 18:15,0
2026-03-27 18:30,0
2026-03-27 18:45,0
2026-03-27 19:15,0
2026-03-27 19:30,0
2026-03-27 20:00,0
2026-03-27 20:15,0
2026-03-27 20:45,0
2026-03-27 21:00,0
2026-03-27 21:15,0
2026-03-27 21:30,0
2026-03-27 22:00,0
2026-03-27 22:15,0
2026-03-27 22:30,0
2026-03-27 22:45,0
2026-03-27 23:15,0
2026-03-27 23:30,0
2026-03-28 00:00,0
2026-03-28 00:15,0
2026-03-28 00:45,0
2026-03-28 01:00,0
2026-03-28 01:15,0
2026-03-28 01:45,0
2026-03-28 02:00,0
2026-03-28 02:15,0
2026-03-28 02:45,0
2026-03-28 03:00,0
2026-03-28 03:15,0
2026-03-28 03:45,0
2026-03-28 04:00,0
2026-03-28 04:15,0
2026-03-28 04:30,0
2026-03-28 05:00,0
2026-03-28 05:15,0
2026-03-28 05:45,0
2026-03-28 06:00,0
2026-03-28 06:15,0
2026-03-28 06:30,0
2026-03-28 06:45,0
2026-03-28 07:15,0
2026-03-28 07:30,0
2026-03-28 07:45,0
2026-03-28 08:08,0
2026-03-28 08:15,0
2026-03-28 08:30,0
2026-03-28 08:45,0
2026-03-28 09:15,0
2026-03-28 09:53,0
2026-03-28 10:00,0
2026-03-28 10:30,0
2026-03-28 10:45,0
2026-03-28 11:00,0
2026-03-28 11:15,0
2026-03-28 11:30,0
2026-03-28 11:45,0
2026-03-28 12:15,0
2026-03-28 12:30,0
2026-03-28 13:00,0
2026-03-28 13:15,0
2026-03-28 13:30,0
2026-03-28 14:00,0
2026-03-28 14:15,0
2026-03-28 14:30,0
2026-03-28 15:00,0
2026-03-28 15:15,0
2026-03-28 15:30,0
2026-03-28 16:00,0
2026-03-28 16:15,0
2026-03-28 16:45,0
2026-03-28 17:00,0
2026-03-28 17:15,0
2026-03-28 17:30,0
2026-03-28 17:45,0
2026-03-28 18:00,0
2026-03-28 18:15,0
2026-03-28 18:45,0
2026-03-28 19:00,0
2026-03-28 19:30,0
2026-03-28 19:45,0
2026-03-28 20:00,0
2026-03-28 20:15,0
2026-03-28 20:45,0
2026-03-28 21:15,0
2026-03-28 21:30,0
2026-03-28 21:45,0
2026-03-28 22:15,0
2026-03-28 22:30,0
2026-03-28 23:00,0
2026-03-28 23:15,0
2026-03-28 23:45,0
2026-03-29 00:00,0
2026-03-29 00:15,0
2026-03-29 00:45,0
2026-03-29 01:00,0
2026-03-29 01:15,0
2026-03-29 01:45,0
2026-03-29 02:00,0
2026-03-29 02:30,0
2026-03-29 02:45,0
2026-03-29 03:00,0
2026-03-29 03:15,0
2026-03-29 03:45,0
2026-03-29 04:00,0
2026-03-29 04:30,0
2026-03-29 04:45,0
2026-03-29 05:00,0
2026-03-29 05:15,0
2026-03-29 05:45,0
2026-03-29 06:00,0
2026-03-29 06:15,0
2026-03-29 06:45,0
2026-03-29 07:00,0
2026-03-29 07:15,0
2026-03-29 07:45,0
2026-03-29 08:00,0
2026-03-29 08:15,0
2026-03-29 08:30,0
2026-03-29 08:45,0
2026-03-29 09:00,0
2026-03-29 09:15,0
2026-03-29 09:30,0
2026-03-29 09:45,0
2026-03-29 10:15,0
2026-03-29 10:30,0
2026-03-29 10:45,0
2026-03-29 11:00,0
2026-03-29 11:30,0
2026-03-29 11:45,0
2026-03-29 12:15,0
2026-03-29 12:30,0
2026-03-29 13:00,0
2026-03-29 13:33,0
2026-03-29 14:00,0
2026-03-29 14:48,0
2026-03-29 15:00,0
2026-03-29 15:59,0
2026-03-29 16:00,0
2026-03-29 16:33,0
2026-03-29 16:45,0
2026-03-29 17:45,0
2026-03-29 18:28,0
2026-03-29 18:30,0
2026-03-29 18:45,0
2026-03-29 19:00,0
2026-03-29 19:15,0
2026-03-29 19:30,0
2026-03-29 19:45,0
2026-03-29 20:00,0
2026-03-29 20:15,0
2026-03-29 20:30,0
2026-03-29 20:45,0
2026-03-29 21:15,0
2026-03-29 21:30,0
2026-03-29 22:18,0
2026-03-29 22:30,0
2026-03-29 22:45,0
2026-03-29 23:00,0
2026-03-29 23:15,0
2026-03-29 23:30,0
2026-03-30 00:00,0
2026-03-30 00:15,0
2026-03-30 00:30,0
2026-03-30 01:00,0
2026-03-30 01:15,0
2026-03-30 01:45,0
2026-03-30 02:00,0
2026-03-30 02:15,0
2026-03-30 02:30,0
2026-03-30 02:45,0
2026-03-30 03:15,0
2026-03-30 03:45,0
2026-03-30 04:00,0
2026-03-30 04:30,0
2026-03-30 04:45,0
2026-03-30 05:00,0
2026-03-30 05:30,0
2026-03-30 05:45,0
2026-03-30 06:00,0
2026-03-30 06:30,0
2026-03-30 06:45,0
2026-03-30 07:00,0
2026-03-30 07:15,0
2026-03-30 07:30,0
2026-03-30 07:45,0
2026-03-30 08:00,0
2026-03-30 08:15,0
2026-03-30 08:45,0
2026-03-30 09:00,0
2026-03-30 09:15,0
2026-03-30 09:30,0
2026-03-30 09:45,0
2026-03-30 10:00,0
2026-03-30 10:30,0
2026-03-30 10:45,0
2026-03-30 11:00,0
2026-03-30 11:50,0
2026-03-30 12:00,0
2026-03-30 12:15,0
2026-03-30 12:30,0
2026-03-30 13:00,0
2026-03-30 13:15,0
2026-03-30 13:30,0
2026-03-30 13:45,0
2026-03-30 14:00,0
2026-03-30 14:15,0
2026-03-30 15:15,0
2026-03-30 15:30,0
2026-03-30 15:45,0
2026-03-30 16:15,0
2026-03-30 16:30,0
2026-03-30 16:45,0
2026-03-30 17:00,0
2026-03-30 17:15,0
2026-03-30 17:30,0
2026-03-30 17:45,0
2026-03-30 18:15,0
2026-03-30 18:30,0
2026-03-30 19:06,0
2026-03-30 19:15,0
2026-03-30 19:30,0
2026-03-30 19:45,0
2026-03-30 20:00,0
2026-03-30 20:15,0
2026-03-30 20:30,0
2026-03-30 20:45,0
2026-03-30 21:00,0
2026-03-30 21:15,0
2026-03-30 21:30,0
2026-03-30 22:00,0
2026-03-30 22:15,0
2026-03-30 22:30,0
2026-03-30 22:45,0
2026-03-30 23:00,0
2026-03-30 23:30,0
2026-03-30 23:45,0
2026-03-31 00:00,0
2026-03-31 00:15,0
2026-03-31 00:30,0
2026-03-31 00:45,0
2026-03-31 01:15,0
2026-03-31 01:30,0
2026-03-31 01:45,0
2026-03-31 02:15,0
2026-03-31 02:30,0
2026-03-31 02:45,0
2026-03-31 03:00,0
2026-03-31 03:15,0
2026-03-31 03:30,0
2026-03-31 03:45,0
2026-03-31 04:15,0
2026-03-31 04:30,0
2026-03-31 04:45,0
2026-03-31 05:00,0
2026-03-31 05:15,0
2026-03-31 05:45,0
2026-03-31 06:00,0
2026-03-31 06:15,0
2026-03-31 06:45,0
2026-03-31 07:00,0
2026-03-31 07:15,0
2026-03-31 07:30,0
2026-03-31 08:00,0
2026-03-31 08:15,0
2026-03-31 08:45,0
2026-03-31 09:00,0
2026-03-31 09:15,0
2026-03-31 09:30,0
2026-03-31 10:00,0
2026-03-31 10:15,0
2026-03-31 10:45,0
2026-03-31 11:30,0
2026-03-31 12:10,0
2026-03-31 12:15,0
2026-03-31 14:30,0
2026-03-31 15:49,0
2026-03-31 16:35,0
2026-03-31 17:30,0
2026-03-31 17:45,0
2026-03-31 18:53,0
2026-03-31 19:24,0
2026-03-31 20:00,0
2026-03-31 20:15,0
2026-03-31 20:30,0
2026-03-31 21:26,0
2026-03-31 23:11,0
2026-04-01 00:12,0
2026-04-01 00:15,0
2026-04-01 00:30,0
2026-04-01 00:45,0
2026-04-01 01:55,0
2026-04-01 02:00,0
2026-04-01 02:15,0
2026-04-01 02:58,0
2026-04-01 03:15,0
2026-04-01 04:10,0
2026-04-01 05:00,0
2026-04-01 05:30,0
2026-04-01 05:45,0
2026-04-01 06:39,0
2026-04-01 06:58,0
2026-04-01 07:15,0
2026-04-01 07:30,0
2026-04-01 07:45,0
2026-04-01 08:15,0
2026-04-01 08:30,0
2026-04-01 08:45,0
2026-04-01 09:15,0
2026-04-01 09:30,0
2026-04-01 09:45,0
2026-04-01 10:15,0
2026-04-01 10:30,0
2026-04-01 10:45,0
2026-04-01 11:15,0
2026-04-01 11:30,0
2026-04-01 11:45,0
2026-04-01 12:00,0
2026-04-01 12:15,0
2026-04-01 12:30,0
2026-04-01 12:45,0
2026-04-01 13:00,0
2026-04-01 13:15,0
2026-04-01 13:30,0
2026-04-01 14:00,0
2026-04-01 14:30,0
2026-04-01 14:45,0
2026-04-01 15:00,0
2026-04-01 15:15,0
2026-04-01 15:58,0
2026-04-01 17:45,0
2026-04-01 19:51,0
2026-04-02 14:46,0
2026-04-02 15:21,0
2026-04-02 18:11,0
2026-04-03 05:55,0
2026-04-03 10:00,0
2026-04-03 10:48,0
2026-04-03 13:07,0
2026-04-03 14:16,0
2026-04-03 16:47,0
2026-04-03 17:15,0
2026-04-03 17:30,0
2026-04-03 18:00,0
2026-04-03 18:53,0
2026-04-04 00:45,0
2026-04-04 01:00,0
2026-04-04 01:44,0
2026-04-04 01:45,0
2026-04-04 02:00,0
2026-04-04 02:30,0
2026-04-04 03:00,0
2026-04-04 03:15,0
2026-04-04 03:30,0
2026-04-04 04:17,0
2026-04-04 04:45,0
2026-04-04 06:45,0
2026-04-04 09:00,0
2026-04-04 10:23,0
2026-04-04 10:44,0
2026-04-04 10:45,0
2026-04-04 12:45,0
2026-04-04 13:00,0
2026-04-04 15:00,0
2026-04-04 15:18,0
2026-04-04 16:00,0
2026-04-04 17:01,0
2026-04-04 23:45,0
2026-04-05 00:00,0
2026-04-05 00:30,0
2026-04-05 02:03,0
2026-04-05 02:43,0
2026-04-05 03:45,0
2026-04-05 04:00,0
2026-04-05 04:15,0
2026-04-05 04:30,0
2026-04-05 04:45,0
2026-04-05 05:16,0
2026-04-05 05:30,0
2026-04-05 06:49,0
2026-04-05 07:45,0
2026-04-05 08:45,0
2026-04-05 09:00,0
2026-04-05 09:15,0
2026-04-05 10:15,0
2026-04-05 10:58,0
2026-04-05 11:00,0
2026-04-05 11:15,0
2026-04-05 11:47,0
2026-04-05 14:55,0
2026-04-05 17:45,0
2026-04-05 18:58,0
2026-04-05 19:00,0
2026-04-05 20:25,0
2026-04-05 23:14,0
2026-04-05 23:15,0
2026-04-06 00:44,0
2026-04-06 01:34,0
2026-04-06 01:45,0
2026-04-06 02:45,0
2026-04-06 03:00,0
2026-04-06 03:35,0
2026-04-06 03:49,0
2026-04-06 04:30,0
2026-04-06 05:00,0
2026-04-06 05:15,0
2026-04-06 06:03,0
2026-04-06 06:53,0
2026-04-06 07:00,0
2026-04-06 07:15,0
2026-04-06 07:30,0
2026-04-06 07:45,0
2026-04-06 08:34,0
2026-04-06 08:45,0
2026-04-06 09:00,0
2026-04-06 09:30,0
2026-04-06 09:45,0
2026-04-06 10:15,0
2026-04-06 11:00,0
2026-04-06 11:35,0
2026-04-06 11:45,0
2026-04-06 12:00,0
2026-04-06 13:05,0
2026-04-06 15:33,0
2026-04-06 17:00,0
2026-04-06 17:45,0
2026-04-06 18:19,0
2026-04-06 18:34,0
2026-04-06 18:51,0
2026-04-06 19:15,0
2026-04-06 19:30,0
2026-04-06 21:44,0
2026-04-06 22:51,0
2026-04-06 23:00,0
2026-04-06 23:35,0
2026-04-07 00:16,0
2026-04-07 00:30,0
2026-04-07 01:00,0
2026-04-07 02:29,0
2026-04-07 02:30,0
2026-04-07 02:45,0
2026-04-07 03:00,0
2026-04-07 03:15,0
2026-04-07 03:30,0
2026-04-07 03:45,0
2026-04-07 04:21,0
2026-04-07 04:45,0
2026-04-07 05:22,0
2026-04-07 05:45,0
2026-04-07 06:00,0
2026-04-07 06:15,0
2026-04-07 06:30,0
2026-04-07 06:45,0
2026-04-07 07:00,0
2026-04-07 07:30,0
2026-04-07 07:45,0
2026-04-07 08:00,0
2026-04-07 08:15,0
2026-04-07 09:18,0
2026-04-07 09:30,0
2026-04-07 10:16,0
2026-04-07 10:30,0
2026-04-07 10:45,0
2026-04-07 11:00,0
2026-04-07 12:09,0
2026-04-07 13:15,0
2026-04-07 13:30,0
2026-04-07 14:44,0
2026-04-07 14:45,0
2026-04-07 15:00,0
2026-04-07 15:30,0
2026-04-07 17:00,0
2026-04-07 17:15,0
2026-04-07 18:16,0
2026-04-07 18:30,0
2026-04-07 19:18,0
2026-04-08 04:17,0
2026-04-08 05:15,0
2026-04-08 07:45,0
2026-04-09 13:18,0
2026-04-09 14:50,0
2026-04-09 15:40,0
2026-04-09 16:24,0
2026-04-10 06:43,0
2026-04-10 07:08,0
2026-04-10 08:00,0
2026-04-10 14:30,0
2026-04-10 17:17,0
2026-04-10 17:53,0
2026-04-10 18:00,0
2026-04-10 18:15,0
2026-04-10 18:55,0
2026-04-10 19:00,0
2026-04-10 19:15,0
2026-04-10 19:30,0
2026-04-10 19:45,0
2026-04-10 20:00,0
2026-04-10 20:15,0
2026-04-10 20:56,0
2026-04-10 21:00,0
2026-04-10 21:15,0
2026-04-10 21:30,0
2026-04-10 21:45,0
2026-04-10 22:00,0
2026-04-10 22:40,0
2026-04-10 22:45,0
2026-04-10 23:00,0
2026-04-10 23:15,0
2026-04-11 00:30,0
2026-04-11 00:45,0
2026-04-11 01:00,0
2026-04-11 01:41,0
2026-04-11 01:45,0
2026-04-11 02:15,0
2026-04-11 02:30,0
2026-04-11 02:45,0
2026-04-11 03:00,0
2026-04-11 03:15,0
2026-04-11 03:30,0
2026-04-11 03:45,0
2026-04-11 04:00,0
2026-04-11 04:30,0
2026-04-11 04:45,0
2026-04-11 05:00,0
2026-04-11 05:15,0
2026-04-11 05:30,0
2026-04-11 05:45,0
2026-04-11 06:00,0
2026-04-11 06:15,0
2026-04-11 07:08,0
2026-04-11 07:30,0
2026-04-11 07:45,0
2026-04-11 08:15,0
2026-04-11 08:30,0
2026-04-11 08:45,0
2026-04-11 09:00,0
2026-04-11 09:15,0
2026-04-11 09:30,0
2026-04-11 09:45,0
2026-04-11 10:30,0
2026-04-11 10:45,0
2026-04-11 11:00,0
2026-04-11 11:15,0
2026-04-11 11:45,0
2026-04-11 12:20,0
2026-04-11 13:00,0
2026-04-11 14:00,0
2026-04-11 14:23,0
2026-04-11 14:30,0
2026-04-11 15:15,0
2026-04-11 16:45,0
2026-04-11 18:05,0
2026-04-11 19:35,0
2026-04-11 20:23,0
2026-04-11 20:30,0
2026-04-11 20:45,0
2026-04-11 21:15,0
2026-04-11 21:30,0
2026-04-11 22:15,0
2026-04-11 22:59,0
2026-04-11 23:15,0
2026-04-11 23:30,0
2026-04-11 23:59,0
2026-04-12 00:00,0
2026-04-12 00:15,0
2026-04-12 01:00,0
2026-04-12 01:15,0
2026-04-12 01:30,0
2026-04-12 01:45,0
2026-04-12 02:15,0
2026-04-12 03:14,0
2026-04-12 10:45,0.34
2026-04-12 11:45,0.32
2026-04-12 12:00,0.32
2026-04-12 13:37,0.2
2026-04-12 14:21,0.16
2026-04-12 16:15,0.07
2026-04-12 16:30,0.05
2026-04-12 17:19,0.05
2026-04-12 19:24,0.05
2026-04-12 20:08,0.05
2026-04-12 21:35,0.04
2026-04-12 22:45,0.04
2026-04-12 23:37,0.04
2026-04-13 00:20,0.04
2026-04-13 00:30,0.04
2026-04-13 00:45,0.04
2026-04-13 01:50,0.04
2026-04-13 02:24,0.04
2026-04-13 03:30,0.04
2026-04-13 04:15,0.04
2026-04-13 04:58,0.04
2026-04-13 06:10,0.04
2026-04-13 06:15,0.04
2026-04-13 07:03,0.04
2026-04-13 07:15,0.04
2026-04-13 08:11,0.04
2026-04-13 10:10,0.04
2026-04-13 12:15,0.04
2026-04-13 12:45,0.04
2026-04-13 15:28,0.04
2026-04-13 15:45,0.04
2026-04-13 16:59,0.04
2026-04-13 17:20,0.04
2026-04-13 17:30,0.04
2026-04-13 18:04,0.04
2026-04-13 18:15,0.04
2026-04-13 18:30,0.04
2026-04-13 18:45,0.04
2026-04-13 19:00,0.04
2026-04-13 20:02,0.04
2026-04-13 20:45,0.04
2026-04-13 21:42,0.04
2026-04-13 21:45,0.04
2026-04-13 22:20,0.04
2026-04-13 22:35,0.04
2026-04-13 23:08,0.04
2026-04-13 23:15,0.04
2026-04-13 23:51,0.04
2026-04-14 00:15,0.04
2026-04-14 00:30,0.04
2026-04-14 00:45,0.04
2026-04-14 01:48,0.04
2026-04-14 02:30,0.04
2026-04-14 10:30,0.04
2026-04-14 12:45,0.04
2026-04-14 13:00,0.04
2026-04-14 13:15,0.04
2026-04-14 13:30,0.04
2026-04-14 13:45,0.04
2026-04-14 14:00,0.04
2026-04-14 15:49,0.04
2026-04-14 16:21,0.04
2026-04-14 16:36,0.04
2026-04-14 17:06,0.04
2026-04-14 17:15,0.04
2026-04-14 18:13,0.04
2026-04-14 18:15,0.04
2026-04-14 18:30,0.04
2026-04-14 19:06,0.04
2026-04-15 04:38,0
2026-04-15 07:00,0.03
2026-04-15 09:48,0.03
2026-04-15 10:00,0.03
2026-04-15 12:30,0.03
2026-04-15 14:17,0.03
2026-04-15 15:06,0.03
2026-04-15 15:23,0.03
2026-04-15 16:18,0.03
2026-04-15 17:44,0.03
2026-04-15 18:15,0.03
2026-04-15 19:02,0.03
2026-04-15 19:30,0.03
2026-04-15 20:46,0.03
2026-04-15 22:35,0.03
2026-04-16 03:38,0.03
2026-04-16 03:45,0.03
2026-04-16 04:24,0.03
2026-04-16 04:30,0.03
2026-04-16 04:45,0.03
2026-04-16 05:00,0.03
2026-04-16 05:15,0.03
2026-04-16 05:30,0.03
2026-04-16 06:00,0.03
2026-04-16 06:40,0.03
2026-04-16 07:21,0.03
2026-04-16 07:45,0.03
2026-04-16 08:00,0.03
2026-04-16 08:45,0.03
2026-04-16 11:36,0.03
2026-04-16 11:52,0.03
2026-04-16 12:50,0.03
2026-04-16 13:05,0.03
2026-04-16 13:15,0.03
2026-04-16 17:15,0.03
2026-04-16 17:45,0.03
2026-04-16 18:32,0.03
2026-04-16 18:52,0.03
2026-04-17 10:45,0.02
2026-04-17 11:29,0.02
2026-04-17 11:55,0
2026-04-17 13:07,0
2026-04-17 13:35,0
2026-04-17 14:15,0
2026-04-17 14:30,0
2026-04-17 15:45,0
2026-04-17 16:00,0
2026-04-17 16:15,0
2026-04-17 16:30,0
2026-04-17 17:15,0
2026-04-17 17:30,0
2026-04-17 17:45,0
2026-04-17 19:45,0
2026-04-17 21:15,0
2026-04-17 21:58,0
2026-04-17 22:00,0
2026-04-17 22:46,0
2026-04-17 23:47,0
2026-04-18 01:30,0
2026-04-18 01:45,0
2026-04-18 02:00,0
2026-04-18 02:46,0
2026-04-18 04:06,0
2026-04-18 04:50,0
2026-04-18 05:00,0
2026-04-18 05:15,0
2026-04-18 05:30,0
2026-04-18 05:45,0
2026-04-18 06:00,0
2026-04-18 06:15,0
2026-04-18 06:30,0
2026-04-18 06:45,0
2026-04-18 07:28,0
2026-04-18 07:30,0
2026-04-18 07:45,0
2026-04-18 08:19,0
2026-04-18 08:30,0
2026-04-18 08:45,0
2026-04-18 09:00,0
2026-04-18 10:15,0
2026-04-18 10:30,0
2026-04-18 10:45,0
2026-04-18 11:00,0
2026-04-18 11:45,0
2026-04-18 12:00,0
2026-04-18 12:47,0
2026-04-18 13:00,0
2026-04-18 13:15,0
2026-04-18 13:30,0
2026-04-18 14:15,0
2026-04-18 15:15,0
2026-04-18 15:30,0
2026-04-18 16:03,0
2026-04-18 16:30,0
2026-04-18 18:15,0
2026-04-18 19:00,0
2026-04-18 19:34,0
2026-04-18 19:49,0
2026-04-18 20:29,0
2026-04-18 20:30,0
2026-04-18 20:45,0
2026-04-18 21:18,0
2026-04-18 22:00,0
2026-04-18 22:15,0
2026-04-18 22:30,0
2026-04-18 22:45,0
2026-04-18 23:00,0
2026-04-19 00:00,0
2026-04-19 00:15,0
2026-04-19 00:52,0
2026-04-19 01:21,0
2026-04-19 01:37,0
2026-04-19 02:00,0
2026-04-19 02:15,0
2026-04-19 02:30,0
2026-04-19 02:45,0
2026-04-19 03:24,0
2026-04-19 03:50,0
2026-04-19 04:00,0
2026-04-19 04:37,0
2026-04-19 04:45,0
2026-04-19 05:15,0
2026-04-19 05:45,0
2026-04-19 06:00,0
2026-04-19 06:15,0
2026-04-19 06:45,0
2026-04-19 07:00,0
2026-04-19 07:15,0
2026-04-19 07:30,0
2026-04-19 07:45,0
2026-04-19 08:00,0
2026-04-19 08:15,0
2026-04-19 08:30,0
2026-04-19 08:45,0
2026-04-19 09:00,0
2026-04-19 09:15,0
2026-04-19 09:30,0
2026-04-19 10:03,0
2026-04-19 10:18,0
2026-04-19 10:52,0
2026-04-19 11:20,0
2026-04-19 11:51,0
2026-04-19 12:07,0
2026-04-19 13:30,0
2026-04-19 14:06,0
2026-04-19 16:04,0
2026-04-19 17:04,0
2026-04-19 17:34,0
2026-04-19 17:45,0
2026-04-19 18:18,0
2026-04-19 18:30,0
2026-04-19 18:45,0
2026-04-19 19:28,0
2026-04-19 19:30,0
2026-04-19 19:45,0
2026-04-19 20:00,0
2026-04-19 20:30,0
2026-04-19 20:45,0
2026-04-19 21:00,0
2026-04-19 21:15,0
2026-04-19 21:30,0
2026-04-19 21:45,0
2026-04-19 22:19,0
2026-04-19 22:30,0
2026-04-19 22:45,0
2026-04-19 23:00,0
2026-04-19 23:15,0
2026-04-19 23:30,0
2026-04-19 23:45,0
2026-04-20 00:00,0
2026-04-20 00:15,0
2026-04-20 00:50,0
2026-04-20 01:16,0
2026-04-20 01:30,0
2026-04-20 01:45,0
2026-04-20 02:00,0
2026-04-20 02:15,0
2026-04-20 02:30,0
2026-04-20 02:45,0
2026-04-20 03:00,0
2026-04-20 03:15,0
2026-04-20 03:30,0
2026-04-20 03:45,0
2026-04-20 04:00,0
2026-04-20 04:15,0
2026-04-20 04:30,0
2026-04-20 04:45,0
2026-04-20 05:00,0
2026-04-20 05:15,0
2026-04-20 05:30,0
2026-04-20 06:00,0
2026-04-20 06:15,0
2026-04-20 06:30,0
2026-04-20 06:45,0
2026-04-20 07:00,0
2026-04-20 07:15,0
2026-04-20 07:30,0
2026-04-20 07:45,0
2026-04-20 08:00,0
2026-04-20 08:15,0
2026-04-20 08:30,0
2026-04-20 08:45,0
2026-04-20 09:00,0
2026-04-20 09:15,0
2026-04-20 09:30,0
2026-04-20 10:04,0
2026-04-20 10:15,0
2026-04-20 10:30,0
2026-04-20 10:45,0
2026-04-20 11:00,0
2026-04-20 11:15,0
2026-04-20 11:45,0
2026-04-20 12:00,0
2026-04-20 15:15,0
2026-04-20 16:15,0
2026-04-20 16:30,0
2026-04-20 17:16,0
2026-04-20 18:18,0
2026-04-20 18:30,0
2026-04-20 18:45,0
2026-04-20 19:00,0
2026-04-20 19:34,0
2026-04-20 19:45,0
2026-04-20 20:00,0
2026-04-20 20:15,0
2026-04-20 20:53,0
2026-04-20 22:06,0
2026-04-20 22:15,0
2026-04-20 22:30,0
2026-04-20 22:45,0
2026-04-20 23:00,0
2026-04-20 23:15,0
2026-04-20 23:30,0
2026-04-20 23:45,0
2026-04-21 00:00,0
2026-04-21 00:15,0
2026-04-21 00:51,0
2026-04-21 01:00,0
2026-04-21 01:37,0
2026-04-21 01:45,0
2026-04-21 02:00,0
2026-04-21 02:15,0
2026-04-21 02:30,0
2026-04-21 02:45,0
2026-04-21 03:00,0
2026-04-21 03:15,0
2026-04-21 03:30,0
2026-04-21 03:45,0
2026-04-21 04:00,0
2026-04-21 04:15,0
2026-04-21 04:30,0
2026-04-21 04:45,0
2026-04-21 05:00,0
2026-04-21 05:15,0
2026-04-21 05:30,0
2026-04-21 05:45,0
2026-04-21 06:00,0
2026-04-21 06:15,0
2026-04-21 06:30,0
2026-04-21 06:45,0
2026-04-21 07:00,0
2026-04-21 07:15,0
2026-04-21 07:30,0
2026-04-21 07:45,0
2026-04-21 08:18,0
2026-04-21 09:14,0
2026-04-21 09:15,0
2026-04-21 09:45,0
2026-04-21 10:00,0
2026-04-21 10:15,0
2026-04-21 10:45,0
2026-04-21 11:00,0
2026-04-21 11:15,0
2026-04-21 11:30,0
2026-04-21 12:05,0
2026-04-21 12:15,0
2026-04-21 12:30,0
2026-04-21 12:45,0
2026-04-21 13:00,0
2026-04-21 14:30,0
2026-04-21 14:45,0
2026-04-21 15:00,0
2026-04-21 16:07,0
2026-04-21 16:59,0
2026-04-21 17:29,0
2026-04-21 18:29,0
2026-04-21 18:30,0
2026-04-21 19:03,0
2026-04-21 19:44,0
2026-04-21 19:45,0
2026-04-21 20:00,0
2026-04-21 20:15,0
2026-04-21 20:30,0
2026-04-21 20:45,0
2026-04-21 21:00,0
2026-04-21 21:15,0
2026-04-21 22:00,0
2026-04-21 22:15,0
2026-04-21 22:30,0
2026-04-21 22:45,0
2026-04-21 23:00,0
2026-04-21 23:15,0
2026-04-21 23:30,0
2026-04-21 23:45,0
2026-04-22 00:00,0
2026-04-22 00:15,0
2026-04-22 00:30,0
2026-04-22 00:45,0
2026-04-22 01:00,0
2026-04-22 01:15,0
2026-04-22 02:13,0
2026-04-22 02:15,0
2026-04-22 02:30,0
2026-04-22 02:45,0
2026-04-22 03:00,0
2026-04-22 03:15,0
2026-04-22 03:30,0
2026-04-22 04:05,0
2026-04-22 05:00,0
2026-04-22 05:15,0
2026-04-22 05:30,0
2026-04-22 05:45,0
2026-04-22 06:32,0
2026-04-22 06:49,0
2026-04-22 07:00,0
2026-04-22 07:15,0
2026-04-22 07:48,0
2026-04-22 08:18,0
2026-04-22 08:34,0
2026-04-22 09:17,0
2026-04-22 09:35,0
2026-04-22 09:45,0
2026-04-22 10:00,0
2026-04-22 10:59,0
2026-04-22 11:00,0
2026-04-22 11:15,0
2026-04-22 11:30,0
2026-04-22 12:05,0
2026-04-22 12:58,0
2026-04-22 13:00,0
2026-04-22 13:15,0
2026-04-22 15:00,0
2026-04-22 15:21,0
2026-04-22 17:00,0
2026-04-22 17:49,0
2026-04-22 18:03,0
2026-04-22 18:19,0
2026-04-22 20:14,0
2026-04-22 20:51,0
2026-04-22 22:31,0
2026-04-22 23:19,0
2026-04-23 00:15,0
2026-04-23 01:15,0
2026-04-23 02:34,0
2026-04-23 04:01,0
2026-04-23 06:30,0
2026-04-23 08:20,0
2026-04-23 08:34,0
2026-04-23 09:06,0
2026-04-23 09:45,0
2026-04-23 10:45,0
2026-04-23 11:00,0
2026-04-23 12:00,0
2026-04-23 12:59,0
2026-04-23 13:00,0
2026-04-23 14:20,0
2026-04-23 15:05,0
2026-04-23 15:32,0
2026-04-23 16:57,0
2026-04-23 18:00,0
2026-04-23 18:45,0
2026-04-23 19:19,0
2026-04-23 19:35,0
2026-04-23 19:45,0
2026-04-23 20:00,0
2026-04-23 20:15,0
2026-04-23 20:30,0
2026-04-23 20:45,0
2026-04-23 21:00,0
2026-04-23 21:45,0
2026-04-23 22:00,0
2026-04-23 23:30,0
2026-04-24 00:03,0
2026-04-24 00:45,0
2026-04-24 01:18,0
2026-04-24 01:33,0
2026-04-24 02:20,0
2026-04-24 03:03,0
2026-04-24 03:30,0
2026-04-24 05:45,0
2026-04-24 06:00,0
2026-04-24 06:15,0
2026-04-24 06:30,0
2026-04-24 07:14,0
2026-04-24 07:15,0
2026-04-24 07:30,0
2026-04-24 08:30,0
2026-04-24 08:45,0
2026-04-24 09:19,0
2026-04-24 09:34,0
2026-04-24 10:12,0
2026-04-24 12:20,0
2026-04-24 13:20,0
2026-04-24 15:04,0
2026-04-24 15:45,0
2026-04-24 16:15,0
2026-04-24 17:33,0
2026-04-24 18:29,0
2026-04-24 18:30,0
2026-04-24 18:45,0
2026-04-24 19:00,0
2026-04-24 19:15,0
2026-04-24 19:30,0
2026-04-24 20:03,0
2026-04-24 20:15,0
2026-04-24 20:45,0
2026-04-24 21:00,0
2026-04-24 21:34,0
2026-04-24 21:45,0
2026-04-24 22:00,0
2026-04-24 22:15,0
2026-04-24 22:30,0
2026-04-24 22:45,0
2026-04-24 23:29,0
2026-04-24 23:30,0
2026-04-25 00:03,0
2026-04-25 00:34,0
2026-04-25 01:04,0
2026-04-25 01:45,0
2026-04-25 03:04,0
2026-04-25 03:31,0
2026-04-25 03:52,0
2026-04-25 04:15,0
2026-04-25 04:30,0
2026-04-25 05:04,0
2026-04-25 05:57,0
2026-04-25 06:00,0
2026-04-25 06:43,0
2026-04-25 08:20,0
2026-04-25 08:50,0
2026-04-25 09:00,0
2026-04-25 09:15,0
2026-04-25 09:30,0
2026-04-25 10:19,0
2026-04-25 11:14,0
2026-04-25 11:15,0
2026-04-25 13:03,0
2026-04-25 14:34,0
2026-04-25 15:28,0
2026-04-25 17:13,0
2026-04-25 18:00,0
2026-04-25 18:15,0
2026-04-25 19:00,0
2026-04-25 20:00,0
2026-04-25 20:45,0
2026-04-25 21:00,0
2026-04-25 21:35,0
2026-04-25 21:45,0
2026-04-25 22:37,0
2026-04-25 23:06,0
2026-04-25 23:36,0
2026-04-25 23:50,0
2026-04-26 00:22,0
2026-04-26 00:30,0
2026-04-26 00:45,0
2026-04-26 01:00,0
2026-04-26 01:15,0
2026-04-26 01:30,0
2026-04-26 01:45,0
2026-04-26 02:00,0
2026-04-26 02:15,0
2026-04-26 02:30,0
2026-04-26 02:45,0
2026-04-26 03:00,0
2026-04-26 04:30,0
2026-04-26 05:15,0
2026-04-26 06:02,0
2026-04-26 06:15,0
2026-04-26 06:30,0
2026-04-26 06:45,0
2026-04-26 07:00,0
2026-04-26 07:15,0
2026-04-26 08:03,0
2026-04-26 08:57,0
2026-04-26 09:29,0
2026-04-26 09:30,0
2026-04-26 09:45,0
2026-04-26 10:00,0
2026-04-26 10:30,0
2026-04-26 11:00,0
2026-04-26 11:15,0
2026-04-26 11:30,0
2026-04-26 12:05,0
2026-04-26 12:15,0
2026-04-26 12:30,0
2026-04-26 12:45,0
2026-04-26 13:21,0
2026-04-26 13:51,0
2026-04-26 14:00,0
2026-04-26 14:45,0
2026-04-26 15:15,0
2026-04-26 15:30,0
2026-04-26 15:45,0
2026-04-26 16:00,0
2026-04-26 16:15,0
2026-04-26 16:30,0
2026-04-26 17:22,0
2026-04-26 17:36,0
2026-04-26 18:36,0
2026-04-26 18:45,0
2026-04-26 19:00,0
2026-04-26 19:37,0
2026-04-26 19:45,0
2026-04-26 20:35,0
2026-04-26 21:03,0
2026-04-26 21:30,0
2026-04-26 22:04,0
2026-04-26 22:45,0
2026-04-26 23:00,0
2026-04-27 00:00,0
2026-04-27 02:35,0
2026-04-27 03:16,0
2026-04-27 04:19,0
2026-04-27 04:30,0
2026-04-27 05:17,0
2026-04-27 05:30,0
2026-04-27 06:06,0
2026-04-27 06:21,0
2026-04-27 12:35,0
2026-04-27 13:43,0
2026-04-27 14:30,0
2026-04-27 15:16,0
2026-04-27 16:01,0
2026-04-27 16:32,0
2026-04-27 16:45,0
2026-04-27 17:19,0
2026-04-27 17:50,0
2026-04-27 18:34,0
2026-04-27 19:29,0
2026-04-27 19:30,0
2026-04-27 19:45,0
2026-04-27 20:18,0
2026-04-27 20:30,0
2026-04-27 20:45,0
2026-04-27 21:00,0
2026-04-27 21:15,0
2026-04-27 21:30,0
2026-04-27 21:45,0
2026-04-27 22:00,0
2026-04-27 22:15,0
2026-04-27 23:15,0
2026-04-27 23:30,0
2026-04-28 00:04,0
2026-04-28 00:15,0
2026-04-28 00:30,0
2026-04-28 00:45,0
2026-04-28 01:19,0
2026-04-28 02:15,0
2026-04-28 02:30,0
2026-04-28 03:30,0
2026-04-28 04:35,0
2026-04-28 04:45,0
2026-04-28 05:30,0
2026-04-28 06:07,0
2026-04-28 08:00,0
2026-04-28 10:27,0
2026-04-28 13:15,0
2026-04-28 13:30,0
2026-04-28 14:07,0
2026-04-28 14:33,0
2026-04-28 16:30,0
2026-04-28 18:45,0
2026-04-28 21:30,0
2026-04-28 21:45,0
2026-04-28 22:30,0
2026-04-28 22:49,0
2026-04-28 23:19,0
2026-04-29 00:05,0
2026-04-29 00:30,0
2026-04-29 01:00,0
2026-04-29 01:46,0
2026-04-29 02:21,0
2026-04-29 03:00,0
2026-04-29 03:15,0
2026-04-29 03:30,0
2026-04-29 03:45,0
2026-04-29 04:00,0
2026-04-29 04:15,0
2026-04-29 04:30,0
2026-04-29 04:45,0
2026-04-29 05:00,0
2026-04-29 05:15,0
2026-04-29 05:48,0
2026-04-29 06:20,0
2026-04-29 06:34,0
2026-04-29 07:07,0
2026-04-29 07:15,0
2026-04-29 08:14,0
2026-04-29 08:15,0
2026-04-29 09:13,0
2026-04-29 09:15,0
2026-04-29 09:49,0
2026-04-29 10:00,0
2026-04-29 10:44,0
2026-04-29 11:06,0
2026-04-29 11:36,0
2026-04-29 12:15,2.03
2026-04-29 12:30,2.03
2026-04-29 12:45,2.03
2026-04-29 13:47,0.32
2026-04-29 15:07,0.76
2026-04-29 17:02,0.69
2026-04-29 17:30,0.69
2026-04-29 18:30,0.69
2026-04-30 11:45,1.13
2026-04-30 12:00,1.13
2026-04-30 12:15,1.13
2026-04-30 12:30,1.13
2026-04-30 13:16,1.13
2026-04-30 14:15,1.13
2026-04-30 14:30,1.13
2026-04-30 14:45,1.13
2026-04-30 16:32,1.13
2026-04-30 16:51,1.13
2026-04-30 17:00,0.25
2026-04-30 17:15,0.25
2026-04-30 17:51,0.25
2026-04-30 18:51,0.23
2026-04-30 23:30,0.03
2026-05-01 01:30,0.02
2026-05-01 01:45,0.02
2026-05-01 02:00,0.02
2026-05-01 02:15,0.02
2026-05-01 02:30,0.02
2026-05-01 03:05,0.02
2026-05-01 03:15,0.02
2026-05-01 03:30,0.02
2026-05-01 03:45,0.02
2026-05-01 04:00,0.02
2026-05-01 04:15,0.02
2026-05-01 04:30,0.02
2026-05-01 04:45,0.02
2026-05-01 05:00,0.02
2026-05-01 05:15,0.02
2026-05-01 05:30,0.02
2026-05-01 05:45,0.02
2026-05-01 06:00,0.02
2026-05-01 06:15,0.02
2026-05-01 06:30,0.02
2026-05-01 06:45,0.02
2026-05-01 07:00,0.02
2026-05-01 07:15,0.02
2026-05-01 07:30,0.02
2026-05-01 07:45,0.02
2026-05-01 08:00,0.02
2026-05-01 08:15,0.02
2026-05-01 08:30,0.02
2026-05-01 13:38,1.3
2026-05-01 14:30,1.09
2026-05-01 15:15,1.01
2026-05-01 16:15,0.98
2026-05-01 16:30,0.98
2026-05-01 16:45,0.98
2026-05-01 17:00,0.98
2026-05-01 17:15,0.98
2026-05-01 17:30,1.01
2026-05-01 17:45,1.01
2026-05-01 18:00,1.01
2026-05-01 18:15,1.01
2026-05-01 18:30,1.01
2026-05-01 19:07,1.05
2026-05-01 19:25,1.05
2026-05-01 19:30,1.09
2026-05-01 20:08,1.13
2026-05-01 20:15,1.17
2026-05-01 20:30,1.17
2026-05-01 20:45,1.17
2026-05-01 21:00,1.17
2026-05-01 21:15,1.17
2026-05-01 21:56,1.17
2026-05-01 22:00,1.21
2026-05-01 22:15,1.25
2026-05-01 22:54,1.25
2026-05-01 23:08,1.25
2026-05-01 23:30,1.25
2026-05-01 23:45,1.25
2026-05-02 00:00,1.25
2026-05-02 01:18,1.21
2026-05-02 02:15,1.21
2026-05-02 02:30,1.21
2026-05-02 02:45,1.25
2026-05-02 03:00,1.25
2026-05-02 04:23,1.25
2026-05-02 04:38,1.25
2026-05-02 04:45,1.25
2026-05-02 05:00,1.25
2026-05-02 05:15,1.25
2026-05-02 05:30,1.3
2026-05-02 06:09,1.3
2026-05-02 06:15,1.3
2026-05-02 06:30,1.3
2026-05-02 06:45,1.3
2026-05-02 07:00,1.3
2026-05-02 07:15,1.3
2026-05-02 07:30,1.3
2026-05-02 07:45,1.3
2026-05-02 08:35,1.3
2026-05-02 09:23,1.3
2026-05-02 09:45,1.25
2026-05-02 14:47,1.25
2026-05-02 19:45,0.98
2026-05-02 21:23,0.98
2026-05-02 21:48,0.98
2026-05-02 22:00,0.94
2026-05-02 22:39,0.94
2026-05-02 22:45,0.94
2026-05-02 23:24,0.94
2026-05-02 23:30,0.94
2026-05-02 23:45,0.94
2026-05-03 00:30,0.94
2026-05-03 00:45,0.94
2026-05-03 01:00,0.94
2026-05-03 01:15,0.94
2026-05-03 01:30,0.94
2026-05-03 01:45,0.94
2026-05-03 02:00,0.94
2026-05-03 02:15,0.94
2026-05-03 02:54,0.94
2026-05-03 03:00,0.94
2026-05-03 03:15,0.94
2026-05-03 03:30,0.94
2026-05-03 03:45,0.94
2026-05-03 04:00,0.94
2026-05-03 04:15,0.94
2026-05-03 05:39,0.94
2026-05-03 05:45,0.94
2026-05-03 06:25,0.94
2026-05-03 06:45,0.9
2026-05-03 07:00,0.9
2026-05-03 07:41,0.9
2026-05-03 07:45,0.9
2026-05-03 08:00,0.9
2026-05-03 09:45,0.9
2026-05-03 11:06,0.9
2026-05-03 11:44,0.9
2026-05-03 12:06,0.87
2026-05-03 12:48,0.87
2026-05-03 14:15,0.8
2026-05-03 15:14,0.8
2026-05-03 15:15,0.8
2026-05-03 16:30,0.76
2026-05-03 17:04,0.76
2026-05-03 17:32,0.76
2026-05-03 18:00,0.76
2026-05-03 18:30,0.83
2026-05-03 18:45,0.8
2026-05-03 19:00,0.76
2026-05-03 20:00,0.63
2026-05-03 20:15,0.63
2026-05-03 20:30,0.6
2026-05-03 21:03,0.6
2026-05-03 22:30,0.6
2026-05-03 23:06,0.6
2026-05-03 23:36,0.6
2026-05-04 00:05,0.6
2026-05-04 00:36,0.6
2026-05-04 00:45,0.6
2026-05-04 01:00,0.6
2026-05-04 01:15,0.6
2026-05-04 03:00,0.6
2026-05-04 03:47,0.6
2026-05-04 04:21,0.6
2026-05-04 04:30,0.6
2026-05-04 04:45,0.6
2026-05-04 05:19,0.6
2026-05-04 05:30,0.6
2026-05-04 06:06,0.6
2026-05-04 06:15,0.6
2026-05-04 06:30,0.6
2026-05-04 06:45,0.6
2026-05-04 07:00,0.6
2026-05-04 07:15,0.6
2026-05-04 07:50,0.6
2026-05-04 08:06,0.6
2026-05-04 08:15,0.6
2026-05-04 08:30,0.6
2026-05-04 09:06,0.6
2026-05-04 09:21,0.6
2026-05-04 09:50,0.6
2026-05-04 10:00,0.6
2026-05-04 10:15,0.6
2026-05-04 11:00,0.6
2026-05-04 12:35,0.57
2026-05-04 16:00,0.45
2026-05-04 16:15,0.45
2026-05-04 16:51,0.45
2026-05-04 18:15,0.45
2026-05-04 18:30,0.45
2026-05-04 20:17,0.42
2026-05-04 21:15,0.42
2026-05-04 23:43,0.42
2026-05-04 23:45,0.42
2026-05-05 00:20,0.42
2026-05-05 01:29,0.42
2026-05-05 02:03,0.42
2026-05-05 02:15,0.42
2026-05-05 02:51,0.42
2026-05-05 03:00,0.42
2026-05-05 03:15,0.42
2026-05-05 04:16,0.42
2026-05-05 04:30,0.42
2026-05-05 04:45,0.42
2026-05-05 05:00,0.45
2026-05-05 06:15,0.45
2026-05-05 08:46,0.45
2026-05-05 09:00,0.45
2026-05-05 09:15,0.45
2026-05-05 09:30,0.45
2026-05-05 09:45,0.45
2026-05-05 10:00,0.45
2026-05-05 11:16,0.45
2026-05-05 11:34,0.42
2026-05-05 13:00,0.42
2026-05-05 13:52,0.39
2026-05-05 14:22,0.39
2026-05-05 14:52,0.39
2026-05-05 16:45,0.37
2026-05-05 17:00,0.37
2026-05-05 18:30,0.42
2026-05-05 19:36,0.39
2026-05-05 20:01,0.39
2026-05-05 20:15,0.42
2026-05-05 21:00,0.42
2026-05-05 21:30,0.45
2026-05-06 08:45,0.42
2026-05-06 10:20,0.42
2026-05-06 10:51,0.39
2026-05-06 11:21,0.39
2026-05-06 12:26,0.29
2026-05-06 12:30,0.23
2026-05-06 12:40,0.23
2026-05-06 13:45,0.2
2026-05-06 14:15,0.18
2026-05-06 14:30,0.16
2026-05-06 14:45,0.16
2026-05-06 15:00,0.15
2026-05-06 15:30,0.11
2026-05-06 15:45,0.13
2026-05-06 16:33,0.18
2026-05-06 17:19,0.16
2026-05-06 18:46,0.1
2026-05-06 23:21,0.03
2026-05-07 06:15,0.02
2026-05-07 09:35,0.02
2026-05-07 10:06,0.02
2026-05-07 10:40,0.02
2026-05-07 10:45,0.02
2026-05-07 11:00,0.02
2026-05-07 11:15,0.02
2026-05-07 11:45,0.02
2026-05-07 21:45,0.02
2026-05-07 22:55,0.02
2026-05-07 23:10,0.02
2026-05-08 00:26,0.02
2026-05-08 02:05,0.02
2026-05-08 02:15,0.02
2026-05-08 02:30,0.02
2026-05-08 02:45,0.02
2026-05-08 03:27,0.02
2026-05-08 03:30,0.02
2026-05-08 03:42,0.02
2026-05-08 03:45,0.02
2026-05-08 04:25,0.02
2026-05-08 04:30,0.02
2026-05-08 05:00,0.02
2026-05-08 05:15,0.02
2026-05-08 05:30,0.02
2026-05-08 06:15,0.02
2026-05-08 06:45,0.02
2026-05-08 07:36,0.02
2026-05-08 08:22,0.02
2026-05-08 11:15,0.02
2026-05-08 13:00,0.02
2026-05-08 20:00,0.02
2026-05-08 20:15,0.02
2026-05-08 21:08,0.02
2026-05-08 23:42,0.02
2026-05-08 23:55,0.02
2026-05-09 00:00,0.02
2026-05-09 00:52,0.02
2026-05-09 01:00,0.02
2026-05-09 01:15,0.02
2026-05-09 01:30,0.02
2026-05-09 01:45,0.02
2026-05-09 02:00,0.02
2026-05-09 02:15,0.02
2026-05-09 02:30,0.02
2026-05-09 02:45,0.02
2026-05-09 03:00,0.02
2026-05-09 03:55,0.02
2026-05-09 04:30,0.02
2026-05-09 05:12,0.02
2026-05-09 05:40,0.02
2026-05-09 06:13,0.02
2026-05-09 06:15,0.02
2026-05-09 06:45,0.02
2026-05-09 07:00,0.02
2026-05-09 07:30,0.02
2026-05-09 08:12,0.02
2026-05-09 08:15,0.02
2026-05-09 08:30,0.02
2026-05-09 09:30,0.02
2026-05-09 09:58,0.02
2026-05-09 11:37,0.01
2026-05-09 13:00,0.02
2026-05-09 13:55,0.02
2026-05-09 14:00,0.01
2026-05-09 16:38,0.01
2026-05-09 17:38,0.01
2026-05-09 17:59,0.01
2026-05-09 18:30,0.01
2026-05-09 18:45,0.01
2026-05-09 23:04,0.01
2026-05-09 23:53,0.01
2026-05-10 00:36,0.01
2026-05-10 01:00,0.01
2026-05-10 01:15,0.01
2026-05-10 02:23,0.01
2026-05-10 02:30,0.01
2026-05-10 03:11,0.01
2026-05-10 04:55,0.01
2026-05-10 05:00,0.01
2026-05-10 05:15,0.01
2026-05-10 05:30,0.01
2026-05-10 06:22,0.01
2026-05-10 07:12,0.01
2026-05-10 07:15,0.01
2026-05-10 07:30,0.01
2026-05-10 10:00,0.01
2026-05-10 10:15,0.01
2026-05-10 11:52,0.01
2026-05-10 13:10,0.01
2026-05-10 14:15,0.01
2026-05-10 14:30,0.01
2026-05-10 14:45,0.01
2026-05-10 15:15,0.01
2026-05-10 16:00,0.01
2026-05-10 16:15,0.01
2026-05-10 16:30,0.01
2026-05-10 18:07,0.01
2026-05-10 18:29,0.01
2026-05-10 18:42,0.01
2026-05-10 19:12,0.01
2026-05-10 19:15,0.01
2026-05-10 19:30,0.01
2026-05-10 19:45,0.01
2026-05-10 20:27,0.01
2026-05-10 20:30,0.01
2026-05-10 20:45,0.01
2026-05-10 21:43,0.01
2026-05-10 22:13,0.01
2026-05-10 22:52,0.01
2026-05-10 23:00,0.01
2026-05-10 23:15,0.01
2026-05-10 23:30,0.01
2026-05-10 23:45,0.01
2026-05-11 00:15,0.01
2026-05-11 00:30,0.01
2026-05-11 01:26,0.01
2026-05-11 01:30,0.01
2026-05-11 01:45,0.01
2026-05-11 02:15,0.01
2026-05-11 02:30,0.01
2026-05-11 03:27,0.01
2026-05-11 03:30,0.01
2026-05-11 03:45,0.01
2026-05-11 04:00,0.01
2026-05-11 04:15,0.01
2026-05-11 04:30,0.01
2026-05-11 04:45,0.01
2026-05-11 05:00,0.01
2026-05-11 05:15,0.01
2026-05-11 05:45,0.01
2026-05-11 06:45,0.01
2026-05-11 07:15,0.01
2026-05-11 07:30,0.01
2026-05-11 07:45,0.01
2026-05-11 08:30,0.01
2026-05-11 09:05,0.01
2026-05-11 09:15,0.01
2026-05-11 10:00,0.01
2026-05-11 10:15,0.01
2026-05-11 10:49,0.01
2026-05-11 11:15,0.01
2026-05-11 11:30,0.01
2026-05-11 12:15,0
2026-05-11 14:45,0
2026-05-11 18:34,0
2026-05-11 18:45,0
2026-05-11 19:49,0
2026-05-11 20:00,0
2026-05-11 20:15,0
2026-05-11 21:15,0
2026-05-11 21:30,0
2026-05-11 21:45,0
2026-05-11 22:00,0
2026-05-11 22:15,0
2026-05-11 22:30,0
2026-05-11 22:45,0
2026-05-11 23:17,0
2026-05-11 23:30,0
2026-05-11 23:45,0
2026-05-12 00:00,0
2026-05-12 00:15,0
2026-05-12 00:47,0
2026-05-12 01:02,0
2026-05-12 01:15,0
2026-05-12 01:49,0
2026-05-12 02:00,0
2026-05-12 02:15,0
2026-05-12 02:30,0
2026-05-12 02:45,0
2026-05-12 03:00,0
2026-05-12 03:15,0
2026-05-12 03:30,0
2026-05-12 03:45,0
2026-05-12 04:00,0
2026-05-12 04:15,0
2026-05-12 04:30,0
2026-05-12 04:45,0
2026-05-12 05:00,0
2026-05-12 05:15,0
2026-05-12 05:30,0
2026-05-12 05:45,0
2026-05-12 06:00,0
2026-05-12 06:15,0
2026-05-12 06:30,0
2026-05-12 06:45,0
2026-05-12 07:00,0
2026-05-12 07:15,0
2026-05-12 07:50,0
2026-05-12 08:00,0
2026-05-12 08:15,0
2026-05-12 08:30,0
2026-05-12 08:45,0
2026-05-12 09:15,0
2026-05-12 09:18,0
2026-05-12 09:30,0
2026-05-12 10:04,0
2026-05-12 10:30,0
2026-05-12 11:14,0
2026-05-12 19:32,0
2026-05-12 20:13,0
2026-05-12 21:15,0
2026-05-12 21:30,0
2026-05-12 21:45,0
2026-05-12 22:00,0
2026-05-12 22:15,0
2026-05-12 22:30,0
2026-05-12 22:45,0
2026-05-12 23:00,0
2026-05-12 23:35,0
2026-05-12 23:50,0
2026-05-13 00:04,0
2026-05-13 00:19,0
2026-05-13 00:30,0
2026-05-13 00:45,0
2026-05-13 01:20,0
2026-05-13 01:30,0
2026-05-13 01:45,0
2026-05-13 02:00,0
2026-05-13 02:15,0
2026-05-13 02:30,0
2026-05-13 03:16,0
2026-05-13 03:36,0
2026-05-13 04:02,0
2026-05-13 04:15,0
2026-05-13 04:45,0
2026-05-13 05:00,0
2026-05-13 05:15,0
2026-05-13 05:30,0
2026-05-13 06:13,0
2026-05-13 06:15,0
2026-05-13 06:49,0
2026-05-13 07:00,0
2026-05-13 07:15,0
2026-05-13 07:30,0
2026-05-13 08:04,0
2026-05-13 08:15,0
2026-05-13 08:30,0
2026-05-13 08:45,0
2026-05-13 09:29,0
2026-05-13 10:00,0
2026-05-13 10:15,0
2026-05-13 10:30,0
2026-05-13 10:45,0
2026-05-13 11:00,0
2026-05-13 12:05,0
2026-05-13 12:21,0
2026-05-13 12:30,0
2026-05-13 12:45,0
2026-05-13 13:00,0
2026-05-13 13:15,0
2026-05-13 13:30,0
2026-05-13 13:45,0
2026-05-13 14:32,0
2026-05-13 15:45,0
2026-05-13 17:00,0
2026-05-13 17:33,0
2026-05-13 17:45,0
2026-05-13 18:00,0
2026-05-13 18:30,0
2026-05-13 19:15,0
2026-05-13 19:30,0
2026-05-13 19:45,0
2026-05-13 20:00,0
2026-05-13 20:15,0
2026-05-13 20:30,0
2026-05-13 20:45,0
2026-05-13 21:00,0
2026-05-13 21:15,0
2026-05-13 21:30,0
2026-05-13 21:45,0
2026-05-13 22:00,0
2026-05-13 22:15,0
2026-05-13 22:30,0
2026-05-13 22:45,0
2026-05-13 23:00,0
2026-05-13 23:15,0
2026-05-13 23:30,0
2026-05-13 23:45,0
2026-05-14 00:20,0
2026-05-14 00:49,0
2026-05-14 01:00,0
2026-05-14 01:15,0
2026-05-14 01:30,0
2026-05-14 01:45,0
2026-05-14 02:00,0
2026-05-14 02:15,0
2026-05-14 02:30,0
2026-05-14 02:45,0
2026-05-14 03:00,0
2026-05-14 03:15,0
2026-05-14 03:59,0
2026-05-14 04:00,0
2026-05-14 04:15,0
2026-05-14 04:30,0
2026-05-14 04:45,0
2026-05-14 05:15,0
2026-05-14 06:15,0
2026-05-14 06:30,0
2026-05-14 07:00,0
2026-05-14 07:15,0
2026-05-14 07:30,0
2026-05-14 08:04,0
2026-05-14 08:21,0
2026-05-14 08:30,0
2026-05-14 08:45,0
2026-05-14 09:00,0
2026-05-14 09:15,0
2026-05-14 09:30,0
2026-05-14 10:05,0
2026-05-14 10:19,0
2026-05-14 10:30,0
2026-05-14 10:45,0
2026-05-14 11:00,0
2026-05-14 11:15,0
2026-05-14 11:30,0
2026-05-14 12:30,0
2026-05-14 12:45,0
2026-05-14 13:00,0
2026-05-14 13:30,0
2026-05-14 14:45,0
2026-05-14 15:19,0
2026-05-14 16:45,0
2026-05-15 02:15,0
2026-05-15 03:49,0
2026-05-15 04:03,0
2026-05-15 04:45,0
2026-05-15 05:29,0
2026-05-15 05:45,0
2026-05-15 05:48,0
2026-05-15 06:18,0
2026-05-15 06:33,0
2026-05-15 07:13,0
2026-05-15 07:15,0
2026-05-15 07:30,0
2026-05-15 16:45,0
2026-05-15 17:54,0
2026-05-15 19:18,0
2026-05-15 21:13,0
2026-05-15 21:15,0
2026-05-15 21:45,0
2026-05-15 22:19,0
2026-05-15 22:45,0
2026-05-15 23:18,0
2026-05-15 23:30,0
2026-05-16 00:15,0
2026-05-16 00:33,0
2026-05-16 01:05,0
2026-05-16 01:21,0
2026-05-16 01:30,0
2026-05-16 01:45,0
2026-05-16 02:00,0
2026-05-16 02:33,0
2026-05-16 02:45,0
2026-05-16 03:00,0
2026-05-16 03:34,0
2026-05-16 03:45,0
2026-05-16 04:00,0
2026-05-16 04:15,0
2026-05-16 04:30,0
2026-05-16 04:45,0
2026-05-16 05:19,0
2026-05-16 05:30,0
2026-05-16 06:05,0
2026-05-16 06:15,0
2026-05-16 06:30,0
2026-05-16 06:45,0
2026-05-16 07:00,0
2026-05-16 07:34,0
2026-05-16 07:51,0
2026-05-16 08:00,0
2026-05-16 08:15,0
2026-05-16 08:30,0
2026-05-16 09:15,0
2026-05-16 09:30,0
2026-05-16 09:45,0
2026-05-16 10:00,0
2026-05-16 10:15,0
2026-05-16 10:30,0
2026-05-16 11:05,0
2026-05-16 11:15,0
2026-05-16 11:30,0
2026-05-16 12:06,0
2026-05-16 12:20,0
2026-05-16 12:30,0
2026-05-16 12:45,0
2026-05-16 13:00,0
2026-05-16 13:51,0
2026-05-16 15:08,0
2026-05-16 15:46,0
2026-05-16 16:00,0
2026-05-16 16:15,0
2026-05-16 16:30,0
2026-05-16 17:15,0
2026-05-16 19:00,0
2026-05-16 22:30,0
2026-05-16 23:03,0
2026-05-17 00:30,0
2026-05-17 02:15,0
2026-05-17 02:58,0
2026-05-17 03:30,0
2026-05-17 04:20,0
2026-05-17 08:21,0
2026-05-17 09:02,0
2026-05-17 09:20,0
2026-05-17 10:23,0
2026-05-17 10:30,0
2026-05-17 10:45,0
2026-05-17 11:30,0
2026-05-17 11:45,0
2026-05-17 13:00,0
2026-05-17 14:15,0
2026-05-17 14:30,0
2026-05-17 14:45,0
2026-05-17 15:00,0
2026-05-17 15:36,0
2026-05-17 17:21,0
2026-05-17 17:30,0
2026-05-17 18:18,0
2026-05-18 00:49,0
2026-05-18 01:20,0
2026-05-18 01:45,0
2026-05-18 02:20,0
2026-05-18 04:01,0
2026-05-18 05:17,0
2026-05-18 05:57,0
2026-05-18 07:22,0
2026-05-18 08:31,0
2026-05-18 08:45,0
2026-05-18 09:00,0
2026-05-18 09:15,0
2026-05-18 09:30,0
2026-05-18 10:05,0
2026-05-18 10:35,0
2026-05-18 11:15,0
2026-05-18 12:33,0
2026-05-18 12:45,0
2026-05-18 13:00,0
2026-05-18 13:15,0
2026-05-18 13:30,0
2026-05-18 14:00,0
2026-05-18 14:45,0
2026-05-18 15:08,0
2026-05-18 15:15,0
2026-05-18 15:30,0
2026-05-18 15:45,0
2026-05-18 16:42,0
2026-05-18 17:15,0
2026-05-18 17:36,0
2026-05-18 18:15,0
2026-05-18 19:37,0
2026-05-19 08:59,0
2026-05-19 09:34,0
2026-05-19 11:15,0
2026-05-19 11:30,0
2026-05-19 11:45,0
2026-05-19 12:23,0
2026-05-19 12:35,0
2026-05-19 13:00,0
2026-05-19 13:15,0
2026-05-19 13:30,0
2026-05-19 13:45,0
2026-05-19 14:00,0
2026-05-19 14:15,0
2026-05-19 14:52,0
2026-05-19 15:06,0
2026-05-19 15:37,0
2026-05-19 16:20,0
2026-05-19 16:30,0
2026-05-19 16:45,0
2026-05-19 17:00,0
2026-05-19 17:15,0
2026-05-19 17:30,0
2026-05-19 17:45,0
2026-05-19 18:00,0
2026-05-19 18:15,0
2026-05-19 18:45,0
2026-05-19 19:00,0
2026-05-19 19:15,0
2026-05-19 19:30,0
2026-05-19 19:45,0
2026-05-19 20:00,0
2026-05-19 20:15,0
2026-05-19 20:30,0
2026-05-19 20:45,0
2026-05-19 21:00,0
2026-05-19 21:15,0
2026-05-19 21:30,0
2026-05-19 22:46,0
2026-05-19 23:00,0
2026-05-19 23:15,0
2026-05-19 23:30,0
2026-05-20 00:00,0
2026-05-20 00:15,0
2026-05-20 00:30,0
2026-05-20 00:45,0
2026-05-20 01:22,0
2026-05-20 01:30,0
2026-05-20 02:08,0
2026-05-20 02:15,0
2026-05-20 02:30,0
2026-05-20 02:45,0
2026-05-20 03:24,0
2026-05-20 03:30,0
2026-05-20 03:45,0
2026-05-20 04:00,0
2026-05-20 04:30,0
2026-05-20 05:06,0
2026-05-20 05:44,0
2026-05-20 05:45,0
2026-05-20 06:00,0
2026-05-20 06:15,0
2026-05-20 06:45,0
2026-05-20 07:00,0
2026-05-20 07:39,0
2026-05-20 07:45,0
2026-05-20 08:22,0
2026-05-20 09:00,0
2026-05-20 09:30,0
2026-05-20 09:45,0
2026-05-20 10:32,0
2026-05-20 10:52,0
2026-05-20 11:22,0
2026-05-20 11:52,0
2026-05-20 12:21,0
2026-05-20 12:37,0
2026-05-20 12:45,0
2026-05-20 13:00,0
2026-05-20 13:15,0
2026-05-20 13:30,0
2026-05-20 13:45,0
2026-05-20 14:44,0
2026-05-20 15:49,0
2026-05-20 16:23,0
2026-05-20 16:38,0
2026-05-20 16:45,0
2026-05-20 17:00,0
2026-05-20 17:15,0
2026-05-20 17:30,0
2026-05-20 19:05,0
2026-05-20 19:36,0
2026-05-20 19:51,0
2026-05-20 20:00,0
2026-05-20 20:49,0
2026-05-20 21:08,0
2026-05-20 21:15,0
2026-05-20 21:30,0
2026-05-20 21:45,0
2026-05-20 22:21,0
2026-05-20 22:30,0
2026-05-20 22:45,0
2026-05-20 23:00,0
2026-05-20 23:15,0
2026-05-20 23:30,0
2026-05-21 00:06,0
2026-05-21 00:15,0
2026-05-21 01:00,0
2026-05-21 01:37,0
2026-05-21 01:45,0
2026-05-21 02:00,0
2026-05-21 02:15,0
2026-05-21 02:30,0
2026-05-21 02:45,0
2026-05-21 03:15,0
2026-05-21 03:30,0
2026-05-21 04:17,0
2026-05-21 04:30,0
2026-05-21 04:45,0
2026-05-21 05:00,0
2026-05-21 05:35,0
2026-05-21 06:06,0
2026-05-21 06:15,0
2026-05-21 06:30,0
2026-05-21 06:45,0
2026-05-21 07:00,0
2026-05-21 07:15,0
2026-05-21 07:50,0
2026-05-21 08:07,0
2026-05-21 08:15,0
2026-05-21 08:53,0
2026-05-21 09:07,0
2026-05-21 09:15,0
2026-05-21 09:30,0
2026-05-21 09:45,0
2026-05-21 10:45,0
2026-05-21 11:00,0
2026-05-21 11:15,0
2026-05-21 11:30,0
2026-05-21 11:45,0
2026-05-21 12:00,0
2026-05-21 12:15,0
2026-05-21 12:30,0
2026-05-21 12:45,0
2026-05-21 13:00,0
2026-05-21 13:15,0
2026-05-21 13:30,0
2026-05-21 13:45,0
2026-05-21 14:00,0
2026-05-21 14:15,0
2026-05-21 14:30,0
2026-05-21 15:05,0
2026-05-21 15:48,0
2026-05-21 16:00,0
2026-05-21 16:15,0
2026-05-21 17:16,0
2026-05-21 18:15,0
2026-05-21 18:38,0
2026-05-21 19:18,0
2026-05-21 19:30,0
2026-05-22 03:33,0
2026-05-22 05:00,0
2026-05-22 05:15,0
2026-05-22 06:59,0
2026-05-22 07:00,0
2026-05-22 07:47,0
2026-05-22 08:00,0
2026-05-22 12:00,0
2026-05-22 12:15,0
2026-05-22 13:01,0
2026-05-22 13:47,0
2026-05-22 14:36,0
2026-05-22 14:45,0
2026-05-22 15:00,0
2026-05-22 15:15,0
2026-05-22 15:30,0
2026-05-22 15:45,0
2026-05-22 16:00,0
2026-05-22 16:15,0
2026-05-22 16:30,0
2026-05-22 17:15,0
2026-05-22 17:30,0
2026-05-22 17:45,0
2026-05-22 18:19,0
2026-05-22 22:18,0
2026-05-22 22:30,0
2026-05-22 23:00,0
2026-05-22 23:39,0
2026-05-22 23:45,0
2026-05-23 00:00,0
2026-05-23 00:49,0
2026-05-23 01:30,0
2026-05-23 02:17,0
2026-05-23 02:37,0
2026-05-23 02:51,0
2026-05-23 03:00,0
2026-05-23 03:15,0
2026-05-23 03:30,0
2026-05-23 04:44,0
2026-05-23 05:06,0
2026-05-23 05:15,0
2026-05-23 05:30,0
2026-05-23 06:07,0
2026-05-23 06:15,0
2026-05-23 07:50,0
2026-05-23 08:00,0
2026-05-23 08:36,0
2026-05-23 09:22,0
2026-05-23 09:47,0
2026-05-23 10:15,0
2026-05-23 10:45,0
2026-05-23 11:00,0
2026-05-23 12:30,0
2026-05-23 12:45,0
2026-05-23 13:30,0
2026-05-23 13:45,0
2026-05-23 14:22,0
2026-05-23 14:30,0
2026-05-23 14:45,0
2026-05-23 15:32,0
2026-05-23 15:45,0
2026-05-23 17:46,0
2026-05-23 18:18,0
2026-05-23 18:35,0
2026-05-23 18:45,0
2026-05-23 19:00,0
2026-05-23 20:16,0
2026-05-23 20:30,0
2026-05-23 21:05,0
2026-05-23 21:30,0
2026-05-23 22:15,0
2026-05-23 22:51,0
2026-05-23 23:00,0
2026-05-23 23:15,0
2026-05-23 23:30,0
2026-05-23 23:45,0
2026-05-24 00:00,0
2026-05-24 00:36,0
2026-05-24 00:45,0
2026-05-24 01:00,0
2026-05-24 01:15,0
2026-05-24 01:30,0
2026-05-24 01:45,0
2026-05-24 02:00,0
2026-05-24 02:15,0
2026-05-24 02:30,0
2026-05-24 02:45,0
2026-05-24 03:00,0
2026-05-24 03:15,0
2026-05-24 03:30,0
2026-05-24 04:06,0
2026-05-24 04:15,0
2026-05-24 04:30,0
2026-05-24 05:07,0
2026-05-24 05:38,0
2026-05-24 05:45,0
2026-05-24 06:00,0
2026-05-24 06:48,0
2026-05-24 07:18,0
2026-05-24 07:48,0
2026-05-24 08:00,0
2026-05-24 08:15,0
2026-05-24 08:30,0
2026-05-24 08:45,0
2026-05-24 09:00,0
2026-05-24 09:15,0
2026-05-24 09:30,0
2026-05-24 10:30,0
2026-05-24 10:45,0
2026-05-24 11:00,0
2026-05-24 12:15,0
2026-05-24 13:01,0
2026-05-24 13:20,0
2026-05-24 14:51,0
2026-05-24 15:28,0
2026-05-24 16:02,0
2026-05-24 16:30,0
2026-05-24 23:00,0
2026-05-24 23:15,0
2026-05-24 23:51,0
2026-05-25 00:07,0
2026-05-25 00:22,0
2026-05-25 01:06,0
2026-05-25 01:20,0
2026-05-25 02:00,0
2026-05-25 03:00,0
2026-05-25 03:53,0
2026-05-25 04:15,0
2026-05-25 04:30,0
2026-05-25 04:45,0
2026-05-25 05:00,0
2026-05-25 05:37,0
2026-05-25 05:52,0
2026-05-25 06:18,0
2026-05-25 06:30,0
2026-05-25 07:18,0
2026-05-25 08:02,0
2026-05-25 08:45,0
2026-05-25 09:45,0
2026-05-25 10:00,0
2026-05-25 10:35,0
2026-05-25 11:30,0
2026-05-25 11:45,0
2026-05-25 12:00,0
2026-05-25 12:15,0
2026-05-25 12:30,0
2026-05-25 12:45,0
2026-05-25 13:00,0
2026-05-25 13:15,0
2026-05-25 13:30,0
2026-05-25 13:45,0
2026-05-25 14:00,0
2026-05-25 14:15,0
2026-05-25 14:30,0
2026-05-25 15:09,0
2026-05-25 15:15,0
2026-05-25 15:30,0
2026-05-25 15:45,0
2026-05-25 16:15,0
2026-05-25 16:20,0
2026-05-25 16:30,0
2026-05-25 16:45,0
2026-05-25 17:00,0
2026-05-25 17:15,0
2026-05-25 17:30,0
2026-05-25 18:30,0
2026-05-25 18:31,0
2026-05-25 19:00,0
2026-05-25 19:15,0
2026-05-25 19:30,0
2026-05-25 19:45,0
2026-05-25 20:00,0
2026-05-25 20:15,0
2026-05-25 20:30,0
2026-05-25 20:45,0
2026-05-25 21:00,0
2026-05-25 21:15,0
2026-05-25 21:30,0
2026-05-25 21:45,0
2026-05-25 22:00,0
2026-05-25 22:30,0
2026-05-25 22:37,0
2026-05-25 22:45,0
2026-05-25 23:44,0
2026-05-26 00:21,0
2026-05-26 00:30,0
2026-05-26 01:00,0
2026-05-26 01:07,0
2026-05-26 01:15,0
2026-05-26 01:30,0
2026-05-26 01:45,0
2026-05-26 02:00,0
2026-05-26 02:30,0
2026-05-26 02:36,0
2026-05-26 02:45,0
2026-05-26 03:00,0
2026-05-26 03:15,0
2026-05-26 03:30,0
2026-05-26 03:45,0
2026-05-26 04:30,0
2026-05-26 04:45,0
2026-05-26 05:00,0
2026-05-26 05:15,0
2026-05-26 05:30,0
2026-05-26 05:45,0
2026-05-26 06:00,0
2026-05-26 06:15,0
2026-05-26 06:30,0
2026-05-26 06:45,0
2026-05-26 07:00,0
2026-05-26 07:15,0
2026-05-26 08:15,0
2026-05-26 08:30,0
2026-05-26 08:45,0
2026-05-26 09:00,0
2026-05-26 09:15,0
2026-05-26 09:30,0
2026-05-26 09:45,0
2026-05-26 10:00,0
2026-05-26 10:15,0
2026-05-26 10:30,0
2026-05-26 10:45,0
2026-05-26 11:00,0
2026-05-26 11:15,0
2026-05-26 11:30,0
2026-05-26 11:45,0
2026-05-26 12:00,0
2026-05-26 12:15,0
2026-05-26 12:30,0
2026-05-26 12:45,0
2026-05-26 13:00,0
2026-05-26 13:15,0
2026-05-26 13:30,0
2026-05-26 13:45,0
2026-05-26 14:00,0
2026-05-26 14:15,0
2026-05-26 14:52,0
2026-05-26 15:00,0
2026-05-26 15:15,0
2026-05-26 15:52,0
2026-05-26 16:00,0
2026-05-26 17:30,0
2026-05-26 17:45,0
2026-05-26 18:23,0
2026-05-26 18:37,0
2026-05-26 18:52,0
2026-05-26 19:00,0
2026-05-26 19:50,0
2026-05-26 20:08,0
2026-05-26 20:36,0
2026-05-26 20:45,0
2026-05-26 21:00,0
2026-05-26 21:15,0
2026-05-26 21:51,0
2026-05-26 22:00,0
2026-05-26 22:15,0
2026-05-26 22:30,0
2026-05-26 22:45,0
2026-05-26 23:00,0
2026-05-26 23:15,0
2026-05-26 23:30,0
2026-05-26 23:45,0
2026-05-27 00:21,0
2026-05-27 00:30,0
2026-05-27 00:45,0
2026-05-27 01:19,0
2026-05-27 02:37,0
2026-05-27 02:45,0
2026-05-27 03:18,0
2026-05-27 03:34,0
2026-05-27 04:22,0
2026-05-27 05:00,0
2026-05-27 05:15,0
2026-05-27 05:30,0
2026-05-27 05:45,0
2026-05-27 06:00,0
2026-05-27 06:15,0
2026-05-27 06:30,0
2026-05-27 06:45,0
2026-05-27 07:00,0
2026-05-27 07:15,0
2026-05-27 07:30,0
2026-05-27 07:45,0
2026-05-27 08:00,0
2026-05-27 08:15,0
2026-05-27 08:30,0
2026-05-27 08:45,0
2026-05-27 09:00,0
2026-05-27 09:15,0
2026-05-27 09:30,0.18
2026-05-27 09:45,0.2
2026-05-27 10:00,0.2
2026-05-27 10:15,0.23
2026-05-27 10:30,0.23
2026-05-27 10:45,0.2
2026-05-27 11:00,0.2
2026-05-27 11:15,0.18
2026-05-27 11:30,0.16
2026-05-27 12:00,0.16
2026-05-27 12:15,0.32
2026-05-27 12:30,0.39
2026-05-27 12:45,0.39
2026-05-27 13:00,0.37
2026-05-27 13:30,0.37
2026-05-27 13:45,0.39
2026-05-27 14:00,0.27
2026-05-27 14:15,0.34
2026-05-27 15:02,0.16
2026-05-27 15:30,0.16
2026-05-27 16:30,0.13
2026-05-27 17:46,0.13
2026-05-27 18:33,0.11
2026-05-27 21:17,0.11
2026-05-27 22:37,0.13
2026-05-27 22:45,0.13
2026-05-27 23:15,0.11
2026-05-28 01:15,0.05
2026-05-28 02:03,0.23
2026-05-28 02:15,0.23
2026-05-28 03:06,0.23
2026-05-28 03:15,0.23
2026-05-28 03:30,0.25
2026-05-28 03:45,0.25
2026-05-28 04:30,0.23
2026-05-28 04:45,0.25
2026-05-28 05:00,0.2
2026-05-28 06:07,0.16
2026-05-28 07:01,0.73
2026-05-28 07:46,0.73
2026-05-28 08:00,0.73
2026-05-28 08:15,0.73
2026-05-28 08:30,0.73
2026-05-28 08:45,0.73
2026-05-28 09:30,0.73
2026-05-28 09:45,0.73
2026-05-28 10:35,0.73
2026-05-28 10:45,0.73
2026-05-28 11:24,0.73
2026-05-28 11:53,0.73
2026-05-28 13:53,0.63
2026-05-28 14:00,0.6
2026-05-28 15:03,0.54
2026-05-28 15:15,0.51
2026-05-28 15:54,0.51
2026-05-28 16:10,0.51
2026-05-28 16:15,0.48
2026-05-28 16:30,0.48
2026-05-28 16:45,0.48
2026-05-28 17:38,0.48
2026-05-28 18:15,0.48
2026-05-28 19:54,0.54
2026-05-28 20:00,0.51
2026-05-28 20:15,0.51
2026-05-28 20:30,0.51
2026-05-28 20:45,0.51
2026-05-28 21:00,0.51
2026-05-28 21:15,0.51
2026-05-28 21:30,0.51
2026-05-28 21:45,0.51
2026-05-28 22:00,0.48
2026-05-28 22:15,0.48
2026-05-28 22:30,0.48
2026-05-28 22:45,0.48
2026-05-28 23:00,0.48
2026-05-28 23:15,0.48
2026-05-28 23:30,0.48
2026-05-28 23:45,0.51
2026-05-29 00:00,0.51
2026-05-29 00:15,0.51
2026-05-29 00:30,0.54
2026-05-29 00:45,0.54
2026-05-29 01:00,0.57
2026-05-29 01:15,0.6
2026-05-29 01:30,0.6
2026-05-29 01:45,0.6
2026-05-29 02:00,0.6
2026-05-29 02:15,0.6
2026-05-29 02:30,0.6
2026-05-29 02:45,0.6
2026-05-29 03:00,0.6
2026-05-29 03:15,0.6
2026-05-29 03:30,0.57
2026-05-29 03:45,0.57
2026-05-29 04:00,0.57
2026-05-29 04:30,0.57
2026-05-29 04:45,0.57
2026-05-29 05:00,0.57
2026-05-29 05:15,0.57
2026-05-29 05:30,0.57
2026-05-29 05:45,0.57
2026-05-29 06:00,0.57
2026-05-29 06:15,0.57
2026-05-29 06:30,0.57
2026-05-29 06:45,0.57
2026-05-29 07:00,0.57
2026-05-29 07:40,0.57
2026-05-29 07:45,0.76
2026-05-29 08:00,0.8
2026-05-29 08:15,0.83
2026-05-29 08:30,0.83
2026-05-29 08:45,0.83
2026-05-29 09:00,0.87
2026-05-29 09:15,0.87
2026-05-29 09:30,0.87
2026-05-29 09:45,0.87
2026-05-29 10:00,0.87
2026-05-29 10:15,0.87
2026-05-29 10:30,0.87
2026-05-29 10:45,0.87
2026-05-29 11:00,0.87
2026-05-29 11:15,0.87
2026-05-29 11:30,0.87
2026-05-29 11:45,0.87
2026-05-29 12:00,0.87
2026-05-29 12:15,0.87
2026-05-29 12:30,0.83
2026-05-29 13:10,0.83
2026-05-29 13:30,0.83
2026-05-29 13:45,0.76
2026-05-29 14:15,0.66
2026-05-29 14:30,0.63
2026-05-29 14:45,0.6
2026-05-29 15:00,0.57
2026-05-29 15:15,0.54
2026-05-29 15:30,0.51
2026-05-29 15:45,0.51
2026-05-29 16:48,0.48
2026-05-29 17:00,0.45
2026-05-29 17:15,0.45
2026-05-29 17:30,0.42
2026-05-29 17:45,0.42
2026-05-29 18:00,0.42
2026-05-29 18:15,0.42
2026-05-29 18:30,0.42
2026-05-29 19:00,0.42
2026-05-29 19:15,0.42
2026-05-29 19:30,0.42
2026-05-29 19:45,0.42
2026-05-29 20:00,0.42
2026-05-29 20:15,0.42
2026-05-29 20:30,0.39
2026-05-29 20:45,0.39
2026-05-29 21:00,0.39
2026-05-29 21:15,0.39
2026-05-29 21:30,0.42
2026-05-29 21:45,0.42
2026-05-29 22:00,0.42
2026-05-29 22:38,0.42
2026-05-29 23:33,0.45
2026-05-30 00:07,0.45
2026-05-30 00:15,0.45
2026-05-30 01:00,0.48
2026-05-30 01:45,0.48
2026-05-30 02:00,0.48
2026-05-30 02:15,0.48
2026-05-30 02:30,0.48
2026-05-30 02:45,0.48
2026-05-30 03:00,0.48
2026-05-30 03:37,0.48
2026-05-30 03:45,0.48
2026-05-30 04:00,0.48
2026-05-30 05:01,0.51
2026-05-30 05:15,0.51
2026-05-30 05:30,0.51
2026-05-30 05:45,0.51
2026-05-30 06:00,0.51
2026-05-30 06:15,0.51
2026-05-30 07:22,0.51
2026-05-30 07:53,0.51
2026-05-30 08:00,0.51
2026-05-30 08:15,0.51
2026-05-30 08:30,0.51
2026-05-30 08:45,0.51
2026-05-30 09:00,0.51
2026-05-30 09:15,0.51
2026-05-30 09:30,0.51
2026-05-30 09:45,0.51
2026-05-30 10:00,0.51
2026-05-30 10:15,0.51
2026-05-30 10:54,0.51
2026-05-30 11:00,0.51
2026-05-30 11:15,0.48
2026-05-30 11:30,0.48
2026-05-30 11:45,0.48
2026-05-30 12:00,0.45
2026-05-30 12:15,0.45
2026-05-30 13:05,0.45
2026-05-30 13:15,0.42
2026-05-30 13:30,0.42
2026-05-30 14:08,0.39
2026-05-30 14:15,0.39
2026-05-30 14:30,0.39
2026-05-30 15:19,0.39
2026-05-30 15:30,0.39
2026-05-30 15:45,0.39
2026-05-30 16:00,0.37
2026-05-30 16:15,0.37
2026-05-30 16:30,0.37
2026-05-30 17:37,0.34
2026-05-30 17:45,0.32
2026-05-30 18:00,0.32
2026-05-30 18:38,0.29
2026-05-30 18:54,0.29
2026-05-31 08:46,0.34
2026-05-31 09:07,0.34
2026-05-31 09:52,0.34
2026-05-31 10:00,0.34
2026-05-31 10:52,0.34
2026-05-31 12:37,0.32
2026-05-31 13:22,0.29
2026-05-31 14:15,0.27
2026-05-31 14:30,0.27
2026-05-31 14:45,0.27
2026-05-31 15:23,0.27
2026-05-31 16:05,0.25
2026-05-31 16:23,0.25
2026-05-31 16:37,0.25
2026-05-31 17:39,0.25
2026-05-31 18:10,0.23
2026-05-31 18:54,0.25
2026-05-31 22:33,0.27
2026-05-31 22:45,0.27
2026-06-01 00:51,0.29
2026-06-01 01:36,0.29
2026-06-01 02:45,0.29
2026-06-01 03:00,0.29
2026-06-01 03:37,0.29
2026-06-01 04:03,0.29
2026-06-01 04:22,0.29
2026-06-01 05:45,0.29
2026-06-01 06:23,0.29
2026-06-01 06:30,0.29
2026-06-01 06:45,0.29
2026-06-01 07:00,0.29
2026-06-01 07:15,0.32
2026-06-01 07:30,0.32
2026-06-01 07:45,0.32
2026-06-01 08:15,0.16
2026-06-01 08:30,0.15
2026-06-01 08:45,0.15
2026-06-01 11:46,0.13
2026-06-01 12:00,0.13
2026-06-01 12:15,0.13
2026-06-01 12:30,0.13
2026-06-01 12:45,0.11
2026-06-01 13:22,0.08
2026-06-01 14:06,0.03
2026-06-01 14:32,0.01
2026-06-01 14:45,0
2026-06-01 17:07,0
2026-06-01 18:00,0
2026-06-02 01:00,0.15
2026-06-02 01:38,0.13
2026-06-02 02:08,0.13
2026-06-02 02:22,0.13
2026-06-02 02:49,0.13
2026-06-02 03:33,0.13
2026-06-02 03:45,0.13
2026-06-02 04:21,0.13
2026-06-02 04:30,0.13
2026-06-02 05:15,0.13
2026-06-02 05:54,0.13
2026-06-02 06:00,0.13
2026-06-02 06:15,0.13
2026-06-02 07:05,0.13
2026-06-02 07:15,0.11
2026-06-02 07:30,0.11
2026-06-02 07:45,0.1
2026-06-02 08:00,0.1
2026-06-02 08:15,0.08
2026-06-02 08:52,0.08
2026-06-02 09:00,0.07
2026-06-02 09:15,0.07
2026-06-02 09:52,0.05
2026-06-02 10:30,0.04
2026-06-02 10:45,0.03
2026-06-02 11:00,0.03
2026-06-02 11:15,0.02
2026-06-02 11:30,0.02
2026-06-02 12:00,0.01
2026-06-02 12:57,0.01
2026-06-02 13:15,0
2026-06-02 13:30,0
2026-06-02 13:45,0
2026-06-02 14:00,0
2026-06-02 14:15,0
2026-06-02 14:30,0
2026-06-02 14:45,0
2026-06-02 15:00,0
2026-06-02 15:15,0
2026-06-02 15:30,0
2026-06-02 15:45,0
2026-06-02 16:00,0
2026-06-02 16:15,0
2026-06-02 16:30,0
2026-06-02 17:05,0
2026-06-02 17:15,0
2026-06-02 17:30,0
2026-06-02 17:45,0
2026-06-02 18:00,0
2026-06-02 18:15,0
2026-06-02 18:30,0
2026-06-02 18:45,0
2026-06-02 19:00,0
2026-06-02 19:15,0
2026-06-02 19:45,0
2026-06-02 20:00,0
2026-06-02 20:15,0
2026-06-02 20:30,0
2026-06-02 20:45,0
2026-06-02 21:00,0
2026-06-02 21:15,0
2026-06-02 21:52,0
2026-06-02 22:00,0
2026-06-02 22:15,0
2026-06-02 23:08,0
2026-06-02 23:15,0
2026-06-02 23:30,0
2026-06-02 23:45,0
2026-06-03 00:00,0
2026-06-03 00:15,0
2026-06-03 00:30,0
2026-06-03 00:45,0
2026-06-03 01:00,0
2026-06-03 01:15,0
2026-06-03 01:30,0
2026-06-03 01:45,0
2026-06-03 02:15,0
2026-06-03 02:30,0
2026-06-03 03:08,0
2026-06-03 03:15,0
2026-06-03 03:30,0
2026-06-03 03:45,0
2026-06-03 04:00,0
2026-06-03 04:15,0
2026-06-03 04:30,0
2026-06-03 04:45,0
2026-06-03 05:00,0
2026-06-03 05:15,0
2026-06-03 05:30,0
2026-06-03 05:45,0
2026-06-03 06:00,0
2026-06-03 06:15,0
2026-06-03 07:06,0
2026-06-03 07:15,0
2026-06-03 07:30,0
2026-06-03 07:45,0
2026-06-03 08:00,0
2026-06-03 08:15,0
2026-06-03 08:30,0
2026-06-03 08:45,0
2026-06-03 09:00,0
2026-06-03 09:15,0
2026-06-03 09:30,0
2026-06-03 09:45,0
2026-06-03 10:00,0
2026-06-03 10:15,0
2026-06-03 10:30,0
2026-06-03 10:45,0
2026-06-03 11:00,0
2026-06-03 11:38,0
2026-06-03 11:45,0
2026-06-03 12:25,0
2026-06-03 12:30,0
2026-06-03 12:45,0
2026-06-03 13:00,0
2026-06-03 13:30,0
2026-06-03 14:11,0
2026-06-03 14:15,0
2026-06-03 14:30,0
2026-06-03 15:00,0
2026-06-03 15:30,0
2026-06-03 15:45,0
2026-06-03 16:00,0
2026-06-03 16:15,0
2026-06-03 17:15,0
2026-06-03 17:30,0
2026-06-03 17:45,0
2026-06-03 18:00,0
2026-06-03 18:15,0
2026-06-03 18:55,0
2026-06-03 20:45,0
2026-06-03 21:23,0
2026-06-03 21:30,0
2026-06-03 21:45,0
2026-06-03 22:00,0
2026-06-03 22:45,0
2026-06-03 23:35,0
2026-06-03 23:45,0
2026-06-04 00:00,0
2026-06-04 00:15,0
2026-06-04 00:54,0
2026-06-04 01:00,0
2026-06-04 01:15,0
2026-06-04 01:30,0
2026-06-04 01:45,0
2026-06-04 02:00,0
2026-06-04 02:15,0
2026-06-04 02:30,0
2026-06-04 04:09,0
2026-06-04 04:24,0
2026-06-04 04:54,0
2026-06-04 05:00,0
2026-06-04 05:15,0
2026-06-04 05:30,0
2026-06-04 05:45,0
2026-06-04 06:00,0
2026-06-04 06:15,0
2026-06-04 06:30,0
2026-06-04 06:45,0
2026-06-04 07:00,0
2026-06-04 07:39,0
2026-06-04 07:54,0
2026-06-04 08:00,0
2026-06-04 08:15,0
2026-06-04 08:30,0
2026-06-04 08:45,0
2026-06-04 09:00,0
2026-06-04 09:15,0
2026-06-04 09:45,0
2026-06-04 10:00,0
2026-06-04 10:15,0
2026-06-04 10:30,0
2026-06-04 11:12,0
2026-06-04 11:40,0
2026-06-04 11:45,0
2026-06-04 12:00,0
2026-06-04 12:15,0
2026-06-04 12:30,0
2026-06-04 13:07,0
2026-06-04 13:15,0
2026-06-04 13:30,0
2026-06-04 13:45,0
2026-06-04 14:00,0
2026-06-04 14:15,0
2026-06-04 14:56,0
2026-06-04 15:10,0
2026-06-04 15:15,0
2026-06-04 15:30,0
2026-06-04 15:45,0
2026-06-04 16:00,0
2026-06-04 16:15,0
2026-06-04 16:55,0
2026-06-04 17:00,0
2026-06-04 17:45,0
2026-06-04 18:00,0
2026-06-04 18:15,0
2026-06-04 18:30,0
2026-06-04 19:15,0
2026-06-04 19:55,0
2026-06-04 20:09,0
2026-06-04 20:15,0
2026-06-04 20:30,0
2026-06-04 20:45,0
2026-06-04 22:11,0
2026-06-04 22:15,0
2026-06-04 22:30,0
2026-06-04 22:45,0
2026-06-04 23:33,0
2026-06-05 00:08,0
2026-06-05 00:38,0
2026-06-05 01:00,0
2026-06-05 01:15,0
2026-06-05 01:30,0
2026-06-05 02:35,0
2026-06-05 02:45,0
2026-06-05 03:00,0
2026-06-05 03:40,0
2026-06-05 03:45,0
2026-06-05 04:00,0
2026-06-05 04:15,0
2026-06-05 04:30,0
2026-06-05 04:45,0
2026-06-05 05:00,0
2026-06-05 05:30,0.01
2026-06-05 05:45,0.08
2026-06-05 06:00,0.13
2026-06-05 06:15,0.13
2026-06-05 06:30,0.13
2026-06-05 07:08,0.13
2026-06-05 07:15,0.13
2026-06-05 07:30,0.13
2026-06-05 08:08,0.13
2026-06-05 08:15,0.13
2026-06-05 08:30,0.13
2026-06-05 08:45,0.13
2026-06-05 09:00,0.13
2026-06-05 09:15,0.13
2026-06-05 09:30,0.13
2026-06-05 09:45,0.11
2026-06-05 10:00,0.11
2026-06-05 10:15,0.1
2026-06-05 10:54,0.08
2026-06-05 11:00,0.05
2026-06-05 11:15,0
2026-06-05 11:30,0
2026-06-05 12:21,0
2026-06-05 12:30,0
2026-06-05 12:45,0
2026-06-05 13:00,0
2026-06-05 13:15,0
2026-06-05 13:30,0
2026-06-05 13:45,0
2026-06-05 14:15,0
2026-06-05 14:30,0
2026-06-05 14:45,0
2026-06-05 15:00,0
2026-06-05 15:15,0
2026-06-05 15:55,0
2026-06-05 16:00,0
2026-06-05 16:15,0
2026-06-05 16:30,0
2026-06-05 16:45,0
2026-06-05 17:00,0
2026-06-05 17:40,0
2026-06-05 17:45,0
2026-06-05 18:00,0
2026-06-05 18:15,0
2026-06-05 18:30,0
2026-06-05 18:45,0
2026-06-05 19:00,0
2026-06-05 19:15,0
2026-06-05 19:30,0
2026-06-05 19:45,0
2026-06-05 20:00,0
2026-06-05 20:15,0
2026-06-05 20:30,0
2026-06-05 20:45,0
2026-06-05 21:00,0
2026-06-05 21:15,0
2026-06-05 21:30,0
2026-06-05 21:45,0
2026-06-05 22:00,0
2026-06-05 22:15,0
2026-06-05 22:30,0
2026-06-05 22:45,0
2026-06-05 23:00,0
2026-06-05 23:15,0
2026-06-05 23:30,0
2026-06-05 23:45,0
2026-06-06 00:00,0
2026-06-06 00:15,0
2026-06-06 00:53,0
2026-06-06 01:00,0
2026-06-06 01:15,0
2026-06-06 01:30,0
2026-06-06 01:45,0
2026-06-06 02:00,0
2026-06-06 02:15,0
2026-06-06 02:30,0
2026-06-06 02:45,0
2026-06-06 03:00,0
2026-06-06 03:15,0
2026-06-06 03:30,0
2026-06-06 04:08,0
2026-06-06 04:24,0
2026-06-06 04:30,0
2026-06-06 04:45,0
2026-06-06 05:00,0
2026-06-06 05:15,0
2026-06-06 05:30,0
2026-06-06 05:45,0
2026-06-06 06:00,0
2026-06-06 06:15,0
2026-06-06 06:30,0
2026-06-06 06:45,0
2026-06-06 07:00,0
2026-06-06 07:15,0
2026-06-06 07:30,0
2026-06-06 07:45,0
2026-06-06 08:00,0
2026-06-06 08:15,0
2026-06-06 08:30,0
2026-06-06 08:45,0
2026-06-06 09:00,0
2026-06-06 09:15,0
2026-06-06 09:30,0
2026-06-06 09:45,0
2026-06-06 10:00,0
2026-06-06 10:15,0
2026-06-06 10:30,0
2026-06-06 10:45,0
2026-06-06 11:00,0
2026-06-06 11:15,0
2026-06-06 12:04,0
2026-06-06 12:15,0
2026-06-06 12:54,0
2026-06-06 13:00,0
2026-06-06 13:15,0
2026-06-06 13:55,0
2026-06-06 14:11,0
2026-06-06 14:15,0
2026-06-06 14:30,0
2026-06-06 15:00,0
2026-06-06 16:00,0
2026-06-06 16:15,0
2026-06-06 17:09,0
2026-06-06 17:30,0
2026-06-06 18:19,0
2026-06-06 18:41,0
2026-06-06 18:45,0
2026-06-06 19:24,0
2026-06-06 19:30,0
2026-06-06 19:45,0
2026-06-06 20:30,0
2026-06-06 20:45,0
2026-06-06 21:00,0
2026-06-06 21:40,0
2026-06-06 21:45,0
2026-06-06 22:25,0
2026-06-06 22:30,0
2026-06-06 22:45,0
2026-06-06 23:00,0
2026-06-06 23:15,0
2026-06-06 23:30,0
2026-06-06 23:45,0
2026-06-07 00:00,0
2026-06-07 00:15,0
2026-06-07 00:54,0
2026-06-07 01:00,0
2026-06-07 01:15,0
2026-06-07 01:30,0
2026-06-07 01:45,0
2026-06-07 02:00,0
2026-06-07 02:15,0
2026-06-07 02:30,0
2026-06-07 03:10,0
2026-06-07 03:48,0
2026-06-07 04:00,0
2026-06-07 04:15,0
2026-06-07 04:30,0
2026-06-07 05:00,0
2026-06-07 05:15,0
2026-06-07 05:30,0
2026-06-07 05:45,0
2026-06-07 06:24,0
2026-06-07 06:38,0
2026-06-07 06:45,0
2026-06-07 07:00,0
2026-06-07 07:15,0
2026-06-07 07:30,0
2026-06-07 07:45,0
2026-06-07 08:00,0
2026-06-07 08:15,0
2026-06-07 08:30,0
2026-06-07 08:45,0
2026-06-07 09:00,0
2026-06-07 09:15,0
2026-06-07 09:30,0
2026-06-07 09:45,0
2026-06-07 10:00,0
2026-06-07 10:15,0
2026-06-07 10:30,0
2026-06-07 10:45,0
2026-06-07 11:37,0
2026-06-07 11:45,0
2026-06-07 12:00,0
2026-06-07 12:15,0
2026-06-07 12:30,0
2026-06-07 12:45,0
2026-06-07 13:00,0
2026-06-07 13:15,0
2026-06-07 13:30,0
2026-06-07 14:23,0
2026-06-07 14:30,0
2026-06-07 14:45,0
2026-06-07 15:00,0
2026-06-07 15:15,0
2026-06-07 15:30,0
2026-06-07 16:13,0
2026-06-07 17:06,0
2026-06-07 17:41,0
2026-06-07 18:00,0
2026-06-07 18:15,0
2026-06-07 18:30,0
2026-06-07 18:45,0
2026-06-07 19:26,0
2026-06-07 20:07,0
2026-06-07 20:15,0
2026-06-07 21:00,0
2026-06-07 21:40,0
2026-06-07 21:45,0
2026-06-07 22:35,0
2026-06-07 23:09,0
2026-06-07 23:47,0
2026-06-08 00:22,0
2026-06-08 01:08,0
2026-06-08 01:15,0
2026-06-08 02:15,0
2026-06-08 02:30,0
2026-06-08 03:20,0
2026-06-08 03:30,0
2026-06-08 03:45,0
2026-06-08 04:00,0
2026-06-08 04:15,0
2026-06-08 04:30,0
2026-06-08 05:07,0
2026-06-08 05:22,0
2026-06-08 05:30,0
2026-06-08 05:45,0
2026-06-08 06:00,0
2026-06-08 06:15,0
2026-06-08 06:30,0
2026-06-08 06:45,0
2026-06-08 07:00,0
2026-06-08 07:15,0
2026-06-08 07:30,0
2026-06-08 07:45,0
2026-06-08 08:00,0
2026-06-08 08:15,0
2026-06-08 08:30,0
2026-06-08 09:00,0
2026-06-08 09:15,0
2026-06-08 09:30,0
2026-06-08 09:45,0
2026-06-08 10:00,0
2026-06-08 10:15,0
2026-06-08 10:30,0
2026-06-08 10:45,0
2026-06-08 11:54,0
2026-06-08 12:00,0
2026-06-08 12:15,0
2026-06-08 12:30,0
2026-06-08 13:00,0
2026-06-08 13:39,0
2026-06-08 13:45,0
2026-06-08 14:00,0
2026-06-08 14:15,0
2026-06-08 14:30,0
2026-06-08 14:45,0
2026-06-08 15:00,0
2026-06-08 16:10,0
2026-06-08 16:15,0
2026-06-08 16:30,0
2026-06-08 17:08,0
2026-06-08 17:15,0
2026-06-08 17:30,0
2026-06-08 17:45,0
2026-06-08 18:00,0
2026-06-08 18:15,0
2026-06-08 18:55,0
2026-06-08 19:11,0
2026-06-08 19:26,0
2026-06-08 19:30,0
2026-06-08 20:23,0
2026-06-08 21:15,0
2026-06-08 21:30,0
2026-06-08 22:11,0
2026-06-08 22:51,0
2026-06-08 23:00,0
2026-06-08 23:15,0
2026-06-08 23:54,0
2026-06-09 00:00,0
2026-06-09 00:53,0
2026-06-09 01:35,0
2026-06-09 01:45,0
2026-06-09 02:36,0
2026-06-09 03:30,0
2026-06-09 03:45,0
2026-06-09 05:07,0
2026-06-09 05:40,0
2026-06-09 06:10,0
2026-06-09 06:30,0
2026-06-09 07:19,0
2026-06-09 07:30,0
2026-06-09 07:45,0
2026-06-09 08:00,0
2026-06-09 08:15,0
2026-06-09 08:30,0
2026-06-09 08:45,0
2026-06-09 09:00,0
2026-06-09 09:15,0
2026-06-09 09:30,0
2026-06-09 09:45,0
2026-06-09 10:45,0
2026-06-09 11:27,0
2026-06-09 11:57,0
2026-06-09 12:00,0
2026-06-09 12:45,0
2026-06-09 13:00,0
2026-06-09 13:15,0
2026-06-09 13:30,0
2026-06-09 13:45,0
2026-06-09 14:00,0
2026-06-09 14:15,0
2026-06-09 14:30,0
2026-06-09 15:10,0
2026-06-09 15:15,0
2026-06-09 15:30,0
2026-06-09 15:45,0
2026-06-09 16:00,0
2026-06-09 17:05,0
2026-06-09 17:15,0
2026-06-09 17:30,0
2026-06-09 18:10,0
2026-06-09 18:15,0
2026-06-09 18:57,0
2026-06-09 19:00,0
2026-06-09 19:15,0
2026-06-09 19:30,0
2026-06-09 19:45,0
2026-06-09 20:00,0
2026-06-09 20:15,0
2026-06-09 20:30,0
2026-06-09 20:45,0
2026-06-09 21:00,0
2026-06-09 21:15,0
2026-06-09 21:30,0
2026-06-09 22:19,0
2026-06-09 22:45,0
2026-06-09 23:00,0
2026-06-09 23:15,0
2026-06-09 23:30,0
2026-06-09 23:45,0
2026-06-10 00:00,0
2026-06-10 00:15,0
2026-06-10 00:30,0
2026-06-10 00:45,0
2026-06-10 01:00,0
2026-06-10 01:15,0
2026-06-10 01:30,0
2026-06-10 01:45,0
2026-06-10 02:00,0
2026-06-10 02:15,0
2026-06-10 02:30,0
2026-06-10 02:45,0
2026-06-10 03:00,0
2026-06-10 03:15,0
2026-06-10 03:30,0
2026-06-10 03:45,0
2026-06-10 04:00,0
2026-06-10 04:15,0
2026-06-10 04:30,0
2026-06-10 04:45,0
2026-06-10 05:23,0
2026-06-10 05:30,0
2026-06-10 06:00,0
2026-06-10 06:15,0
2026-06-10 06:30,0
2026-06-10 06:45,0
2026-06-10 07:23,0
2026-06-10 07:30,0
2026-06-10 07:45,0
2026-06-10 08:00,0
2026-06-10 08:39,0
2026-06-10 09:50,0
2026-06-10 10:00,0
2026-06-10 10:15,0
2026-06-10 10:30,0
2026-06-10 10:45,0
2026-06-10 11:26,0
2026-06-10 11:45,0
2026-06-10 12:00,0
2026-06-10 12:15,0
2026-06-10 12:30,0
2026-06-10 12:45,0
2026-06-10 13:00,0
2026-06-10 13:15,0
2026-06-10 13:30,0
2026-06-10 13:45,0
2026-06-10 14:00,0
2026-06-10 14:45,0
2026-06-10 15:00,0
2026-06-10 15:15,0
2026-06-10 15:30,0
2026-06-10 15:45,0
2026-06-10 16:00,0
2026-06-10 16:15,0
2026-06-10 16:30,0
2026-06-10 16:45,0
2026-06-10 17:15,0
2026-06-10 17:30,0
2026-06-10 17:45,0
2026-06-10 18:00,0
2026-06-10 18:15,0
2026-06-10 18:30,0
2026-06-10 18:45,0
2026-06-10 19:27,0
2026-06-10 19:30,0
2026-06-10 19:45,0
2026-06-10 20:00,0
2026-06-10 20:15,0
2026-06-10 20:30,0
2026-06-10 21:15,0
2026-06-10 21:30,0
2026-06-10 21:45,0
2026-06-10 22:00,0
2026-06-10 22:15,0
2026-06-10 22:57,0
2026-06-10 23:00,0
2026-06-10 23:15,0
2026-06-10 23:30,0
2026-06-10 23:45,0
2026-06-11 00:00,0
2026-06-11 00:15,0
2026-06-11 00:30,0
2026-06-11 00:45,0
2026-06-11 01:00,0
2026-06-11 01:15,0
2026-06-11 01:30,0
2026-06-11 02:00,0
2026-06-11 02:15,0
2026-06-11 02:30,0
2026-06-11 02:45,0
2026-06-11 03:00,0
2026-06-11 03:15,0
2026-06-11 03:30,0
2026-06-11 04:15,0
2026-06-11 04:30,0
2026-06-11 04:45,0
2026-06-11 05:00,0
2026-06-11 05:15,0
2026-06-11 05:45,0
2026-06-11 06:00,0
2026-06-11 06:15,0
2026-06-11 06:30,0
2026-06-11 06:45,0
2026-06-11 07:15,0
2026-06-11 07:30,0
2026-06-11 07:45,0
2026-06-11 08:00,0
2026-06-11 08:15,0
2026-06-11 08:30,0
2026-06-11 08:45,0
2026-06-11 09:00,0
2026-06-11 09:15,0
2026-06-11 09:30,0
2026-06-11 09:45,0
2026-06-11 10:00,0
2026-06-11 10:15,0
2026-06-11 10:30,0
2026-06-11 10:45,0
2026-06-11 11:00,0
2026-06-11 11:15,0
2026-06-11 11:30,0
2026-06-11 11:45,0
2026-06-11 12:00,0
2026-06-11 12:15,0
2026-06-11 12:30,0
2026-06-11 12:45,0
2026-06-11 13:00,0
2026-06-11 13:30,0
2026-06-11 13:45,0
2026-06-11 14:27,0
2026-06-11 14:30,0
2026-06-11 14:45,0
2026-06-11 15:00,0
2026-06-11 15:15,0
2026-06-11 15:30,0
2026-06-11 15:45,0
2026-06-11 16:00,0
2026-06-11 16:15,0
2026-06-11 16:30,0
2026-06-11 17:00,0
2026-06-11 18:00,0
2026-06-11 18:15,0
2026-06-11 19:21,0
2026-06-11 19:30,0
2026-06-11 20:15,0
2026-06-11 20:30,0
2026-06-11 20:45,0
2026-06-11 21:29,0
2026-06-11 21:44,0
2026-06-11 21:59,0
2026-06-11 22:00,0
2026-06-11 22:15,0
2026-06-11 22:30,0
2026-06-11 22:45,0
2026-06-11 23:00,0
2026-06-11 23:15,0
2026-06-11 23:30,0
2026-06-11 23:45,0
2026-06-12 00:00,0
2026-06-12 00:30,0
2026-06-12 00:45,0
2026-06-12 01:00,0
2026-06-12 01:15,0
2026-06-12 01:30,0
2026-06-12 02:00,0
2026-06-12 02:15,0
2026-06-12 02:30,0
2026-06-12 02:45,0
2026-06-12 03:15,0
2026-06-12 03:30,0
2026-06-12 03:45,0
2026-06-12 04:00,0
2026-06-12 04:15,0
2026-06-12 04:30,0
2026-06-12 04:45,0
2026-06-12 05:26,0
2026-06-12 06:12,0
2026-06-12 06:15,0
2026-06-12 06:30,0
2026-06-12 06:45,0
2026-06-12 07:00,0
2026-06-12 07:40,0
2026-06-12 07:45,0
2026-06-12 08:00,0
2026-06-12 08:15,0
2026-06-12 08:30,0
2026-06-12 08:45,0
2026-06-12 09:30,0
2026-06-12 09:45,0
2026-06-12 10:26,0
2026-06-12 10:30,0
2026-06-12 10:45,0
2026-06-12 11:00,0
2026-06-12 11:15,0
2026-06-12 11:45,0
2026-06-12 12:15,0
2026-06-12 12:30,0
2026-06-12 13:00,0
2026-06-12 13:30,0
2026-06-12 14:10,0
2026-06-12 14:15,0
2026-06-12 14:45,0
2026-06-12 15:25,0
2026-06-12 15:30,0
2026-06-12 15:45,0
2026-06-12 16:15,0
2026-06-12 16:30,0
2026-06-12 16:45,0
2026-06-12 17:00,0
2026-06-12 17:15,0
2026-06-12 17:30,0
2026-06-12 17:45,0
2026-06-12 18:00,0
2026-06-12 18:30,0
2026-06-12 18:45,0
2026-06-12 19:00,0
2026-06-12 19:15,0
2026-06-12 19:30,0
2026-06-12 19:45,0
2026-06-12 20:00,0
2026-06-12 20:15,0
2026-06-12 20:30,0
2026-06-12 20:45,0
2026-06-12 21:15,0
2026-06-12 21:30,0
2026-06-12 22:00,0
2026-06-12 22:15,0
2026-06-12 22:30,0
2026-06-12 22:45,0
2026-06-12 23:00,0
2026-06-12 23:15,0
2026-06-12 23:30,0
2026-06-12 23:45,0
2026-06-13 00:00,0
2026-06-13 00:15,0
2026-06-13 00:30,0
2026-06-13 00:45,0
2026-06-13 01:15,0
2026-06-13 01:30,0
2026-06-13 01:45,0
2026-06-13 02:00,0
2026-06-13 02:15,0
2026-06-13 02:30,0
2026-06-13 03:00,0
2026-06-13 03:15,0
2026-06-13 03:30,0
2026-06-13 03:45,0
2026-06-13 04:15,0
2026-06-13 04:45,0
2026-06-13 05:00,0
2026-06-13 05:15,0
2026-06-13 05:45,0
2026-06-13 06:13,0
2026-06-13 06:15,0
2026-06-13 06:45,0
2026-06-13 07:00,0
2026-06-13 07:15,0
2026-06-13 07:30,0
2026-06-13 07:45,0
2026-06-13 08:00,0
2026-06-13 08:15,0
2026-06-13 08:45,0
2026-06-13 09:00,0
2026-06-13 09:15,0
2026-06-13 09:30,0
2026-06-13 09:45,0
2026-06-13 10:00,0
2026-06-13 10:15,0
2026-06-13 10:48,0
2026-06-13 11:00,0
2026-06-13 11:30,0
2026-06-13 11:45,0
2026-06-13 12:19,0
2026-06-13 12:30,0
2026-06-13 12:45,0
2026-06-13 13:00,0
2026-06-13 13:15,0
2026-06-13 13:45,0
2026-06-13 14:00,0
2026-06-13 14:15,0
2026-06-13 14:30,0
2026-06-13 14:45,0
2026-06-13 15:00,0
2026-06-13 15:15,0
2026-06-13 15:30,0
2026-06-13 15:45,0
2026-06-13 16:15,0
2026-06-13 16:30,0
2026-06-13 17:00,0
2026-06-13 17:15,0
2026-06-13 17:30,0
2026-06-13 17:45,0
2026-06-13 18:00,0
2026-06-13 18:30,0
2026-06-13 19:02,0
2026-06-13 19:15,0
2026-06-13 19:30,0
2026-06-13 19:45,0
2026-06-13 20:00,0
2026-06-13 20:15,0
2026-06-13 20:30,0
2026-06-13 20:45,0
2026-06-13 21:00,0
2026-06-13 21:15,0
2026-06-13 21:30,0
2026-06-13 21:45,0
2026-06-13 22:00,0
2026-06-13 22:15,0
2026-06-13 22:45,0
2026-06-13 23:00,0
2026-06-13 23:15,0
2026-06-13 23:30,0
2026-06-13 23:45,0
2026-06-14 00:00,0
2026-06-14 00:15,0
2026-06-14 00:30,0
2026-06-14 00:45,0
2026-06-14 01:00,0
2026-06-14 01:15,0
2026-06-14 01:30,0
2026-06-14 01:45,0
2026-06-14 02:00,0
2026-06-14 02:15,0
2026-06-14 02:30,0
2026-06-14 02:45,0
2026-06-14 03:00,0
2026-06-14 03:15,0
2026-06-14 03:45,0
2026-06-14 04:00,0
2026-06-14 04:15,0
2026-06-14 04:30,0
2026-06-14 04:45,0
2026-06-14 05:00,0
2026-06-14 05:15,0
2026-06-14 05:30,0
2026-06-14 05:45,0
2026-06-14 06:00,0
2026-06-14 06:15,0
2026-06-14 06:30,0
2026-06-14 06:45,0
2026-06-14 07:00,0
2026-06-14 07:15,0
2026-06-14 07:30,0
2026-06-14 07:45,0
2026-06-14 08:00,0
2026-06-14 08:15,0
2026-06-14 08:30,0
2026-06-14 08:45,0
2026-06-14 09:00,0
2026-06-14 09:15,0
2026-06-14 09:30,0
2026-06-14 09:45,0
2026-06-14 10:00,0
2026-06-14 10:30,0
2026-06-14 10:45,0
2026-06-14 11:00,0
2026-06-14 11:15,0
2026-06-14 11:30,0
2026-06-14 11:45,0
2026-06-14 12:00,0
2026-06-14 12:15,0
2026-06-14 12:30,0
2026-06-14 13:00,0
2026-06-14 13:15,0
2026-06-14 13:30,0
2026-06-14 13:45,0
2026-06-14 14:15,0
2026-06-14 14:30,0
2026-06-14 14:45,0
2026-06-14 15:00,0
2026-06-14 15:30,0
2026-06-14 15:45,0
2026-06-14 16:23,0
2026-06-14 16:45,0
2026-06-14 17:00,0
2026-06-14 17:30,0
2026-06-14 17:45,0
2026-06-14 18:00,0
2026-06-14 18:15,0
2026-06-14 18:30,0
2026-06-14 18:45,0
2026-06-14 19:15,0
2026-06-14 19:30,0
2026-06-14 19:45,0
2026-06-14 20:00,0
2026-06-14 20:15,0
2026-06-14 20:30,0
2026-06-14 20:45,0
2026-06-14 21:00,0
2026-06-14 21:15,0
2026-06-14 21:30,0
2026-06-14 21:45,0
2026-06-14 22:00,0
2026-06-14 22:30,0
2026-06-14 22:45,0
2026-06-14 23:15,0
2026-06-14 23:30,0
2026-06-14 23:45,0
2026-06-15 00:00,0
2026-06-15 00:15,0
2026-06-15 00:30,0
2026-06-15 00:45,0
2026-06-15 01:15,0
2026-06-15 01:30,0
2026-06-15 01:45,0
2026-06-15 02:00,0
2026-06-15 02:15,0
2026-06-15 02:30,0
2026-06-15 02:45,0
2026-06-15 03:00,0
2026-06-15 03:30,0
2026-06-15 03:45,0
2026-06-15 04:00,0
2026-06-15 04:15,0
2026-06-15 04:30,0
2026-06-15 04:45,0
2026-06-15 05:00,0
2026-06-15 05:15,0
2026-06-15 05:30,0
2026-06-15 06:00,0
2026-06-15 06:15,0
2026-06-15 06:30,0
2026-06-15 06:45,0
2026-06-15 07:00,0
2026-06-15 07:15,0
2026-06-15 07:30,0
2026-06-15 07:45,0
2026-06-15 08:00,0
2026-06-15 08:15,0
2026-06-15 08:30,0
2026-06-15 08:45,0
2026-06-15 09:00,0
2026-06-15 09:30,0
2026-06-15 10:00,0
2026-06-15 10:15,0
2026-06-15 10:45,0
2026-06-15 11:00,0
2026-06-15 11:15,0
2026-06-15 11:30,0
2026-06-15 11:45,0
2026-06-15 12:00,0
2026-06-15 12:15,0
2026-06-15 12:30,0
2026-06-15 12:45,0
2026-06-15 13:00,0
2026-06-15 13:15,0
2026-06-15 13:30,0
2026-06-15 13:45,0
2026-06-15 14:00,0
2026-06-15 14:15,0
2026-06-15 14:30,0
2026-06-15 14:45,0
2026-06-15 15:00,0
2026-06-15 15:15,0
2026-06-15 15:30,0
2026-06-15 15:45,0
2026-06-15 16:00,0
2026-06-15 16:15,0
2026-06-15 16:30,0
2026-06-15 16:45,0
2026-06-15 17:00,0
2026-06-15 17:15,0
2026-06-15 17:30,0
2026-06-15 17:45,0
2026-06-15 18:00,0
2026-06-15 18:15,0
2026-06-15 18:30,0
2026-06-15 18:45,0
2026-06-15 19:00,0
2026-06-15 19:15,0
2026-06-15 19:30,0
2026-06-15 19:45,0
2026-06-15 20:00,0
2026-06-15 20:15,0
2026-06-15 20:30,0
2026-06-15 20:45,0
2026-06-15 21:00,0
2026-06-15 21:15,0
2026-06-15 21:30,0
2026-06-15 21:45,0
2026-06-15 22:00,0
2026-06-15 22:15,0
2026-06-15 22:30,0
2026-06-15 22:45,0
2026-06-15 23:00,0
2026-06-15 23:15,0
2026-06-15 23:30,0
2026-06-15 23:45,0
2026-06-16 00:00,0
2026-06-16 00:15,0
2026-06-16 00:30,0
2026-06-16 00:45,0
2026-06-16 01:15,0
2026-06-16 01:30,0
2026-06-16 01:45,0
2026-06-16 02:00,0
2026-06-16 02:15,0
2026-06-16 02:30,0
2026-06-16 02:45,0
2026-06-16 03:00,0
2026-06-16 03:15,0
2026-06-16 03:30,0
2026-06-16 03:45,0
2026-06-16 04:00,0
2026-06-16 04:15,0
2026-06-16 04:30,0
2026-06-16 04:45,0
2026-06-16 05:00,0
2026-06-16 05:15,0
2026-06-16 05:30,0
2026-06-16 05:45,0
2026-06-16 06:00,0
2026-06-16 06:15,0
2026-06-16 06:45,0
2026-06-16 07:00,0
2026-06-16 07:15,0
2026-06-16 07:30,0
2026-06-16 07:45,0
2026-06-16 08:00,0
2026-06-16 08:30,0
2026-06-16 08:45,0
2026-06-16 09:00,0
2026-06-16 09:15,0
2026-06-16 09:30,0
2026-06-16 10:00,0
2026-06-16 10:15,0
2026-06-16 10:30,0
2026-06-16 11:20,0
2026-06-16 11:30,0
2026-06-16 11:45,0
2026-06-16 12:00,0
2026-06-16 12:15,0
2026-06-16 12:45,0
2026-06-16 13:00,0
2026-06-16 13:30,0
2026-06-16 13:45,0
2026-06-16 14:00,0
2026-06-16 14:30,0
2026-06-16 14:45,0
2026-06-16 15:00,0
2026-06-16 15:15,0
2026-06-16 16:05,0
2026-06-16 16:15,0
2026-06-16 16:30,0
2026-06-16 16:45,0
2026-06-16 17:00,0
2026-06-16 17:15,0
2026-06-16 17:45,0
2026-06-16 18:28,0
2026-06-16 18:45,0
2026-06-16 19:00,0
2026-06-16 19:15,0
2026-06-16 19:45,0
2026-06-16 20:00,0
2026-06-16 20:15,0
2026-06-16 20:30,0
2026-06-16 20:45,0
2026-06-16 21:00,0
2026-06-16 21:15,0
2026-06-16 21:57,0
2026-06-16 22:00,0
2026-06-16 22:15,0
2026-06-16 22:30,0
2026-06-16 22:45,0
2026-06-16 23:00,0
2026-06-16 23:15,0
2026-06-16 23:58,0
2026-06-17 00:15,0
2026-06-17 00:30,0
2026-06-17 00:45,0
2026-06-17 01:00,0
2026-06-17 01:30,0
2026-06-17 01:45,0
2026-06-17 02:00,0
2026-06-17 02:15,0
2026-06-17 02:45,0
2026-06-17 03:00,0
2026-06-17 03:15,0
2026-06-17 03:45,0
2026-06-17 04:00,0
2026-06-17 04:15,0
2026-06-17 04:30,0
2026-06-17 04:45,0
2026-06-17 05:00,0
2026-06-17 05:30,0
2026-06-17 05:45,0
2026-06-17 06:00,0
2026-06-17 06:15,0
2026-06-17 06:30,0
2026-06-17 06:45,0
2026-06-17 07:00,0
2026-06-17 07:15,0
2026-06-17 07:57,0
2026-06-17 08:00,0
2026-06-17 08:15,0
2026-06-17 08:30,0
2026-06-17 08:45,0
2026-06-17 09:00,0
2026-06-17 09:15,0
2026-06-17 09:30,0
2026-06-17 10:00,0
2026-06-17 10:15,0
2026-06-17 10:30,0
2026-06-17 11:00,0
2026-06-17 11:15,0
2026-06-17 11:30,0
2026-06-17 11:45,0
2026-06-17 12:00,0
2026-06-17 12:15,0
2026-06-17 12:30,0
2026-06-17 12:45,0
2026-06-17 13:00,0
2026-06-17 13:15,0
2026-06-17 13:30,0
2026-06-17 13:45,0
2026-06-17 14:00,0
2026-06-17 14:15,0
2026-06-17 14:30,0
2026-06-17 14:45,0
2026-06-17 15:00,0
2026-06-17 15:15,0
2026-06-17 15:45,0
2026-06-17 16:00,0
2026-06-17 16:15,0
2026-06-17 16:30,0
2026-06-17 17:15,0
2026-06-17 17:30,0
2026-06-17 18:00,0
2026-06-17 18:30,0
2026-06-17 19:00,0
2026-06-17 19:30,0
2026-06-17 19:45,0
2026-06-17 20:00,0
2026-06-17 20:15,0
2026-06-17 20:30,0
2026-06-17 20:45,0
2026-06-17 21:00,0
2026-06-17 21:15,0
2026-06-17 21:30,0
2026-06-17 21:45,0
2026-06-17 22:00,0
2026-06-17 22:15,0
2026-06-17 22:55,0
2026-06-17 23:00,0
2026-06-17 23:15,0
2026-06-17 23:30,0
2026-06-17 23:45,0
2026-06-18 00:00,0
2026-06-18 00:15,0
2026-06-18 00:30,0
2026-06-18 00:45,0
2026-06-18 01:00,0
2026-06-18 01:15,0
2026-06-18 01:30,0
2026-06-18 01:45,0
2026-06-18 02:00,0
2026-06-18 02:15,0
2026-06-18 02:30,0
2026-06-18 02:45,0
2026-06-18 03:00,0
2026-06-18 03:15,0
2026-06-18 03:30,0
2026-06-18 04:11,0
2026-06-18 04:40,0
2026-06-18 04:45,0
2026-06-18 05:00,0
2026-06-18 05:15,0
2026-06-18 05:45,0
2026-06-18 06:00,0
2026-06-18 06:15,0
2026-06-18 06:30,0
2026-06-18 06:45,0
2026-06-18 07:00,0
2026-06-18 07:15,0
2026-06-18 07:30,0
2026-06-18 07:45,0
2026-06-18 08:00,0
2026-06-18 08:15,0
2026-06-18 08:30,0
2026-06-18 08:45,0
2026-06-18 09:00,0
2026-06-18 09:15,0
2026-06-18 09:30,0
2026-06-18 09:45,0
2026-06-18 10:00,0
2026-06-18 10:15,0
2026-06-18 10:30,0
2026-06-18 10:45,0
2026-06-18 11:00,0
2026-06-18 11:15,0
2026-06-18 11:30,0
2026-06-18 11:45,0
2026-06-18 12:00,0
2026-06-18 12:15,0
2026-06-18 12:30,0
2026-06-18 12:45,0
2026-06-18 13:00,0
2026-06-18 13:15,0
2026-06-18 13:30,0
2026-06-18 13:45,0
2026-06-18 14:00,0
2026-06-18 14:15,0
2026-06-18 14:30,0
2026-06-18 14:45,0
2026-06-18 15:00,0
2026-06-18 15:15,0
2026-06-18 15:30,0
2026-06-18 15:45,0
2026-06-18 16:00,0
2026-06-18 16:15,0
2026-06-18 16:30,0
2026-06-18 16:45,0
2026-06-18 17:00,0
2026-06-18 18:00,0
2026-06-18 18:15,0
2026-06-18 18:30,0
2026-06-18 18:45,0
2026-06-18 19:00,0
2026-06-18 19:30,0
2026-06-18 19:45,0
2026-06-18 20:00,0
2026-06-18 20:52,0
2026-06-18 21:00,0
2026-06-18 21:15,0
2026-06-18 21:30,0
2026-06-18 21:45,0
2026-06-18 22:15,0
2026-06-18 22:30,0
2026-06-18 22:45,0
2026-06-18 23:00,0
2026-06-19 00:07,0
2026-06-19 00:15,0
2026-06-19 00:30,0
2026-06-19 00:45,0
2026-06-19 01:00,0
2026-06-19 01:15,0
2026-06-19 01:45,0
2026-06-19 02:00,0
2026-06-19 02:15,0
2026-06-19 02:30,0
2026-06-19 02:45,0
2026-06-19 03:29,0
2026-06-19 04:00,0
2026-06-19 04:29,0
2026-06-19 04:30,0
2026-06-19 04:45,0
2026-06-19 05:00,0
2026-06-19 05:15,0
2026-06-19 05:30,0
2026-06-19 05:45,0
2026-06-19 06:00,0
2026-06-19 06:15,0
2026-06-19 06:58,0
2026-06-19 07:00,0
2026-06-19 07:15,0
2026-06-19 07:30,0
2026-06-19 07:45,0
2026-06-19 08:00,0
2026-06-19 08:15,0
2026-06-19 08:30,0
2026-06-19 08:45,0
2026-06-19 09:00,0
2026-06-19 09:15,0
2026-06-19 09:30,0
2026-06-19 09:45,0
2026-06-19 10:00,0
2026-06-19 10:15,0
2026-06-19 10:30,0
2026-06-19 10:45,0
2026-06-19 11:00,0
2026-06-19 11:30,0
2026-06-19 11:45,0
2026-06-19 12:00,0
2026-06-19 12:15,0
2026-06-19 12:30,0
2026-06-19 12:45,0
2026-06-19 13:00,0
2026-06-19 13:15,0
2026-06-19 14:45,0
2026-06-19 15:00,0
2026-06-19 15:15,0
2026-06-19 15:30,0
2026-06-19 15:45,0
2026-06-19 16:28,0
2026-06-19 16:30,0
2026-06-19 16:45,0
2026-06-19 17:27,0
2026-06-19 17:30,0
2026-06-19 17:45,0
2026-06-19 18:00,0
2026-06-19 18:15,0
2026-06-19 18:30,0
2026-06-19 18:45,0
2026-06-19 19:00,0
2026-06-19 19:15,0
2026-06-19 19:30,0
2026-06-19 19:45,0
2026-06-19 20:00,0
2026-06-19 20:15,0
2026-06-19 20:30,0
2026-06-19 20:45,0
2026-06-19 21:00,0
2026-06-19 21:15,0
2026-06-19 21:30,0
2026-06-19 21:45,0
2026-06-19 22:00,0
2026-06-19 22:15,0
2026-06-19 22:30,0
2026-06-19 22:45,0
2026-06-19 23:00,0
2026-06-19 23:15,0
2026-06-20 00:00,0
2026-06-20 00:15,0
2026-06-20 00:30,0
2026-06-20 00:45,0
2026-06-20 01:00,0
2026-06-20 01:15,0
2026-06-20 01:30,0
2026-06-20 01:45,0
2026-06-20 02:00,0
2026-06-20 02:15,0
2026-06-20 03:09,0
2026-06-20 03:43,0
2026-06-20 03:45,0
2026-06-20 04:15,0
2026-06-20 05:06,0
2026-06-20 05:43,0
2026-06-20 05:45,0
2026-06-20 06:00,0
2026-06-20 06:15,0
2026-06-20 06:30,0
2026-06-20 07:12,0
2026-06-20 07:15,0
2026-06-20 07:30,0
2026-06-20 07:45,0
2026-06-20 08:00,0
2026-06-20 08:15,0
2026-06-20 08:30,0
2026-06-20 08:45,0
2026-06-20 09:00,0
2026-06-20 09:15,0
2026-06-20 09:30,0
2026-06-20 09:45,0
2026-06-20 10:00,0
2026-06-20 10:15,0
2026-06-20 10:30,0
2026-06-20 10:45,0
2026-06-20 11:00,0
2026-06-20 11:41,0
2026-06-20 11:45,0
2026-06-20 11:56,0
2026-06-20 12:00,0
2026-06-20 12:15,0
2026-06-20 12:45,0
2026-06-20 13:00,0
2026-06-20 13:15,0
2026-06-20 13:30,0
2026-06-20 13:45,0
2026-06-20 14:00,0
2026-06-20 14:15,0
2026-06-20 14:30,0
2026-06-20 14:45,0
2026-06-20 15:00,0
2026-06-20 15:15,0
2026-06-20 15:30,0
2026-06-20 15:45,0
2026-06-20 16:15,0
2026-06-20 16:30,0
2026-06-20 16:45,0
2026-06-20 17:00,0
2026-06-20 17:15,0
2026-06-20 17:30,0
2026-06-20 17:45,0
2026-06-20 18:00,0
2026-06-20 18:15,0
2026-06-20 18:56,0
2026-06-20 19:00,0
2026-06-20 19:15,0
2026-06-20 19:30,0
2026-06-20 20:11,0
2026-06-20 20:15,0
2026-06-20 20:30,0
2026-06-20 21:11,0
2026-06-20 21:15,0
2026-06-20 21:30,0
2026-06-20 21:45,0
2026-06-20 22:00,0
2026-06-20 22:15,0
2026-06-20 22:30,0
2026-06-20 22:45,0
2026-06-20 23:00,0
2026-06-20 23:15,0
2026-06-20 23:30,0
2026-06-20 23:45,0
2026-06-21 00:00,0
2026-06-21 00:15,0
2026-06-21 00:57,0
2026-06-21 01:00,0
2026-06-21 01:41,0
2026-06-21 01:45,0
2026-06-21 02:26,0
2026-06-21 02:30,0
2026-06-21 02:45,0
2026-06-21 03:00,0
2026-06-21 03:15,0
2026-06-21 03:30,0
2026-06-21 03:45,0
2026-06-21 04:26,0
2026-06-21 04:55,0
2026-06-21 05:00,0
2026-06-21 05:15,0
2026-06-21 05:56,0
2026-06-21 06:00,0
2026-06-21 07:05,0
2026-06-21 07:15,0
2026-06-21 07:30,0
2026-06-21 07:45,0
2026-06-21 08:00,0
2026-06-21 08:15,0
2026-06-21 08:30,0
2026-06-21 08:45,0
2026-06-21 09:00,0
2026-06-21 09:15,0
2026-06-21 09:30,0
2026-06-21 09:45,0
2026-06-21 10:00,0
2026-06-21 10:15,0
2026-06-21 10:30,0
2026-06-21 10:45,0
2026-06-21 11:00,0
2026-06-21 11:15,0
2026-06-21 11:30,0
2026-06-21 11:45,0
2026-06-21 12:00,0
2026-06-21 12:15,0
2026-06-21 12:30,0
2026-06-21 12:45,0
2026-06-21 13:00,0
2026-06-21 13:30,0
2026-06-21 13:45,0
2026-06-21 14:28,0
2026-06-21 14:30,0
2026-06-21 14:45,0
2026-06-21 15:00,0
2026-06-21 15:15,0
2026-06-21 15:30,0
2026-06-21 15:45,0
2026-06-21 16:00,0
2026-06-21 16:15,0
2026-06-21 16:30,0
2026-06-21 16:45,0
2026-06-21 17:00,0
2026-06-21 17:15,0
2026-06-21 17:30,0
2026-06-21 17:45,0
2026-06-21 18:15,0
2026-06-21 18:30,0
2026-06-21 19:13,0
2026-06-21 19:15,0
2026-06-21 19:30,0
2026-06-21 19:45,0
2026-06-21 20:00,0
2026-06-21 20:15,0
2026-06-21 20:30,0
2026-06-21 20:45,0
2026-06-21 21:00,0
2026-06-21 21:15,0
2026-06-21 22:00,0
2026-06-21 22:15,0
2026-06-21 22:30,0
2026-06-21 22:45,0
2026-06-21 23:00,0
2026-06-21 23:40,0
2026-06-21 23:45,0
2026-06-22 00:00,0
2026-06-22 00:15,0
2026-06-22 00:30,0
2026-06-22 00:45,0
2026-06-22 01:00,0
2026-06-22 01:15,0
2026-06-22 01:30,0
2026-06-22 02:15,0
2026-06-22 02:30,0
2026-06-22 02:45,0
2026-06-22 03:29,0
2026-06-22 03:30,0
2026-06-22 03:45,0
2026-06-22 04:00,0
2026-06-22 04:15,0
2026-06-22 04:55,0
2026-06-22 05:00,0
2026-06-22 05:15,0
2026-06-22 05:45,0
2026-06-22 06:00,0
2026-06-22 06:15,0
2026-06-22 06:30,0
2026-06-22 06:45,0
2026-06-22 07:00,0
2026-06-22 07:15,0
2026-06-22 07:30,0
2026-06-22 07:45,0
2026-06-22 08:00,0
2026-06-22 08:15,0
2026-06-22 08:30,0
2026-06-22 08:45,0
2026-06-22 09:00,0
2026-06-22 09:15,0
2026-06-22 09:30,0
2026-06-22 09:45,0
2026-06-22 10:00,0
2026-06-22 10:15,0
2026-06-22 10:56,0
2026-06-22 11:00,0
2026-06-22 11:15,0
2026-06-22 11:30,0
2026-06-22 11:45,0
2026-06-22 12:00,0
2026-06-22 12:15,0
2026-06-22 12:30,0
2026-06-22 12:45,0
2026-06-22 13:00,0
2026-06-22 13:15,0
2026-06-22 13:30,0
2026-06-22 13:45,0
2026-06-22 14:00,0
2026-06-22 14:15,0
2026-06-22 14:30,0
2026-06-22 14:45,0
2026-06-22 15:00,0
2026-06-22 15:15,0
2026-06-22 15:30,0
2026-06-22 15:45,0
2026-06-22 16:00,0
2026-06-22 16:41,0
2026-06-22 16:45,0
2026-06-22 16:59,0
2026-06-22 17:00,0
2026-06-22 17:15,0
2026-06-22 17:58,0
2026-06-22 18:00,0
2026-06-22 18:15,0
2026-06-22 18:30,0
2026-06-22 18:45,0
2026-06-22 19:00,0
2026-06-22 19:15,0
2026-06-22 19:30,0
2026-06-22 20:15,0
2026-06-22 20:30,0
2026-06-22 20:45,0
2026-06-22 21:00,0
2026-06-22 21:41,0
2026-06-22 21:45,0
2026-06-22 22:00,0
2026-06-22 22:42,0
2026-06-22 23:15,0
2026-06-22 23:30,0
2026-06-22 23:45,0
2026-06-23 00:41,0
2026-06-23 00:45,0
2026-06-23 01:00,0
2026-06-23 01:30,0
2026-06-23 01:45,0
2026-06-23 02:00,0
2026-06-23 02:30,0
2026-06-23 02:59,0
2026-06-23 03:00,0
2026-06-23 03:15,0
2026-06-23 03:30,0
2026-06-23 04:00,0
2026-06-23 04:30,0
2026-06-23 04:45,0
2026-06-23 05:00,0
2026-06-23 05:15,0
2026-06-23 05:30,0
2026-06-23 05:45,0
2026-06-23 06:00,0
2026-06-23 06:15,0
2026-06-23 06:30,0
2026-06-23 06:45,0
2026-06-23 07:00,0
2026-06-23 07:15,0
2026-06-23 07:30,0
2026-06-23 07:45,0
2026-06-23 08:00,0
2026-06-23 08:15,0
2026-06-23 08:30,0
2026-06-23 08:45,0
2026-06-23 09:00,0
2026-06-23 09:42,0
2026-06-23 09:45,0
2026-06-23 10:00,0
2026-06-23 10:15,0
2026-06-23 10:30,0
2026-06-23 10:45,0
2026-06-23 11:00,0
2026-06-23 11:15,0
2026-06-23 11:30,0
2026-06-23 11:45,0
2026-06-23 12:00,0
2026-06-23 12:15,0
2026-06-23 12:30,0
2026-06-23 12:45,0
2026-06-23 13:00,0
2026-06-23 13:15,0
2026-06-23 13:30,0
2026-06-23 13:45,0
2026-06-23 14:00,0
2026-06-23 14:15,0
2026-06-23 14:30,0
2026-06-23 14:45,0
2026-06-23 15:00,0
2026-06-23 15:15,0
2026-06-23 15:30,0
2026-06-23 15:45,0
2026-06-23 16:00,0
2026-06-23 16:15,0
2026-06-23 16:30,0
2026-06-23 16:45,0
2026-06-23 17:00,0
2026-06-23 17:15,0
2026-06-23 17:30,0
2026-06-23 17:45,0
2026-06-23 18:00,0
2026-06-23 18:15,0
2026-06-23 19:06,0
2026-06-23 19:28,0
2026-06-23 19:30,0
2026-06-23 19:45,0
2026-06-23 20:00,0
2026-06-23 20:15,0
2026-06-23 20:30,0
2026-06-23 20:45,0
2026-06-23 21:00,0
2026-06-23 21:15,0
2026-06-23 21:30,0
2026-06-23 21:45,0
2026-06-23 22:00,0
2026-06-23 22:15,0
2026-06-23 22:57,0
2026-06-23 23:15,0
2026-06-23 23:30,0
2026-06-23 23:45,0
2026-06-24 00:00,0
2026-06-24 00:15,0
2026-06-24 00:30,0
2026-06-24 00:45,0
2026-06-24 01:00,0
2026-06-24 01:15,0
2026-06-24 01:30,0
2026-06-24 01:45,0
2026-06-24 02:00,0
2026-06-24 02:15,0
2026-06-24 02:30,0
2026-06-24 03:14,0
2026-06-24 03:15,0
2026-06-24 03:30,0
2026-06-24 03:45,0
2026-06-24 04:00,0
2026-06-24 04:15,0
2026-06-24 04:30,0
2026-06-24 04:45,0
2026-06-24 05:00,0
2026-06-24 05:15,0
2026-06-24 05:30,0
2026-06-24 05:45,0
2026-06-24 06:00,0
2026-06-24 06:15,0
2026-06-24 06:30,0
2026-06-24 06:45,0
2026-06-24 07:00,0
2026-06-24 07:30,0
2026-06-24 07:59,0
2026-06-24 08:00,0
2026-06-24 08:15,0
2026-06-24 08:30,0
2026-06-24 08:45,0
2026-06-24 09:00,0
2026-06-24 09:15,0
2026-06-24 09:30,0
2026-06-24 09:45,0
2026-06-24 10:00,0
2026-06-24 10:30,0
2026-06-24 10:45,0
2026-06-24 11:00,0
2026-06-24 11:15,0
2026-06-24 11:30,0
2026-06-24 11:45,0
2026-06-24 12:00,0
2026-06-24 12:15,0
2026-06-24 12:30,0
2026-06-24 12:45,0
2026-06-24 13:00,0
2026-06-24 13:15,0
2026-06-24 13:30,0
2026-06-24 14:00,0
2026-06-24 14:15,0
2026-06-24 14:30,0
2026-06-24 14:45,0
2026-06-24 15:00,0
2026-06-24 15:15,0
2026-06-24 15:45,0
2026-06-24 16:00,0
2026-06-24 16:30,0
2026-06-24 16:45,0
2026-06-24 17:00,0
2026-06-24 17:15,0
2026-06-24 17:45,0
2026-06-24 18:00,0
2026-06-24 18:15,0
2026-06-24 18:30,0
2026-06-24 18:45,0
2026-06-24 19:15,0
2026-06-24 19:30,0
2026-06-24 19:45,0
2026-06-24 20:20,0
2026-06-24 20:30,0
2026-06-24 20:45,0
2026-06-24 21:00,0
2026-06-24 21:15,0
2026-06-24 21:30,0
2026-06-24 21:45,0
2026-06-24 22:00,0
2026-06-24 22:15,0
2026-06-24 22:30,0
2026-06-24 22:45,0
2026-06-24 23:00,0
2026-06-24 23:15,0
2026-06-24 23:30,0
2026-06-24 23:45,0
2026-06-25 00:00,0
2026-06-25 00:15,0
2026-06-25 00:30,0
2026-06-25 00:45,0
2026-06-25 01:00,0
2026-06-25 01:15,0
2026-06-25 01:30,0
2026-06-25 01:45,0
2026-06-25 02:00,0
2026-06-25 02:34,0
2026-06-25 03:00,0
2026-06-25 03:15,0
2026-06-25 03:30,0
2026-06-25 03:45,0
2026-06-25 04:18,0
2026-06-25 04:30,0
2026-06-25 05:05,0
2026-06-25 05:30,0
2026-06-25 05:45,0
2026-06-25 06:00,0
2026-06-25 06:15,0
2026-06-25 06:30,0
2026-06-25 07:03,0
2026-06-25 07:30,0
2026-06-25 08:00,0
2026-06-25 08:15,0
2026-06-25 08:30,0
2026-06-25 08:45,0
2026-06-25 09:00,0
2026-06-25 09:15,0
2026-06-25 09:45,0
2026-06-25 10:00,0
2026-06-25 10:15,0
2026-06-25 10:30,0
2026-06-25 10:45,0
2026-06-25 11:00,0
2026-06-25 11:15,0
2026-06-25 11:30,0
2026-06-25 11:45,0
2026-06-25 12:30,0
2026-06-25 12:45,0
2026-06-25 13:00,0
2026-06-25 13:38,0
2026-06-25 13:45,0
2026-06-25 14:15,0
2026-06-25 14:30,0
2026-06-25 14:45,0
2026-06-25 15:41,0
2026-06-25 15:45,0
2026-06-25 16:00,0
2026-06-25 16:15,0
2026-06-25 16:30,0
2026-06-25 16:45,0
2026-06-25 17:15,0
2026-06-25 17:30,0
2026-06-25 17:45,0
2026-06-25 18:00,0
2026-06-25 18:15,0
2026-06-25 18:53,0
2026-06-25 19:22,0
2026-06-25 19:30,0
2026-06-25 19:45,0
2026-06-25 20:00,0
2026-06-25 20:15,0
2026-06-25 20:30,0
2026-06-25 20:45,0
2026-06-25 21:40,0
2026-06-25 21:45,0
2026-06-25 22:00,0
2026-06-25 22:15,0
2026-06-25 23:20,0
2026-06-25 23:30,0
2026-06-26 00:00,0
2026-06-26 00:15,0
2026-06-26 00:53,0
2026-06-26 01:00,0
2026-06-26 01:15,0
2026-06-26 01:30,0
2026-06-26 01:45,0
2026-06-26 02:00,0
2026-06-26 02:15,0
2026-06-26 02:30,0
2026-06-26 02:45,0
2026-06-26 03:00,0
2026-06-26 03:15,0
2026-06-26 03:30,0
2026-06-26 03:45,0
2026-06-26 04:00,0
2026-06-26 04:15,0
2026-06-26 04:30,0
2026-06-26 04:45,0
2026-06-26 05:00,0
2026-06-26 05:15,0
2026-06-26 05:30,0
2026-06-26 05:45,0
2026-06-26 06:00,0
2026-06-26 06:36,0
2026-06-26 06:51,0
2026-06-26 07:20,0
2026-06-26 07:30,0
2026-06-26 07:45,0
2026-06-26 08:23,0
2026-06-26 08:30,0
2026-06-26 08:45,0
2026-06-26 09:00,0
2026-06-26 09:15,0
2026-06-26 09:30,0
2026-06-26 09:45,0
2026-06-26 10:00,0
2026-06-26 10:42,0
2026-06-26 10:45,0
2026-06-26 11:00,0
2026-06-26 11:15,0
2026-06-26 11:30,0
2026-06-26 11:45,0
2026-06-26 12:00,0
2026-06-26 12:15,0
2026-06-26 12:30,0
2026-06-26 12:45,0
2026-06-26 13:25,0
2026-06-26 13:56,0
2026-06-26 14:00,0
2026-06-26 14:15,0
2026-06-26 14:30,0
2026-06-26 14:45,0
2026-06-26 15:00,0
2026-06-26 15:15,0
2026-06-26 15:30,0
2026-06-26 16:10,0
2026-06-26 16:25,0
2026-06-26 16:55,0
2026-06-26 17:15,0
2026-06-26 17:30,0
2026-06-26 18:00,0
2026-06-26 18:15,0
2026-06-26 18:30,0
2026-06-26 18:45,0
2026-06-26 19:00,0
2026-06-26 19:15,0
2026-06-26 19:30,0
2026-06-26 19:45,0
2026-06-26 20:00,0
2026-06-26 20:39,0
2026-06-26 20:45,0
2026-06-26 21:00,0
2026-06-26 21:15,0
2026-06-26 21:30,0
2026-06-26 21:45,0
2026-06-26 22:00,0
2026-06-26 22:15,0
2026-06-26 22:30,0
2026-06-26 22:45,0
2026-06-26 23:00,0
2026-06-26 23:15,0
2026-06-26 23:30,0
2026-06-26 23:45,0
2026-06-27 00:00,0
2026-06-27 00:15,0
2026-06-27 00:30,0
2026-06-27 00:45,0
2026-06-27 01:00,0
2026-06-27 01:15,0
2026-06-27 01:30,0
2026-06-27 01:45,0
2026-06-27 02:00,0
2026-06-27 02:15,0
2026-06-27 02:30,0
2026-06-27 02:45,0
2026-06-27 03:00,0
2026-06-27 03:15,0
2026-06-27 03:30,0
2026-06-27 03:45,0
2026-06-27 04:00,0
2026-06-27 04:15,0
2026-06-27 04:30,0
2026-06-27 04:45,0
2026-06-27 05:00,0
2026-06-27 05:15,0
2026-06-27 05:30,0
2026-06-27 05:45,0
2026-06-27 06:00,0
2026-06-27 06:15,0
2026-06-27 06:30,0
2026-06-27 06:45,0
2026-06-27 07:00,0
2026-06-27 07:15,0
2026-06-27 07:30,0
2026-06-27 07:45,0
2026-06-27 08:00,0
2026-06-27 08:15,0
2026-06-27 08:30,0
2026-06-27 08:45,0
2026-06-27 09:15,0
2026-06-27 09:30,0
2026-06-27 09:45,0
2026-06-27 10:00,0
2026-06-27 10:15,0
2026-06-27 10:45,0
2026-06-27 11:15,0
2026-06-27 11:30,0
2026-06-27 11:45,0
2026-06-27 12:00,0
2026-06-27 12:46,0
2026-06-27 13:00,0
2026-06-27 13:30,0
2026-06-27 13:45,0
2026-06-27 14:00,0
2026-06-27 14:54,0
2026-06-27 15:00,0
2026-06-27 15:15,0
2026-06-27 15:30,0
2026-06-27 15:45,0
2026-06-27 16:00,0
2026-06-27 16:15,0
2026-06-27 16:30,0
2026-06-27 16:45,0
2026-06-27 17:16,0
2026-06-27 17:30,0
2026-06-27 17:45,0
2026-06-27 18:00,0
2026-06-27 18:15,0
2026-06-27 18:30,0
2026-06-27 18:45,0
2026-06-27 19:00,0
2026-06-27 19:15,0
2026-06-27 19:30,0
2026-06-27 19:45,0
2026-06-27 20:00,0
2026-06-27 20:15,0
2026-06-27 20:30,0
2026-06-27 20:45,0
2026-06-27 21:00,0
2026-06-27 21:15,0
2026-06-27 21:30,0
2026-06-27 21:45,0
2026-06-27 22:00,0
2026-06-27 22:15,0
2026-06-27 22:30,0
2026-06-27 22:45,0
2026-06-27 23:00,0
2026-06-27 23:15,0
2026-06-27 23:30,0
2026-06-27 23:45,0
2026-06-28 00:17,0
2026-06-28 00:30,0
2026-06-28 00:45,0
2026-06-28 01:00,0
2026-06-28 01:29,0
2026-06-28 01:45,0
2026-06-28 02:00,0
2026-06-28 02:15,0
2026-06-28 02:30,0
2026-06-28 02:45,0
2026-06-28 03:00,0
2026-06-28 03:30,0
2026-06-28 03:45,0
2026-06-28 04:00,0
2026-06-28 04:15,0
2026-06-28 04:30,0
2026-06-28 04:45,0
2026-06-28 05:00,0
2026-06-28 05:15,0
2026-06-28 05:30,0
2026-06-28 05:45,0
2026-06-28 06:00,0
2026-06-28 06:15,0
2026-06-28 06:30,0
2026-06-28 06:45,0
2026-06-28 07:00,0
2026-06-28 07:15,0
2026-06-28 07:45,0
2026-06-28 08:00,0
2026-06-28 08:15,0
2026-06-28 08:30,0
2026-06-28 08:45,0
2026-06-28 09:00,0
2026-06-28 09:29,0
2026-06-28 09:30,0
2026-06-28 09:45,0
2026-06-28 10:15,0
2026-06-28 10:30,0
2026-06-28 10:45,0
2026-06-28 11:00,0
2026-06-28 11:15,0
2026-06-28 11:30,0
2026-06-28 11:45,0
2026-06-28 12:15,0
2026-06-28 12:30,0
2026-06-28 12:45,0
2026-06-28 13:00,0
2026-06-28 13:15,0
2026-06-28 13:30,0
2026-06-28 13:45,0
2026-06-28 14:00,0
2026-06-28 14:15,0
2026-06-28 14:30,0
2026-06-28 14:45,0
2026-06-28 15:15,0
2026-06-28 15:30,0
2026-06-28 15:45,0
2026-06-28 16:00,0
2026-06-28 16:15,0
2026-06-28 16:30,0
2026-06-28 16:45,0
2026-06-28 17:00,0
2026-06-28 17:15,0
2026-06-28 17:30,0
2026-06-28 17:45,0
2026-06-28 18:00,0
2026-06-28 18:15,0
2026-06-28 18:30,0
2026-06-28 18:45,0
2026-06-28 19:00,0
2026-06-28 19:15,0
2026-06-28 19:30,0
2026-06-28 19:45,0
2026-06-28 20:00,0
2026-06-28 20:15,0
2026-06-28 20:30,0
2026-06-28 20:45,0
2026-06-28 21:00,0
2026-06-28 21:29,0
2026-06-28 21:30,0
2026-06-28 21:58,0
2026-06-28 22:14,0
2026-06-28 22:15,0
2026-06-28 22:30,0
2026-06-28 22:45,0
2026-06-28 23:14,0
2026-06-28 23:30,0
2026-06-29 00:00,0
2026-06-29 00:15,0
2026-06-29 00:30,0
2026-06-29 00:45,0
2026-06-29 01:00,0
2026-06-29 01:15,0
2026-06-29 01:30,0
2026-06-29 01:45,0
2026-06-29 02:00,0
2026-06-29 02:15,0
2026-06-29 02:30,0
2026-06-29 02:45,0
2026-06-29 03:00,0
2026-06-29 03:15,0
2026-06-29 03:30,0
2026-06-29 03:45,0
2026-06-29 04:00,0
2026-06-29 04:15,0
2026-06-29 04:30,0
2026-06-29 04:45,0
2026-06-29 05:00,0
2026-06-29 05:29,0
2026-06-29 05:30,0
2026-06-29 05:45,0
2026-06-29 06:14,0
2026-06-29 06:15,0
2026-06-29 06:30,0
2026-06-29 06:45,0
2026-06-29 07:00,0
2026-06-29 07:15,0
2026-06-29 07:30,0
2026-06-29 07:45,0
2026-06-29 08:00,0
2026-06-29 08:15,0
2026-06-29 08:30,0
2026-06-29 08:45,0
2026-06-29 09:00,0
2026-06-29 09:15,0
2026-06-29 09:30,0
2026-06-29 09:45,0
2026-06-29 10:00,0
2026-06-29 10:15,0
2026-06-29 10:30,0
2026-06-29 10:45,0
2026-06-29 11:00,0
2026-06-29 11:30,0
2026-06-29 12:02,0
2026-06-29 12:15,0
2026-06-29 12:30,0
2026-06-29 12:59,0
2026-06-29 13:00,0
2026-06-29 13:15,0
2026-06-29 13:30,0
2026-06-29 13:45,0
2026-06-29 14:00,0
2026-06-29 14:15,0
2026-06-29 14:44,0
2026-06-29 14:45,0
2026-06-29 15:00,0
2026-06-29 15:28,0
2026-06-29 15:30,0
2026-06-29 15:45,0
2026-06-29 16:00,0
2026-06-29 16:15,0
2026-06-29 16:30,0
2026-06-29 17:00,0
2026-06-29 17:15,0
2026-06-29 17:30,0
2026-06-29 17:45,0
2026-06-29 18:13,0
2026-06-29 18:15,0
2026-06-29 18:30,0
2026-06-29 18:45,0
2026-06-29 19:00,0
2026-06-29 19:15,0
2026-06-29 19:43,0
2026-06-29 19:45,0
2026-06-29 20:00,0
2026-06-29 20:30,0
2026-06-29 20:45,0
2026-06-29 21:00,0
2026-06-29 21:15,0
2026-06-29 21:30,0
2026-06-29 21:45,0
2026-06-29 22:00,0
2026-06-29 22:15,0
2026-06-29 22:30,0
2026-06-29 22:45,0
2026-06-29 23:00,0
2026-06-29 23:15,0
2026-06-29 23:30,0
2026-06-29 23:45,0
2026-06-30 00:00,0
2026-06-30 00:30,0
2026-06-30 00:45,0
2026-06-30 01:00,0
2026-06-30 01:15,0
2026-06-30 01:30,0
2026-06-30 01:45,0
2026-06-30 02:00,0
2026-06-30 02:30,0
2026-06-30 02:45,0
2026-06-30 03:00,0
2026-06-30 03:15,0
2026-06-30 03:45,0
2026-06-30 04:00,0
2026-06-30 04:15,0
2026-06-30 04:30,0
2026-06-30 05:00,0
2026-06-30 05:15,0
2026-06-30 05:30,0
2026-06-30 06:09,0
2026-06-30 06:15,0
2026-06-30 06:45,0
2026-06-30 07:00,0
2026-06-30 07:30,0
2026-06-30 07:45,0
2026-06-30 08:00,0
2026-06-30 08:15,0
2026-06-30 08:30,0
2026-06-30 08:45,0
2026-06-30 09:00,0
2026-06-30 09:15,0
2026-06-30 09:30,0
2026-06-30 09:45,0
2026-06-30 10:00,0
2026-06-30 10:15,0
2026-06-30 10:30,0
2026-06-30 10:45,0
2026-06-30 11:00,0
2026-06-30 11:15,0
2026-06-30 11:30,0
2026-06-30 11:45,0
2026-06-30 12:00,0
2026-06-30 12:15,0
2026-06-30 12:30,0
2026-06-30 12:45,0
2026-06-30 13:00,0
2026-06-30 13:15,0
2026-06-30 13:30,0
2026-06-30 13:45,0
2026-06-30 14:00,0
2026-06-30 14:15,0
2026-06-30 14:30,0
2026-06-30 15:38,0
2026-06-30 15:45,0
2026-06-30 16:00,0
2026-06-30 16:15,0
2026-06-30 16:45,0
2026-06-30 17:00,0
2026-06-30 17:15,0
2026-06-30 17:30,0
2026-06-30 17:45,0
2026-06-30 18:00,0
2026-06-30 18:31,0
2026-06-30 18:45,0
2026-06-30 19:00,0
2026-06-30 19:15,0
2026-06-30 19:30,0
2026-06-30 19:45,0
2026-06-30 20:00,0
2026-06-30 20:15,0
2026-06-30 20:30,0
2026-06-30 20:45,0
2026-06-30 21:00,0
2026-06-30 21:15,0
2026-06-30 22:30,0
2026-06-30 22:45,0
2026-06-30 23:00,0
2026-06-30 23:15,0
2026-06-30 23:30,0
2026-06-30 23:45,0
2026-07-01 00:00,0
2026-07-01 00:15,0
2026-07-01 00:30,0
2026-07-01 00:45,0
2026-07-01 01:00,0
2026-07-01 01:43,0
2026-07-01 02:25,0
2026-07-01 02:30,0
2026-07-01 02:45,0
2026-07-01 03:00,0
2026-07-01 03:15,0
2026-07-01 03:30,0
2026-07-01 04:00,0
2026-07-01 04:15,0
2026-07-01 04:30,0
2026-07-01 04:45,0
2026-07-01 05:00,0
2026-07-01 05:15,0
2026-07-01 05:30,0
2026-07-01 06:10,0
2026-07-01 06:15,0
2026-07-01 06:30,0
2026-07-01 06:45,0
2026-07-01 07:00,0
2026-07-01 07:15,0
2026-07-01 07:30,0
2026-07-01 08:00,0
2026-07-01 08:15,0
2026-07-01 08:30,0
2026-07-01 08:45,0
2026-07-01 09:13,0
2026-07-01 09:30,0
2026-07-01 10:00,0
2026-07-01 10:15,0
2026-07-01 10:45,0
2026-07-01 11:00,0
2026-07-01 11:15,0
2026-07-01 11:30,0
2026-07-01 11:45,0
2026-07-01 12:24,0
2026-07-01 12:45,0
2026-07-01 13:00,0
2026-07-01 13:15,0
2026-07-01 13:30,0
2026-07-01 13:45,0
2026-07-01 14:00,0
2026-07-01 14:15,0
2026-07-01 14:30,0
2026-07-01 14:45,0
2026-07-01 15:14,0
2026-07-01 15:15,0
2026-07-01 15:30,0
2026-07-01 15:45,0
2026-07-01 16:00,0
2026-07-01 16:15,0
2026-07-01 16:30,0
2026-07-01 16:45,0
2026-07-01 17:15,0
2026-07-01 17:30,0
2026-07-01 17:57,0
2026-07-01 18:15,0
2026-07-01 19:14,0
2026-07-01 19:15,0
2026-07-01 19:30,0
2026-07-01 19:45,0
2026-07-01 20:12,0
2026-07-01 20:29,0
2026-07-01 20:30,0
2026-07-01 21:39,0
2026-07-01 21:45,0
2026-07-01 22:00,0
2026-07-01 22:15,0
2026-07-01 22:30,0
2026-07-01 23:15,0
2026-07-01 23:47,0
2026-07-02 00:00,0
2026-07-02 00:30,0
2026-07-02 00:45,0
2026-07-02 01:00,0
2026-07-02 01:15,0
2026-07-02 01:30,0
2026-07-02 01:45,0
2026-07-02 02:00,0
2026-07-02 02:30,0
2026-07-02 02:45,0
2026-07-02 03:00,0
2026-07-02 03:15,0
2026-07-02 03:45,0
2026-07-02 04:00,0
2026-07-02 04:15,0
2026-07-02 04:30,0
2026-07-02 05:00,0
2026-07-02 05:15,0
2026-07-02 05:30,0
2026-07-02 05:58,0
2026-07-02 06:00,0
2026-07-02 06:15,0
2026-07-02 06:30,0
2026-07-02 06:45,0
2026-07-02 07:24,0
2026-07-02 07:30,0
2026-07-02 07:45,0
2026-07-02 08:15,0
2026-07-02 08:30,0
2026-07-02 08:59,0
2026-07-02 09:00,0
2026-07-02 09:15,0
2026-07-02 09:30,0
2026-07-02 09:45,0
2026-07-02 10:00,0
2026-07-02 10:15,0
2026-07-02 10:30,0
2026-07-02 10:45,0
2026-07-02 11:00,0
2026-07-02 11:15,0
2026-07-02 11:30,0
2026-07-02 11:45,0
2026-07-02 12:00,0
2026-07-02 12:15,0
2026-07-02 12:30,0
2026-07-02 12:45,0
2026-07-02 13:00,0
2026-07-02 13:37,0
2026-07-02 13:45,0
2026-07-02 14:00,0
2026-07-02 14:15,0
2026-07-02 14:30,0
2026-07-02 14:45,0
2026-07-02 15:00,0
2026-07-02 15:15,0
2026-07-02 15:30,0
2026-07-02 15:45,0
2026-07-02 16:00,0
2026-07-02 16:15,0
2026-07-02 17:00,0
2026-07-02 17:15,0
2026-07-02 17:30,0
2026-07-02 17:45,0
2026-07-02 18:00,0
2026-07-02 18:15,0
2026-07-02 18:30,0
2026-07-02 18:45,0
2026-07-02 19:00,0
2026-07-02 19:33,0
2026-07-02 19:45,0
2026-07-02 20:00,0
2026-07-02 20:15,0
2026-07-02 20:30,0
2026-07-02 20:45,0
2026-07-02 21:57,0
2026-07-02 22:00,0
2026-07-02 22:15,0
2026-07-02 22:30,0
2026-07-02 22:45,0
2026-07-02 23:00,0
2026-07-02 23:15,0
2026-07-03 00:15,0
2026-07-03 01:00,0
2026-07-03 01:15,0
2026-07-03 01:50,0
2026-07-03 02:30,0
2026-07-03 02:45,0
2026-07-03 03:00,0
2026-07-03 03:15,0
2026-07-03 03:30,0
2026-07-03 03:45,0
2026-07-03 04:00,0
2026-07-03 04:15,0
2026-07-03 04:30,0
2026-07-03 04:45,0
2026-07-03 05:00,0
2026-07-03 05:15,0
2026-07-03 05:50,0
2026-07-03 06:06,0
2026-07-03 06:15,0
2026-07-03 06:30,0
2026-07-03 06:45,0
2026-07-03 07:00,0
2026-07-03 07:15,0
2026-07-03 07:30,0
2026-07-03 07:45,0
2026-07-03 08:00,0
2026-07-03 08:15,0
2026-07-03 08:30,0
2026-07-03 08:45,0
2026-07-03 09:00,0
2026-07-03 09:15,0
2026-07-03 09:30,0
2026-07-03 09:45,0
2026-07-03 10:00,0
2026-07-03 10:15,0
2026-07-03 10:30,0
2026-07-03 10:45,0
2026-07-03 11:00,0
2026-07-03 11:15,0
2026-07-03 11:30,0
2026-07-03 11:45,0
2026-07-03 12:21,0
2026-07-03 13:00,0
2026-07-03 13:15,0
2026-07-03 13:30,0
2026-07-03 13:45,0
2026-07-03 14:00,0
2026-07-03 14:15,0
2026-07-03 15:00,0
2026-07-03 15:15,0
2026-07-03 16:00,0
2026-07-03 16:15,0
2026-07-03 16:30,0
2026-07-03 17:17,0
2026-07-03 17:52,0
2026-07-03 18:45,0
2026-07-03 19:32,0
2026-07-03 20:03,0
2026-07-03 20:34,0
2026-07-03 21:33,0
2026-07-03 22:00,0
2026-07-03 22:15,0
2026-07-03 22:48,0
2026-07-03 23:00,0
2026-07-03 23:15,0
2026-07-04 00:00,0
2026-07-04 00:30,0
2026-07-04 00:45,0
2026-07-04 01:00,0
2026-07-04 01:15,0
2026-07-04 01:30,0
2026-07-04 01:45,0
2026-07-04 02:00,0
2026-07-04 02:34,0
2026-07-04 02:45,0
2026-07-04 03:00,0
2026-07-04 03:15,0
2026-07-04 03:30,0
2026-07-04 03:45,0
2026-07-04 04:15,0
2026-07-04 04:30,0
2026-07-04 04:45,0
2026-07-04 05:00,0
2026-07-04 05:15,0
2026-07-04 05:30,0
2026-07-04 05:45,0
2026-07-04 06:00,0
2026-07-04 06:15,0
2026-07-04 06:30,0
2026-07-04 06:45,0
2026-07-04 07:00,0
2026-07-04 07:15,0
2026-07-04 07:30,0
2026-07-04 07:45,0
2026-07-04 08:00,0
2026-07-04 08:15,0
2026-07-04 08:30,0
2026-07-04 08:45,0
2026-07-04 09:00,0
2026-07-04 09:15,0
2026-07-04 09:48,0
2026-07-04 10:15,0
2026-07-04 10:30,0
2026-07-04 10:45,0
2026-07-04 11:00,0
2026-07-04 11:15,0
2026-07-04 11:30,0
2026-07-04 11:45,0
2026-07-04 12:00,0
2026-07-04 12:15,0
2026-07-04 12:30,0
2026-07-04 12:45,0
2026-07-04 13:00,0
2026-07-04 13:15,0
2026-07-04 13:30,0
2026-07-04 13:45,0
2026-07-04 14:00,0
2026-07-04 14:15,0
2026-07-04 14:30,0
2026-07-04 15:04,0
2026-07-04 15:15,0
2026-07-04 16:02,0
2026-07-04 16:15,0
2026-07-04 16:30,0
2026-07-04 16:45,0
2026-07-04 17:35,0
2026-07-04 18:15,0
2026-07-04 18:30,0
2026-07-04 18:45,0
2026-07-04 19:19,0
2026-07-04 19:49,0
2026-07-04 20:00,0
2026-07-04 20:15,0
2026-07-04 20:30,0
2026-07-04 20:45,0
2026-07-04 21:19,0
2026-07-04 22:06,0
2026-07-04 23:00,0
2026-07-04 23:15,0
2026-07-04 23:30,0
2026-07-05 00:06,0
2026-07-05 00:15,0
2026-07-05 01:21,0
2026-07-05 01:30,0
2026-07-05 02:20,0
2026-07-05 02:30,0
2026-07-05 04:04,0
2026-07-05 04:15,0
2026-07-05 04:45,0
2026-07-05 05:00,0
2026-07-05 05:15,0
2026-07-05 05:30,0
2026-07-05 05:45,0
2026-07-05 06:00,0
2026-07-05 06:15,0
2026-07-05 06:30,0
2026-07-05 06:45,0
2026-07-05 07:00,0
2026-07-05 07:15,0
2026-07-05 07:30,0
2026-07-05 08:00,0
2026-07-05 08:45,0
2026-07-05 09:15,0
2026-07-05 09:30,0
2026-07-05 09:45,0
2026-07-05 10:00,0
2026-07-05 10:15,0
2026-07-05 10:30,0
2026-07-05 10:45,0
2026-07-05 11:00,0
2026-07-05 11:15,0
2026-07-05 11:30,0
2026-07-05 11:45,0
2026-07-05 12:23,0
2026-07-05 12:38,0
2026-07-05 13:00,0
2026-07-05 13:49,0
2026-07-05 14:00,0
2026-07-05 14:15,0
2026-07-05 14:30,0
2026-07-05 14:45,0
2026-07-05 15:00,0
2026-07-05 15:15,0
2026-07-05 15:30,0
2026-07-05 16:52,0
2026-07-05 17:00,0
2026-07-05 17:48,0
2026-07-05 18:30,0
2026-07-05 18:45,0
2026-07-05 19:00,0
2026-07-05 19:15,0
2026-07-05 19:30,0
2026-07-05 19:45,0
2026-07-05 20:00,0
2026-07-05 20:15,0
2026-07-05 21:15,0
2026-07-05 21:30,0
2026-07-05 21:45,0
2026-07-05 22:21,0
2026-07-05 22:30,0
2026-07-05 23:17,0
2026-07-05 23:51,0
2026-07-06 00:00,0
2026-07-06 00:34,0
2026-07-06 01:00,0
2026-07-06 01:15,0
2026-07-06 01:30,0
2026-07-06 01:45,0
2026-07-06 02:19,0
2026-07-06 02:30,0
2026-07-06 02:45,0
2026-07-06 03:30,0
2026-07-06 03:45,0
2026-07-06 04:21,0
2026-07-06 04:30,0
2026-07-06 05:08,0
2026-07-06 05:23,0
2026-07-06 05:51,0
2026-07-06 06:32,0
2026-07-06 06:45,0
2026-07-06 07:00,0
2026-07-06 07:15,0
2026-07-06 07:30,0
2026-07-06 07:45,0
2026-07-06 08:00,0
2026-07-06 08:15,0
2026-07-06 08:30,0
2026-07-06 08:45,0
2026-07-06 09:15,0
2026-07-06 09:30,0
2026-07-06 09:45,0
2026-07-06 10:00,0
2026-07-06 10:15,0
2026-07-06 10:30,0
2026-07-06 10:45,0
2026-07-06 11:00,0
2026-07-06 11:15,0
2026-07-06 11:30,0
2026-07-06 12:00,0
2026-07-06 12:15,0
2026-07-06 12:54,0
2026-07-06 13:07,0
2026-07-06 13:15,0
2026-07-06 13:45,0
2026-07-06 14:00,0
2026-07-06 14:37,0
2026-07-06 14:45,0
2026-07-06 15:00,0
2026-07-06 15:15,0
2026-07-06 15:53,0
2026-07-06 16:27,0
2026-07-06 16:30,0
2026-07-06 16:45,0
2026-07-06 17:00,0
2026-07-06 17:50,0
2026-07-06 18:19,0
2026-07-06 18:30,0
2026-07-06 18:45,0
2026-07-06 19:00,0
2026-07-06 19:50,0
2026-07-06 20:53,0
2026-07-06 21:07,0
2026-07-06 21:30,0
2026-07-06 21:45,0
2026-07-06 22:30,0
2026-07-06 22:45,0
2026-07-06 23:22,0
2026-07-06 23:38,0
2026-07-07 00:18,0
2026-07-07 00:30,0
2026-07-07 00:45,0
2026-07-07 01:00,0
2026-07-07 02:03,0
2026-07-07 02:24,0
2026-07-07 02:38,0
2026-07-07 02:45,0
2026-07-07 03:00,0
2026-07-07 03:15,0
2026-07-07 03:30,0
2026-07-07 04:00,0
2026-07-07 04:45,0
2026-07-07 05:23,0
2026-07-07 05:30,0
2026-07-07 05:45,0
2026-07-07 06:00,0
2026-07-07 06:15,0
2026-07-07 07:00,0
2026-07-07 07:39,0
2026-07-07 07:45,0
2026-07-07 08:00,0
2026-07-07 08:15,0
2026-07-07 08:55,0
2026-07-07 09:00,0
2026-07-07 09:40,0
2026-07-07 09:45,0
2026-07-07 10:00,0
2026-07-07 10:39,0
2026-07-07 10:45,0
2026-07-07 11:00,0
2026-07-07 11:40,0
2026-07-07 12:10,0
2026-07-07 12:36,0
2026-07-07 13:18,0
2026-07-07 13:39,0
2026-07-07 13:55,0
2026-07-07 14:10,0
2026-07-07 14:15,0
2026-07-07 14:30,0
2026-07-07 15:12,0
2026-07-07 15:15,0
2026-07-07 15:30,0
2026-07-07 16:10,0
2026-07-07 16:15,0
2026-07-07 16:54,0
2026-07-07 17:00,0
2026-07-07 17:45,0
2026-07-07 18:00,0
2026-07-07 18:15,0
2026-07-07 18:30,0
2026-07-07 19:11,0
2026-07-07 19:15,0
2026-07-07 19:30,0
2026-07-07 20:10,0
2026-07-07 20:36,0
2026-07-07 20:53,0
2026-07-07 21:00,0
2026-07-07 22:01,0
2026-07-07 22:15,0
2026-07-07 22:30,0
2026-07-07 23:00,0
2026-07-07 23:15,0
2026-07-08 00:22,0
2026-07-08 00:52,0
2026-07-08 01:47,0
2026-07-08 02:00,0
2026-07-08 02:15,0
2026-07-08 03:08,0
2026-07-08 03:49,0
2026-07-08 04:00,0
2026-07-08 04:15,0
2026-07-08 04:52,0
2026-07-08 05:00,0
2026-07-08 05:15,0
2026-07-08 05:53,0
2026-07-08 06:00,0
2026-07-08 06:15,0
2026-07-08 06:30,0
2026-07-08 06:45,0
2026-07-08 07:00,0
2026-07-08 07:15,0
2026-07-08 07:30,0
2026-07-08 07:45,0
2026-07-08 08:00,0
2026-07-08 08:15,0
2026-07-08 08:30,0
2026-07-08 08:45,0
2026-07-08 09:00,0
2026-07-08 09:49,0
2026-07-08 10:00,0
2026-07-08 10:38,0
2026-07-08 10:45,0
2026-07-08 11:00,0
2026-07-08 11:15,0
2026-07-08 11:53,0
2026-07-08 12:00,0
2026-07-08 12:15,0
2026-07-08 12:30,0
2026-07-08 12:45,0
2026-07-08 13:00,0
2026-07-08 13:15,0
2026-07-08 13:30,0
2026-07-08 13:45,0
2026-07-08 14:24,0
2026-07-08 14:30,0
2026-07-08 14:45,0
2026-07-08 15:00,0
2026-07-08 15:15,0
2026-07-08 15:30,0
2026-07-08 15:45,0
2026-07-08 16:00,0
2026-07-08 16:15,0
2026-07-08 16:30,0
2026-07-08 16:45,0
2026-07-08 17:00,0
2026-07-08 17:30,0
2026-07-08 17:45,0
2026-07-08 18:00,0
2026-07-08 18:15,0
2026-07-08 18:30,0
2026-07-08 19:00,0
2026-07-08 19:15,0
2026-07-08 19:30,0
2026-07-08 19:45,0
2026-07-08 20:15,0
2026-07-08 20:30,0
2026-07-08 20:45,0
2026-07-08 21:24,0
2026-07-08 21:54,0
2026-07-08 22:00,0
2026-07-08 22:15,0
2026-07-08 22:30,0
2026-07-08 22:45,0
2026-07-08 23:00,0
2026-07-08 23:45,0
2026-07-09 00:24,0
2026-07-09 00:30,0
2026-07-09 00:45,0
2026-07-09 01:00,0
2026-07-09 01:15,0
2026-07-09 01:30,0
2026-07-09 01:45,0
2026-07-09 02:00,0
2026-07-09 02:15,0
2026-07-09 02:30,0
2026-07-09 02:45,0
2026-07-09 03:00,0
2026-07-09 03:15,0
2026-07-09 03:52,0
2026-07-09 04:07,0
2026-07-09 04:15,0
2026-07-09 04:30,0
2026-07-09 04:45,0
2026-07-09 05:00,0
2026-07-09 05:39,0
2026-07-09 05:45,0
2026-07-09 06:00,0
2026-07-09 06:15,0
2026-07-09 06:30,0
2026-07-09 07:00,0
2026-07-09 07:15,0
2026-07-09 07:30,0
2026-07-09 07:45,0
2026-07-09 08:00,0
2026-07-09 08:15,0
2026-07-09 08:30,0
2026-07-09 08:45,0
2026-07-09 09:00,0
2026-07-09 09:39,0
2026-07-09 09:45,0
2026-07-09 10:00,0
2026-07-09 10:15,0
2026-07-09 10:30,0
2026-07-09 10:45,0
2026-07-09 11:00,0
2026-07-09 11:15,0
2026-07-09 11:30,0
2026-07-09 11:45,0
2026-07-09 12:00,0
2026-07-09 12:15,0
2026-07-09 13:10,0
2026-07-09 13:15,0
2026-07-09 13:30,0
2026-07-09 13:45,0
2026-07-09 14:00,0
2026-07-09 14:15,0
2026-07-09 14:30,0
2026-07-09 14:45,0
2026-07-09 15:00,0
2026-07-09 15:15,0
2026-07-09 15:30,0
2026-07-09 15:45,0
2026-07-09 16:00,0
2026-07-09 16:15,0
2026-07-09 16:30,0
2026-07-09 16:45,0
2026-07-09 17:00,0
2026-07-09 17:15,0
2026-07-09 17:30,0
2026-07-09 17:45,0
2026-07-09 18:00,0
2026-07-09 18:15,0
2026-07-09 18:30,0
2026-07-09 18:45,0
2026-07-09 19:00,0
2026-07-09 19:15,0
2026-07-09 19:30,0
2026-07-09 19:45,0
2026-07-09 20:00,0
2026-07-09 20:15,0
2026-07-09 20:30,0
2026-07-09 20:45,0
2026-07-09 21:55,0
2026-07-09 22:24,0
2026-07-09 22:30,0
2026-07-09 22:45,0
2026-07-09 23:00,0
2026-07-09 23:15,0
2026-07-10 00:05,0
2026-07-10 00:45,0
2026-07-10 01:00,0
2026-07-10 01:15,0
2026-07-10 01:30,0
2026-07-10 02:12,0
2026-07-10 02:15,0
2026-07-10 02:30,0
2026-07-10 02:45,0
2026-07-10 03:24,0
2026-07-10 03:30,0
2026-07-10 03:45,0
2026-07-10 04:00,0
2026-07-10 04:15,0
2026-07-10 04:30,0
2026-07-10 04:45,0
2026-07-10 05:30,0
2026-07-10 05:45,0
2026-07-10 06:00,0
2026-07-10 06:38,0
2026-07-10 06:45,0
2026-07-10 07:24,0
2026-07-10 08:50,0
2026-07-10 09:00,0
2026-07-10 09:15,0
2026-07-10 09:30,0
2026-07-10 09:45,0
2026-07-10 10:00,0
2026-07-10 10:45,0
2026-07-10 11:15,0
2026-07-10 11:52,0
2026-07-10 12:00,0
2026-07-10 12:15,0
2026-07-10 12:30,0
2026-07-10 12:45,0
2026-07-10 13:23,0
2026-07-10 13:30,0
2026-07-10 13:45,0
2026-07-10 14:23,0
2026-07-10 14:30,0
2026-07-10 14:45,0
2026-07-10 15:00,0
2026-07-10 15:39,0
2026-07-10 15:45,0
2026-07-10 16:00,0
2026-07-10 16:15,0
2026-07-10 16:30,0
2026-07-10 16:45,0
2026-07-10 17:00,0
2026-07-10 17:15,0
2026-07-10 17:53,0
2026-07-10 18:00,0
2026-07-10 18:41,0
2026-07-10 18:45,0
2026-07-10 19:00,0
2026-07-10 19:15,0
2026-07-10 19:30,0
2026-07-10 20:00,0
2026-07-10 20:15,0
2026-07-10 20:30,0
2026-07-10 20:45,0
2026-07-10 21:30,0
2026-07-10 21:45,0
2026-07-10 22:39,0
2026-07-10 22:45,0
2026-07-10 23:25,0
2026-07-10 23:42,0
2026-07-10 23:45,0
2026-07-11 00:00,0
2026-07-11 00:15,0
2026-07-11 00:30,0
2026-07-11 00:45,0
2026-07-11 01:36,0
2026-07-11 01:45,0
2026-07-11 02:25,0
2026-07-11 02:30,0
2026-07-11 02:45,0
2026-07-11 03:00,0
2026-07-11 03:15,0
2026-07-11 03:30,0
2026-07-11 03:45,0
2026-07-11 04:26,0
2026-07-11 04:30,0
2026-07-11 04:45,0
2026-07-11 05:35,0
2026-07-11 05:56,0
2026-07-11 06:00,0
2026-07-11 06:15,0
2026-07-11 06:30,0
2026-07-11 06:45,0
2026-07-11 07:00,0
2026-07-11 08:00,0
2026-07-11 09:15,0
2026-07-11 09:30,0
2026-07-11 09:45,0
2026-07-11 10:00,0
2026-07-11 10:57,0
2026-07-11 11:30,0
2026-07-11 11:45,0
2026-07-11 12:15,0
2026-07-11 12:30,0
2026-07-11 13:14,0
2026-07-11 13:15,0
2026-07-11 13:30,0
2026-07-11 14:14,0
2026-07-11 14:15,0
2026-07-11 14:30,0
2026-07-11 15:00,0
2026-07-11 16:04,0
2026-07-11 16:15,0
2026-07-11 16:30,0
2026-07-11 16:45,0
2026-07-11 17:00,0
2026-07-11 17:40,0
2026-07-11 18:11,0
2026-07-11 18:15,0
2026-07-11 18:30,0
2026-07-11 18:45,0
2026-07-11 19:00,0
2026-07-11 19:30,0
2026-07-11 20:10,0
2026-07-11 20:15,0
2026-07-11 20:30,0
2026-07-11 20:45,0
2026-07-11 21:00,0
2026-07-11 21:15,0
2026-07-11 21:30,0
2026-07-11 21:45,0
2026-07-11 22:00,0
2026-07-11 22:15,0
2026-07-11 22:56,0
2026-07-11 23:00,0
2026-07-11 23:15,0
2026-07-11 23:30,0
2026-07-12 00:12,0
2026-07-12 00:15,0
2026-07-12 00:30,0
2026-07-12 00:45,0
2026-07-12 01:00,0
2026-07-12 01:15,0
2026-07-12 02:15,0
2026-07-12 03:00,0
2026-07-12 03:15,0
2026-07-12 03:30,0
2026-07-12 03:45,0
2026-07-12 04:52,0
2026-07-12 05:00,0
2026-07-12 05:43,0
2026-07-12 06:00,0
2026-07-12 06:40,0
2026-07-12 06:45,0
2026-07-12 07:00,0
2026-07-12 07:15,0
2026-07-12 07:30,0
2026-07-12 07:45,0
2026-07-12 08:00,0
2026-07-12 08:45,0
2026-07-12 09:00,0
2026-07-12 09:43,0
2026-07-12 09:45,0
2026-07-12 10:28,0
2026-07-12 10:45,0
2026-07-12 11:00,0
2026-07-12 11:15,0
2026-07-12 11:45,0
2026-07-12 12:00,0
2026-07-12 12:30,0
2026-07-12 12:45,0
2026-07-12 13:00,0
2026-07-12 13:15,0
2026-07-12 13:58,0
2026-07-12 14:00,0
2026-07-12 14:15,0
2026-07-12 14:30,0
2026-07-12 14:45,0
2026-07-12 15:00,0
2026-07-12 15:15,0
2026-07-12 15:30,0
2026-07-12 15:45,0
2026-07-12 16:00,0
2026-07-12 16:15,0
2026-07-12 16:30,0
2026-07-12 16:45,0
2026-07-12 17:00,0
2026-07-12 17:15,0
2026-07-12 17:30,0
2026-07-12 18:00,0
2026-07-12 18:30,0
2026-07-12 18:45,0
2026-07-12 19:00,0
2026-07-12 19:15,0
2026-07-12 19:45,0
2026-07-12 20:00,0
2026-07-12 20:15,0
2026-07-12 20:45,0
2026-07-12 21:00,0
2026-07-12 21:15,0
2026-07-12 21:30,0
2026-07-12 21:45,0
2026-07-12 22:00,0
2026-07-12 22:15,0
2026-07-12 22:30,0
2026-07-12 22:45,0
2026-07-12 23:59,0
2026-07-13 00:15,0
2026-07-13 00:30,0
2026-07-13 01:13,0
2026-07-13 01:15,0
2026-07-13 01:30,0
2026-07-13 02:12,0
2026-07-13 02:44,0
2026-07-13 02:45,0
2026-07-13 03:00,0
2026-07-13 03:30,0
2026-07-13 03:45,0
2026-07-13 04:00,0
2026-07-13 04:15,0
2026-07-13 05:38,0
2026-07-13 05:45,0
2026-07-13 06:15,0
2026-07-13 06:57,0
2026-07-13 07:00,0
2026-07-13 07:15,0
2026-07-13 07:30,0
2026-07-13 07:45,0
2026-07-13 08:00,0
2026-07-13 08:46,0
2026-07-13 09:15,0
2026-07-13 09:48,0
2026-07-13 10:15,0
2026-07-13 10:30,0
2026-07-13 11:00,0
2026-07-13 11:15,0
2026-07-13 11:45,0
2026-07-13 12:00,0
2026-07-13 12:15,0
2026-07-13 12:30,0
2026-07-13 12:45,0
2026-07-13 13:00,0
2026-07-13 13:30,0
2026-07-13 13:45,0
2026-07-13 14:40,0
2026-07-13 14:45,0
2026-07-13 15:56,0
2026-07-13 16:15,0
2026-07-13 16:30,0
2026-07-13 16:45,0
2026-07-13 17:45,0
2026-07-13 18:32,0
2026-07-13 18:45,0
2026-07-13 19:15,0
2026-07-13 19:50,0
2026-07-13 20:15,0
2026-07-13 20:30,0
2026-07-13 20:45,0
2026-07-13 21:00,0
2026-07-13 22:02,0
2026-07-13 22:15,0
2026-07-13 23:03,0
2026-07-13 23:30,0
2026-07-13 23:45,0
2026-07-14 00:00,0
2026-07-14 00:15,0
2026-07-14 00:30,0
2026-07-14 00:45,0
2026-07-14 01:00,0
2026-07-14 01:15,0
2026-07-14 01:45,0
2026-07-14 02:00,0
2026-07-14 02:15,0
2026-07-14 02:30,0
2026-07-14 02:45,0
2026-07-14 03:14,0
2026-07-14 03:15,0
2026-07-14 03:30,0
2026-07-14 04:46,0
2026-07-14 05:00,0
2026-07-14 05:15,0
2026-07-14 06:00,0
2026-07-14 06:18,0
2026-07-14 06:30,0
2026-07-14 06:45,0
2026-07-14 07:16,0
2026-07-14 07:46,0
2026-07-14 08:00,0
2026-07-14 08:34,0
2026-07-14 08:45,0
2026-07-14 09:15,0
2026-07-14 09:49,0
2026-07-14 10:15,0
2026-07-14 10:30,0
2026-07-14 10:45,0
2026-07-14 11:00,0
2026-07-14 11:15,0
2026-07-14 11:45,0
2026-07-14 12:00,0
2026-07-14 12:39,0
2026-07-14 13:00,0
2026-07-14 13:15,0
2026-07-14 13:30,0
2026-07-14 13:45,0
2026-07-14 14:00,0
2026-07-14 14:15,0
2026-07-14 14:49,0
2026-07-14 15:00,0
2026-07-14 15:15,0
2026-07-14 15:30,0
2026-07-14 15:45,0
2026-07-14 16:00,0
2026-07-14 16:15,0
2026-07-14 16:30,0
2026-07-14 16:45,0
2026-07-14 17:29,0
2026-07-14 17:30,0
2026-07-14 17:45,0
2026-07-14 18:00,0
2026-07-14 18:15,0
2026-07-14 18:30,0
2026-07-14 18:45,0
2026-07-14 19:00,0
2026-07-14 19:15,0
2026-07-14 19:46,0
2026-07-14 20:17,0
2026-07-14 20:47,0
2026-07-14 21:14,0
2026-07-14 21:15,0
2026-07-14 21:30,0
2026-07-14 21:45,0
2026-07-14 22:00,0
2026-07-14 22:15,0
2026-07-14 22:30,0
2026-07-14 23:00,0
2026-07-14 23:30,0
2026-07-15 00:04,0
2026-07-15 00:15,0
2026-07-15 00:30,0
2026-07-15 01:00,0
2026-07-15 01:04,0
2026-07-15 01:15,0
2026-07-15 01:54,0
2026-07-15 02:15,0
2026-07-15 03:03,0
2026-07-15 03:47,0
2026-07-15 04:00,0
2026-07-15 05:00,0
2026-07-15 05:15,0
2026-07-15 06:05,0
2026-07-15 06:15,0
2026-07-15 07:00,0
2026-07-15 07:15,0
2026-07-15 07:30,0
2026-07-15 07:45,0
2026-07-15 08:00,0
2026-07-15 08:15,0
2026-07-15 08:30,0
2026-07-15 08:45,0
2026-07-15 09:23,0
2026-07-15 09:30,0
2026-07-15 09:45,0
2026-07-15 10:00,0
2026-07-15 10:15,0
2026-07-15 10:30,0
2026-07-15 11:00,0
2026-07-15 11:15,0
2026-07-15 11:30,0
2026-07-15 12:00,0
2026-07-15 12:15,0
2026-07-15 12:30,0
2026-07-15 12:45,0
2026-07-16 10:45,0.2
2026-07-16 11:00,0.2
2026-07-16 11:38,0.23
2026-07-16 11:45,0.2
2026-07-16 12:00,0.2
2026-07-16 12:15,0.2
2026-07-16 12:30,0.2
2026-07-16 12:45,0.2
2026-07-16 13:00,0.18
2026-07-16 13:15,0.16
2026-07-16 13:30,0.2
2026-07-16 13:45,0.2
2026-07-16 14:00,0.2
2026-07-16 14:15,0.18
2026-07-16 14:30,0.18
2026-07-16 14:45,0.2
2026-07-16 15:00,0.2
2026-07-16 15:15,0.2
2026-07-16 15:52,0.2
2026-07-16 16:17,0.2
2026-07-16 16:50,0.2
2026-07-16 17:20,0.18
2026-07-16 17:50,0.2
2026-07-16 18:00,0.18
2026-07-16 18:35,0.2
2026-07-16 19:05,0.2
2026-07-16 19:15,0.2
2026-07-16 19:30,0.2
2026-07-16 19:45,0.2
2026-07-16 20:23,0.2
2026-07-16 20:30,0.2
2026-07-16 20:45,0.2
2026-07-16 21:15,0.23
2026-07-16 21:45,0.23
2026-07-16 22:00,0.25
2026-07-16 22:15,0.23
2026-07-16 22:30,0.23
2026-07-16 23:00,0.23
2026-07-16 23:15,0.23
2026-07-16 23:30,0.23
2026-07-17 00:00,0.23
2026-07-17 00:15,0.23
2026-07-17 00:30,0.23
2026-07-17 00:45,0.23
2026-07-17 01:22,0.23
2026-07-17 01:49,0.23
2026-07-17 02:15,0.23
2026-07-17 02:30,0.23
2026-07-17 03:20,0.23
2026-07-17 03:38,0.23
2026-07-17 04:03,0.23
2026-07-17 04:15,0.23
2026-07-17 04:30,0.23
2026-07-17 04:45,0.23
2026-07-17 05:00,0.23
2026-07-17 05:15,0.23
2026-07-17 05:30,0.23
2026-07-17 05:45,0.23
2026-07-17 06:00,0.2
2026-07-17 06:15,0.2
2026-07-17 06:30,0.2
2026-07-17 06:45,0.2
2026-07-17 07:00,0.23
2026-07-17 07:15,0.2
2026-07-17 07:30,0.2
2026-07-17 07:45,0.23
2026-07-17 08:00,0.23
2026-07-17 08:15,0.23
2026-07-17 08:52,0.23
2026-07-17 09:00,0.23
2026-07-17 09:15,0.23
2026-07-17 09:30,0.23
2026-07-17 09:45,0.2
2026-07-17 10:00,0.2
2026-07-17 10:15,0.23
2026-07-17 10:30,0.2
2026-07-17 10:45,0.23
2026-07-17 11:00,0.23
2026-07-17 11:15,0.23
2026-07-17 11:30,0.23
2026-07-17 11:45,0.2
2026-07-17 12:00,0.34
2026-07-17 12:15,0.32
2026-07-17 12:30,0.32
2026-07-17 13:19,0.32
2026-07-17 13:51,0.34
2026-07-17 14:48,0.34
2026-07-17 15:00,0.34
2026-07-17 15:45,0.32
2026-07-17 16:34,0.37
2026-07-17 16:45,0.37
2026-07-17 17:00,0.37
2026-07-17 17:15,0.37
2026-07-17 17:30,0.37
2026-07-17 17:45,0.37
2026-07-17 18:15,0.37
2026-07-17 18:30,0.37
2026-07-17 18:45,0.37
2026-07-17 19:00,0.34
2026-07-17 19:15,0.34
2026-07-17 19:30,0.34
2026-07-17 19:45,0.34
2026-07-17 20:00,0.34
2026-07-17 20:15,0.34
2026-07-17 20:30,0.34
2026-07-17 20:45,0.34
2026-07-17 21:00,0.34
2026-07-17 21:15,0.34
2026-07-17 21:30,0.34
2026-07-17 21:45,0.34
2026-07-17 22:00,0.34
2026-07-17 22:37,0.34
2026-07-17 22:45,0.34
2026-07-17 23:00,0.34
2026-07-17 23:15,0.34
2026-07-17 23:30,0.34
2026-07-18 00:06,0.34
2026-07-18 00:15,0.34
2026-07-18 00:30,0.34
2026-07-18 00:45,0.34
2026-07-18 01:00,0.34
2026-07-18 01:15,0.37
2026-07-18 01:30,0.37
2026-07-18 01:45,0.37
2026-07-18 02:00,0.37
2026-07-18 02:15,0.37
2026-07-18 02:30,0.37
2026-07-18 02:45,0.37
2026-07-18 03:00,0.37
2026-07-18 03:15,0.37
2026-07-18 03:30,0.37
2026-07-18 03:45,0.37
2026-07-18 04:00,0.37
2026-07-18 04:15,0.37
2026-07-18 04:30,0.37
2026-07-18 04:45,0.37
2026-07-18 05:00,0.37
2026-07-18 05:15,0.37
2026-07-18 05:30,0.37
2026-07-18 05:45,0.37
2026-07-18 06:00,0.37
2026-07-18 06:15,0.37
2026-07-18 06:30,0.37
2026-07-18 06:45,0.37
2026-07-18 07:00,0.37
2026-07-18 07:15,0.37
2026-07-18 07:30,0.37
2026-07-18 07:45,0.37
2026-07-18 08:00,0.37
2026-07-18 08:15,0.37
2026-07-18 08:30,0.37
2026-07-18 08:45,0.37
2026-07-18 09:00,0.37
2026-07-18 09:15,0.37
2026-07-18 09:30,0.37
2026-07-18 09:45,0.37
2026-07-18 10:20,0.37
2026-07-18 10:30,0.37
2026-07-18 10:45,0.37
2026-07-18 11:00,0.37
2026-07-18 11:15,0.37
2026-07-18 11:30,0.37
2026-07-18 11:45,0.37
2026-07-18 12:20,0.37
2026-07-18 12:30,0.39
2026-07-18 12:45,0.08
2026-07-18 13:00,0.02
2026-07-18 13:15,0.01
2026-07-18 13:30,0.01
2026-07-18 13:45,0
2026-07-18 14:00,0
2026-07-18 14:15,0
2026-07-18 14:30,0
2026-07-18 14:45,0
2026-07-18 15:00,0
2026-07-18 15:15,0
2026-07-18 15:30,0
2026-07-18 15:45,0
2026-07-18 16:00,0
2026-07-18 16:45,0
2026-07-18 17:00,0
2026-07-18 17:15,0
2026-07-18 17:30,0
2026-07-18 17:45,0
2026-07-18 18:00,0
2026-07-18 19:00,0
2026-07-18 19:15,0
2026-07-18 19:30,0
2026-07-18 20:15,0
2026-07-18 20:30,0
2026-07-18 20:45,0
2026-07-18 21:00,0
2026-07-18 21:15,0
2026-07-18 21:30,0
2026-07-18 21:45,0
2026-07-18 22:22,0
2026-07-18 22:30,0
2026-07-18 22:45,0
2026-07-18 23:21,0
2026-07-19 00:00,0
2026-07-19 00:15,0
2026-07-19 00:30,0
2026-07-19 00:45,0
2026-07-19 01:00,0
2026-07-19 01:15,0
2026-07-19 01:30,0
2026-07-19 01:45,0
2026-07-19 02:00,0
2026-07-19 02:15,0
2026-07-19 02:30,0
2026-07-19 03:05,0
2026-07-19 03:20,0
2026-07-19 03:30,0
2026-07-19 03:45,0
2026-07-19 04:00,0
2026-07-19 04:30,0
2026-07-19 04:45,0
2026-07-19 05:00,0
2026-07-19 05:15,0
2026-07-19 05:30,0
2026-07-19 06:07,0
2026-07-19 06:15,0
2026-07-19 06:30,0
2026-07-19 06:45,0
2026-07-19 07:00,0
2026-07-19 07:15,0
2026-07-19 07:30,0
2026-07-19 07:45,0
2026-07-19 08:00,0
2026-07-19 08:15,0
2026-07-19 08:30,0
2026-07-19 08:45,0
2026-07-19 09:00,0
2026-07-19 09:15,0
2026-07-19 09:30,0
2026-07-19 09:45,0
2026-07-19 10:00,0
2026-07-19 10:15,0
2026-07-19 10:30,0
2026-07-19 10:45,0
2026-07-19 11:00,0
2026-07-19 11:15,0
2026-07-19 11:30,0
2026-07-19 11:45,0
2026-07-19 12:00,0
2026-07-19 12:15,0
2026-07-19 12:30,0
2026-07-19 13:00,0
2026-07-19 13:15,0
2026-07-19 13:30,0
2026-07-19 13:45,0
2026-07-19 14:00,0
2026-07-19 14:30,0
2026-07-19 14:45,0
2026-07-19 15:15,0
2026-07-19 15:30,0
2026-07-19 16:00,0
2026-07-19 16:50,0
2026-07-19 17:00,0
2026-07-19 17:15,0
2026-07-19 17:30,0
2026-07-19 17:45,0
2026-07-19 18:00,0
2026-07-19 18:39,0
2026-07-19 18:45,0
2026-07-19 19:23,0
2026-07-19 19:30,0
2026-07-19 19:45,0
2026-07-19 20:00,0
2026-07-19 20:15,0
2026-07-19 20:30,0
2026-07-19 20:45,0
2026-07-19 21:00,0
2026-07-19 21:15,0
2026-07-19 21:53,0
2026-07-19 22:24,0
2026-07-19 22:30,0
2026-07-19 22:45,0
2026-07-19 23:15,0
2026-07-19 23:30,0
2026-07-19 23:45,0
2026-07-20 00:25,0
2026-07-20 00:30,0
2026-07-20 01:00,0
2026-07-20 01:15,0
2026-07-20 01:30,0
2026-07-20 01:45,0
2026-07-20 02:00,0
2026-07-20 02:15,0
2026-07-20 02:30,0
2026-07-20 02:45,0
2026-07-20 03:00,0
2026-07-20 03:30,0
2026-07-20 03:45,0
2026-07-20 04:00,0
2026-07-20 04:15,0
2026-07-20 04:30,0
2026-07-20 05:00,0
2026-07-20 05:15,0
2026-07-20 05:30,0
2026-07-20 06:00,0
2026-07-20 06:15,0
2026-07-20 06:30,0
2026-07-20 06:45,0
2026-07-20 07:00,0
2026-07-20 07:15,0
2026-07-20 07:30,0
2026-07-20 08:08,0
2026-07-20 08:15,0
2026-07-20 08:30,0
2026-07-20 08:45,0
2026-07-20 09:26,0
2026-07-20 09:30,0
2026-07-20 09:45,0
2026-07-20 10:00,0
2026-07-20 10:15,0
2026-07-20 10:30,0
2026-07-20 11:23,0
2026-07-20 11:30,0
2026-07-20 11:45,0
2026-07-20 12:15,0
2026-07-20 12:30,0
2026-07-20 13:00,0
2026-07-20 13:15,0
2026-07-20 13:30,0
2026-07-20 13:45,0
2026-07-20 14:15,0
2026-07-20 14:30,0
2026-07-20 14:45,0
2026-07-20 15:00,0
2026-07-20 15:15,0
2026-07-20 15:30,0
2026-07-20 15:45,0
2026-07-20 16:00,0
2026-07-20 16:15,0
2026-07-20 16:30,0
2026-07-20 16:45,0
2026-07-20 17:00,0
2026-07-20 17:15,0
2026-07-20 17:30,0
2026-07-20 17:45,0
2026-07-20 18:00,0
2026-07-20 18:15,0
2026-07-20 18:30,0
2026-07-20 19:00,0
2026-07-20 19:15,0
2026-07-20 19:30,0
2026-07-20 19:45,0
2026-07-20 20:00,0
2026-07-20 20:45,0
2026-07-20 21:00,0
2026-07-20 21:15,0
2026-07-20 21:30,0
2026-07-20 21:45,0
2026-07-20 22:15,0
2026-07-20 22:30,0
2026-07-20 22:45,0
2026-07-20 23:00,0
2026-07-20 23:30,0
2026-07-20 23:45,0
2026-07-21 00:00,0
2026-07-21 00:15,0
2026-07-21 00:30,0
2026-07-21 00:45,0
2026-07-21 01:00,0
2026-07-21 01:15,0
2026-07-21 01:30,0
2026-07-21 01:45,0
2026-07-21 02:00,0
2026-07-21 02:44,0
2026-07-21 02:45,0
2026-07-21 03:00,0
2026-07-21 03:15,0
2026-07-21 03:30,0
2026-07-21 03:45,0
2026-07-21 04:00,0
2026-07-21 04:15,0
2026-07-21 04:30,0
2026-07-21 04:45,0
2026-07-21 05:00,0
2026-07-21 05:15,0
2026-07-21 05:30,0
2026-07-21 05:45,0
2026-07-21 06:00,0
2026-07-21 06:15,0
2026-07-21 06:30,0
2026-07-21 06:45,0
2026-07-21 07:00,0
2026-07-21 07:15,0
2026-07-21 07:45,0
2026-07-21 08:00,0
2026-07-21 08:15,0
2026-07-21 08:30,0
2026-07-21 08:45,0
2026-07-21 09:00,0
2026-07-21 09:15,0
2026-07-21 09:30,0
2026-07-21 09:45,0
2026-07-21 10:00,0
2026-07-21 10:30,0
2026-07-21 10:45,0
2026-07-21 11:00,0
2026-07-21 12:00,0
2026-07-21 12:15,0
2026-07-21 12:55,0
2026-07-21 13:00,0
2026-07-21 13:30,0
2026-07-21 13:45,0
2026-07-21 14:57,0
2026-07-21 15:00,0
2026-07-21 15:15,0
2026-07-21 16:00,0
2026-07-21 16:30,0
2026-07-21 16:45,0
2026-07-21 17:15,0
2026-07-21 17:45,0
2026-07-21 18:00,0
2026-07-21 18:15,0
2026-07-21 18:30,0
2026-07-21 18:45,0
2026-07-21 19:00,0
2026-07-21 19:15,0
2026-07-21 19:30,0
2026-07-21 19:45,0
2026-07-21 20:00,0
2026-07-21 20:15,0
2026-07-21 20:30,0
2026-07-21 21:00,0
2026-07-21 21:15,0
2026-07-21 21:30,0
2026-07-21 21:45,0
2026-07-21 22:00,0
2026-07-21 22:15,0
2026-07-21 22:30,0
2026-07-21 22:45,0
2026-07-21 23:15,0
2026-07-21 23:45,0
2026-07-22 00:00,0
2026-07-22 00:30,0
2026-07-22 00:45,0
2026-07-22 01:00,0
2026-07-22 01:15,0
2026-07-22 01:30,0
2026-07-22 01:45,0
2026-07-22 02:15,0
2026-07-22 02:30,0
2026-07-22 02:45,0
2026-07-22 03:15,0
2026-07-22 03:30,0
2026-07-22 04:00,0
2026-07-22 04:15,0
2026-07-22 04:30,0
2026-07-22 05:00,0
2026-07-22 05:15,0
2026-07-22 05:45,0
2026-07-22 06:00,0
2026-07-22 06:15,0
2026-07-22 06:30,0
2026-07-22 06:45,0
2026-07-22 07:00,0
2026-07-22 07:15,0
2026-07-22 07:30,0
2026-07-22 07:45,0
2026-07-22 08:00,0
2026-07-22 08:15,0
2026-07-22 08:47,0
2026-07-22 09:00,0
2026-07-22 09:15,0
2026-07-22 09:30,0
2026-07-22 10:00,0
2026-07-22 10:15,0
2026-07-22 10:30,0
2026-07-22 10:45,0
2026-07-22 11:00,0
2026-07-22 11:15,0
2026-07-22 11:45,0
2026-07-22 12:00,0
2026-07-22 12:15,0
2026-07-22 12:30,0
2026-07-22 12:45,0
2026-07-22 13:00,0
2026-07-22 13:48,0
2026-07-22 14:00,0
2026-07-22 14:30,0
2026-07-22 14:45,0
2026-07-22 15:00,0
2026-07-22 15:30,0
2026-07-22 15:45,0
2026-07-22 16:00,0
2026-07-22 16:15,0
2026-07-22 16:30,0
2026-07-22 16:45,0
2026-07-22 17:00,0
2026-07-22 17:15,0
2026-07-22 17:30,0
2026-07-22 17:45,0
2026-07-22 18:00,0
2026-07-22 18:15,0
2026-07-22 18:30,0
2026-07-22 18:45,0
2026-07-22 19:15,0
2026-07-22 19:30,0
2026-07-22 19:45,0
2026-07-22 20:15,0
2026-07-22 20:30,0
2026-07-22 20:45,0
2026-07-22 21:00,0
2026-07-22 21:15,0
2026-07-22 21:30,0
2026-07-22 22:00,0
2026-07-22 22:15,0
2026-07-22 22:30,0
2026-07-22 23:02,0
2026-07-22 23:15,0
2026-07-22 23:30,0
2026-07-22 23:45,0
2026-07-23 00:00,0
2026-07-23 00:15,0
2026-07-23 00:30,0
2026-07-23 00:45,0
2026-07-23 01:00,0
2026-07-23 01:15,0
2026-07-23 01:30,0
2026-07-23 01:45,0
2026-07-23 02:34,0
2026-07-23 02:45,0
2026-07-23 03:00,0
2026-07-23 03:15,0
2026-07-23 03:30,0
2026-07-23 04:15,0
2026-07-23 04:58,0
2026-07-23 05:20,0
2026-07-23 05:45,0
2026-07-23 06:00,0
2026-07-23 06:30,0
2026-07-23 06:45,0
2026-07-23 07:00,0
2026-07-23 07:15,0
2026-07-23 07:30,0
2026-07-23 07:45,0
2026-07-23 08:00,0
2026-07-23 08:15,0
2026-07-23 08:30,0
2026-07-23 09:30,0
2026-07-23 09:45,0
2026-07-23 10:00,0
2026-07-23 10:15,0
2026-07-23 10:45,0
2026-07-23 11:00,0
2026-07-23 11:15,0
2026-07-23 11:45,0
2026-07-23 12:00,0
2026-07-23 12:15,0
2026-07-23 12:30,0
2026-07-23 13:00,0
2026-07-23 13:15,0
2026-07-23 13:30,0
2026-07-23 13:45,0
2026-07-23 14:15,0
2026-07-23 14:30,0
2026-07-23 15:00,0
2026-07-23 15:15,0
2026-07-23 16:00,0
2026-07-23 17:00,0
2026-07-23 17:15,0
2026-07-23 17:30,0
2026-07-23 18:00,0
2026-07-23 18:15,0
2026-07-23 18:30,0
2026-07-23 18:45,0
2026-07-23 19:00,0
2026-07-23 19:35,0
2026-07-23 19:45,0
2026-07-23 20:00,0
2026-07-23 20:15,0
2026-07-23 20:30,0
2026-07-23 20:45,0
2026-07-23 21:00,0
2026-07-23 21:15,0
2026-07-23 21:30,0
2026-07-23 22:00,0
2026-07-23 22:15,0
2026-07-23 22:30,0
2026-07-23 22:45,0
2026-07-23 23:00,0
2026-07-23 23:15,0
2026-07-23 23:45,0
2026-07-24 00:00,0
2026-07-24 00:15,0
2026-07-24 00:30,0
2026-07-24 00:45,0
2026-07-24 01:00,0
2026-07-24 01:15,0
2026-07-24 01:30,0
2026-07-24 01:45,0
2026-07-24 02:00,0
2026-07-24 02:15,0
2026-07-24 02:30,0
2026-07-24 02:45,0
2026-07-24 03:00,0
2026-07-24 03:38,0
2026-07-24 03:45,0
2026-07-24 04:00,0
2026-07-24 04:15,0
2026-07-24 04:30,0
2026-07-24 04:45,0
2026-07-24 05:00,0
2026-07-24 05:15,0
2026-07-24 05:30,0
2026-07-24 05:45,0
2026-07-24 06:00,0
2026-07-24 06:15,0
2026-07-24 06:30,0
2026-07-24 06:45,0
2026-07-24 07:00,0
2026-07-24 07:15,0
2026-07-24 07:30,0
2026-07-24 07:45,0
2026-07-24 08:00,0
2026-07-24 08:15,0
2026-07-24 08:30,0
2026-07-24 08:45,0
2026-07-24 09:00,0
2026-07-24 09:15,0
2026-07-24 09:45,0
2026-07-24 10:00,0
2026-07-24 10:15,0
2026-07-24 10:30,0
2026-07-24 10:45,0
2026-07-24 11:00,0
2026-07-24 11:15,0
2026-07-24 11:30,0
2026-07-24 11:45,0
2026-07-24 12:00,0
2026-07-24 12:15,0
2026-07-24 12:30,0
2026-07-24 12:45,0
2026-07-24 13:00,0
2026-07-24 13:15,0
2026-07-24 13:45,0
2026-07-24 14:00,0
2026-07-24 14:30,0
2026-07-24 14:45,0
2026-07-24 15:00,0
2026-07-24 15:15,0
2026-07-24 15:30,0
2026-07-24 15:45,0
2026-07-24 16:37,0
2026-07-24 17:59,0
2026-07-24 18:44,0
2026-07-24 18:45,0
2026-07-24 19:00,0
2026-07-24 19:15,0
2026-07-24 19:30,0
2026-07-24 19:45,0
2026-07-24 20:00,0
2026-07-24 20:36,0
2026-07-24 20:45,0
2026-07-24 21:00,0
2026-07-24 21:15,0
2026-07-24 21:30,0
2026-07-24 21:45,0
2026-07-24 22:00,0
