timestamp,discharge_cfs
2026-03-19 14:30,0
2026-03-20 20:45,0
2026-03-27 14:00,0.99
2026-03-27 14:30,0.99
2026-03-27 15:41,0.99
2026-03-27 15:45,0.99
2026-03-27 16:32,0.99
2026-03-27 16:45,0.99
2026-03-27 17:30,0.99
2026-03-27 18:18,0.99
2026-03-27 18:30,0.99
2026-03-27 18:45,0.99
2026-03-27 19:30,0.99
2026-03-27 20:00,0.99
2026-03-27 20:38,0.99
2026-03-27 21:00,0.99
2026-03-27 21:15,0.99
2026-03-27 21:30,0.99
2026-03-27 22:25,0.99
2026-03-27 22:30,0.99
2026-03-27 22:45,0.99
2026-03-27 23:43,0.99
2026-03-28 00:00,0.99
2026-03-28 00:15,0.99
2026-03-28 00:45,0.93
2026-03-28 01:28,0.99
2026-03-28 02:00,0.93
2026-03-28 02:15,0.99
2026-03-28 03:00,0.99
2026-03-28 03:45,0.99
2026-03-28 04:00,0.93
2026-03-28 04:15,0.93
2026-03-28 05:02,0.93
2026-03-28 05:19,0.93
2026-03-28 05:44,0.93
2026-03-28 05:45,0.93
2026-03-28 06:00,0.93
2026-03-28 06:30,0.93
2026-03-28 06:45,0.93
2026-03-28 07:58,0.93
2026-03-28 08:08,0
2026-03-28 09:30,0.93
2026-03-28 09:45,0.93
2026-03-28 10:00,0.93
2026-03-28 10:51,0.93
2026-03-28 11:00,0.93
2026-03-28 11:15,0.93
2026-03-28 11:30,0.93
2026-03-28 12:30,0.93
2026-03-28 13:24,0.93
2026-03-28 13:30,0.93
2026-03-28 14:25,0.93
2026-03-28 15:04,0.93
2026-03-28 15:15,0.88
2026-03-28 15:57,0.93
2026-03-28 16:39,0.93
2026-03-28 16:45,0.88
2026-03-28 17:26,0.93
2026-03-28 17:30,0.88
2026-03-28 17:43,0.88
2026-03-28 18:13,0.88
2026-03-28 18:15,0.88
2026-03-28 18:45,0.93
2026-03-28 19:31,0.88
2026-03-28 21:14,0.88
2026-03-28 21:15,0.88
2026-03-28 21:59,0.93
2026-03-28 22:30,0.93
2026-03-28 23:00,0.93
2026-03-28 23:44,0.88
2026-03-29 00:00,0.93
2026-03-29 00:44,0.88
2026-03-29 01:02,0.88
2026-03-29 01:15,0.88
2026-03-29 01:45,0.88
2026-03-29 02:30,0.88
2026-03-29 02:45,0.88
2026-03-29 03:15,0.88
2026-03-29 03:45,0.88
2026-03-29 04:30,0.93
2026-03-29 05:00,0.88
2026-03-29 05:46,0.88
2026-03-29 06:01,0.88
2026-03-29 06:57,0.88
2026-03-29 07:00,0.88
2026-03-29 08:10,0.93
2026-03-29 08:30,0.88
2026-03-29 08:45,0.88
2026-03-29 09:00,0.88
2026-03-29 09:30,0.88
2026-03-29 10:13,0.93
2026-03-29 10:15,0.93
2026-03-29 10:30,0.88
2026-03-29 10:45,0.88
2026-03-29 11:30,0.88
2026-03-29 12:15,0.88
2026-03-29 12:30,0.88
2026-03-29 14:45,0.88
2026-03-29 15:44,0.88
2026-03-29 15:45,0.88
2026-03-29 16:00,0.88
2026-03-29 16:15,0.88
2026-03-29 16:30,0.88
2026-03-29 16:45,0.88
2026-03-29 17:00,0.88
2026-03-29 17:32,0.88
2026-03-29 17:45,0.88
2026-03-29 18:15,0.88
2026-03-29 18:30,0.88
2026-03-29 18:45,0.88
2026-03-29 19:00,0.88
2026-03-29 19:15,0.88
2026-03-29 19:45,2.8
2026-03-29 20:00,2.89
2026-03-29 20:15,2.55
2026-03-29 20:48,2.89
2026-03-29 21:15,2.89
2026-03-29 21:52,3.06
2026-03-29 22:18,3.06
2026-03-29 22:45,3.06
2026-03-29 23:00,2.98
2026-03-29 23:15,3.06
2026-03-30 00:15,3.06
2026-03-30 01:00,3.15
2026-03-30 01:45,3.24
2026-03-30 02:00,3.24
2026-03-30 02:35,3.34
2026-03-30 02:50,3.34
2026-03-30 03:36,3.34
2026-03-30 03:45,3.34
2026-03-30 04:00,3.34
2026-03-30 04:45,3.34
2026-03-30 05:00,3.43
2026-03-30 05:30,3.43
2026-03-30 05:45,3.34
2026-03-30 06:00,3.34
2026-03-30 06:49,3.34
2026-03-30 07:00,3.24
2026-03-30 07:30,3.24
2026-03-30 07:45,3.34
2026-03-30 08:45,2.72
2026-03-30 09:00,2.63
2026-03-30 09:15,2.63
2026-03-30 09:30,2.63
2026-03-30 09:45,2.63
2026-03-30 11:45,2.38
2026-03-30 12:15,2.38
2026-03-30 12:30,2.38
2026-03-30 13:15,2.15
2026-03-30 13:30,1.63
2026-03-30 13:45,1.63
2026-03-30 14:00,1.63
2026-03-30 14:15,1.63
2026-03-30 15:48,1.63
2026-03-30 16:34,1.63
2026-03-30 16:45,1.63
2026-03-30 17:00,1.63
2026-03-30 17:36,1.63
2026-03-30 17:45,1.63
2026-03-30 18:30,1.63
2026-03-30 19:06,1.63
2026-03-30 19:20,1.63
2026-03-30 19:30,1.63
2026-03-30 19:45,1.63
2026-03-30 20:00,1.63
2026-03-30 20:15,1.63
2026-03-30 20:30,1.63
2026-03-30 20:45,1.63
2026-03-30 21:00,1.36
2026-03-30 21:38,1.7
2026-03-30 22:00,1.7
2026-03-30 22:15,1.77
2026-03-30 22:30,1.7
2026-03-30 23:08,1.7
2026-03-30 23:45,1.56
2026-03-31 00:22,1.63
2026-03-31 00:30,1.63
2026-03-31 01:34,1.7
2026-03-31 01:45,1.84
2026-03-31 03:37,1.63
2026-03-31 03:45,1.63
2026-03-31 06:45,1.84
2026-03-31 07:00,1.77
2026-03-31 07:15,1.77
2026-03-31 07:53,1.77
2026-03-31 08:22,1.77
2026-03-31 09:04,1.77
2026-03-31 09:15,1.77
2026-03-31 09:30,1.77
2026-03-31 10:00,1.77
2026-03-31 10:40,1.84
2026-03-31 11:00,1.84
2026-03-31 11:15,1.84
2026-03-31 11:54,1.84
2026-03-31 12:30,1.84
2026-03-31 12:45,1.77
2026-03-31 13:00,1.77
2026-03-31 13:15,1.77
2026-03-31 13:55,1.7
2026-03-31 14:30,1.63
2026-03-31 15:15,1.63
2026-03-31 15:45,1.7
2026-03-31 16:00,1.7
2026-03-31 16:15,1.77
2026-03-31 16:30,1.84
2026-03-31 17:35,2.07
2026-03-31 18:10,1.84
2026-03-31 18:15,1.84
2026-03-31 18:58,1.84
2026-03-31 19:00,1.84
2026-03-31 20:03,1.77
2026-03-31 20:15,1.84
2026-03-31 20:30,1.84
2026-03-31 21:44,1.77
2026-03-31 22:00,1.77
2026-03-31 22:15,1.77
2026-03-31 23:11,1.77
2026-03-31 23:43,1.77
2026-04-01 00:10,1.77
2026-04-01 00:15,1.77
2026-04-01 00:45,1.77
2026-04-01 01:43,1.92
2026-04-01 02:25,1.84
2026-04-01 02:58,1.77
2026-04-01 03:15,1.77
2026-04-01 03:30,1.77
2026-04-01 03:45,1.77
2026-04-01 04:30,1.77
2026-04-01 04:45,1.77
2026-04-01 05:00,1.84
2026-04-01 05:45,1.99
2026-04-01 06:00,2.47
2026-04-01 07:15,2.72
2026-04-01 07:30,2.8
2026-04-01 07:45,1.29
2026-04-01 08:15,1.23
2026-04-01 08:30,1.23
2026-04-01 08:45,1.23
2026-04-01 09:15,1.23
2026-04-01 09:30,1.23
2026-04-01 10:10,1.23
2026-04-01 10:15,1.23
2026-04-01 10:30,1.17
2026-04-01 11:15,1.11
2026-04-01 11:58,1.11
2026-04-01 12:29,1.11
2026-04-01 12:45,1.11
2026-04-01 13:00,1.17
2026-04-01 13:15,1.17
2026-04-01 13:30,1.17
2026-04-01 14:00,1.17
2026-04-01 14:30,1.17
2026-04-01 15:00,1.23
2026-04-01 15:15,1.17
2026-04-01 16:10,1.17
2026-04-01 16:46,1.17
2026-04-01 17:00,1.17
2026-04-01 17:30,1.17
2026-04-01 18:00,1.17
2026-04-01 18:30,1.17
2026-04-01 19:15,1.11
2026-04-01 19:48,1.11
2026-04-01 20:15,1.11
2026-04-01 20:30,1.11
2026-04-01 21:30,0.93
2026-04-01 22:04,0.88
2026-04-01 22:30,0.82
2026-04-01 23:03,0.72
2026-04-01 23:30,0.67
2026-04-02 00:00,0.62
2026-04-02 00:46,0.62
2026-04-02 01:19,0.57
2026-04-02 02:30,0.52
2026-04-02 03:16,0.52
2026-04-02 03:30,0.52
2026-04-02 03:45,0.62
2026-04-02 04:00,0.62
2026-04-02 04:15,0.62
2026-04-02 04:30,0.62
2026-04-02 06:05,0.62
2026-04-02 06:15,0.62
2026-04-02 06:45,0.62
2026-04-02 07:25,0.62
2026-04-02 07:30,0.57
2026-04-02 08:28,1.84
2026-04-02 09:01,2.15
2026-04-02 09:51,2.22
2026-04-02 10:15,2.22
2026-04-02 12:52,1.84
2026-04-02 13:22,1.84
2026-04-02 14:05,2.07
2026-04-02 14:15,2.07
2026-04-02 14:30,2.07
2026-04-02 15:00,2.07
2026-04-02 15:37,1.99
2026-04-02 16:00,2.15
2026-04-02 16:15,2.15
2026-04-02 16:30,2.15
2026-04-02 17:00,2.15
2026-04-02 18:00,2.15
2026-04-02 18:30,2.15
2026-04-02 19:00,2.15
2026-04-02 19:15,2.15
2026-04-02 20:15,2.07
2026-04-02 20:45,2.07
2026-04-02 21:15,2.07
2026-04-02 21:45,2.07
2026-04-02 23:05,1.99
2026-04-02 23:15,2.07
2026-04-02 23:30,2.07
2026-04-02 23:45,2.07
2026-04-03 00:27,2.07
2026-04-03 00:45,2.15
2026-04-03 01:00,2.07
2026-04-03 01:15,2.07
2026-04-03 01:30,2.07
2026-04-03 02:00,2.15
2026-04-03 03:11,2.22
2026-04-03 03:26,2.22
2026-04-03 03:30,2.22
2026-04-03 03:42,2.22
2026-04-03 04:24,2.22
2026-04-03 04:44,2.3
2026-04-03 05:30,2.22
2026-04-03 05:45,2.22
2026-04-03 06:00,2.22
2026-04-03 06:30,2.22
2026-04-03 07:00,2.22
2026-04-03 07:15,2.22
2026-04-03 07:45,2.22
2026-04-03 08:30,2.22
2026-04-03 09:08,2.3
2026-04-03 09:45,2.3
2026-04-03 10:15,2.3
2026-04-03 10:30,2.3
2026-04-03 11:45,2.3
2026-04-03 12:37,2.3
2026-04-03 12:45,2.3
2026-04-03 13:35,2.22
2026-04-03 14:11,2.22
2026-04-03 14:51,2.22
2026-04-03 15:29,2.22
2026-04-03 16:00,1.99
2026-04-03 16:30,1.99
2026-04-03 17:00,1.99
2026-04-03 17:15,1.99
2026-04-03 17:30,1.99
2026-04-03 18:00,1.99
2026-04-03 18:30,1.99
2026-04-03 18:45,1.99
2026-04-03 19:15,1.99
2026-04-03 19:30,1.99
2026-04-03 20:14,1.99
2026-04-03 20:31,1.99
2026-04-03 21:00,1.99
2026-04-03 21:47,1.99
2026-04-03 22:00,1.99
2026-04-03 22:15,1.99
2026-04-03 22:30,1.99
2026-04-03 22:45,1.99
2026-04-03 23:35,1.99
2026-04-04 00:01,1.99
2026-04-04 00:15,1.99
2026-04-04 00:45,1.99
2026-04-04 01:45,1.99
2026-04-04 02:00,1.99
2026-04-04 02:15,1.99
2026-04-04 03:00,1.99
2026-04-04 03:15,2.07
2026-04-04 03:30,2.07
2026-04-04 04:16,1.99
2026-04-04 04:30,1.99
2026-04-04 05:15,1.99
2026-04-04 06:01,2.07
2026-04-04 06:15,2.07
2026-04-04 06:30,2.07
2026-04-04 07:40,2.07
2026-04-04 07:45,2.07
2026-04-04 08:00,2.07
2026-04-04 08:15,2.07
2026-04-04 08:30,1.77
2026-04-04 09:15,1.92
2026-04-04 09:30,1.84
2026-04-04 09:45,1.77
2026-04-04 10:00,1.7
2026-04-04 10:45,1.7
2026-04-04 11:00,1.63
2026-04-04 11:15,1.49
2026-04-04 11:30,1.42
2026-04-04 11:45,1.63
2026-04-04 12:00,1.63
2026-04-04 12:45,1.63
2026-04-04 13:03,1.63
2026-04-04 13:43,1.56
2026-04-04 14:42,1.56
2026-04-04 14:45,1.56
2026-04-04 15:00,1.56
2026-04-04 15:15,1.63
2026-04-04 16:15,1.56
2026-04-04 16:45,1.56
2026-04-04 17:17,1.49
2026-04-04 17:30,1.42
2026-04-04 18:17,1.42
2026-04-04 18:30,1.42
2026-04-04 19:01,1.42
2026-04-04 19:30,1.42
2026-04-04 20:00,1.29
2026-04-04 20:48,1.29
2026-04-04 21:00,1.29
2026-04-04 21:49,1.29
2026-04-04 22:00,1.29
2026-04-04 22:45,1.29
2026-04-04 23:00,1.29
2026-04-04 23:15,1.29
2026-04-04 23:47,1.29
2026-04-05 00:03,1.29
2026-04-05 00:46,1.29
2026-04-05 01:02,1.29
2026-04-05 01:15,1.29
2026-04-05 01:47,1.29
2026-04-05 02:00,1.29
2026-04-05 02:15,1.29
2026-04-05 02:30,1.29
2026-04-05 03:15,1.29
2026-04-05 03:30,1.29
2026-04-05 03:45,1.29
2026-04-05 04:15,1.29
2026-04-05 04:30,1.29
2026-04-05 04:45,1.29
2026-04-05 05:15,1.29
2026-04-05 05:30,1.29
2026-04-05 06:00,1.29
2026-04-05 06:30,1.29
2026-04-05 06:45,1.29
2026-04-05 07:30,1.29
2026-04-05 08:15,1.29
2026-04-05 08:30,1.29
2026-04-05 08:45,1.29
2026-04-05 09:14,1.29
2026-04-05 09:15,1.29
2026-04-05 09:47,1.29
2026-04-05 10:00,1.29
2026-04-05 10:15,1.29
2026-04-05 10:30,1.29
2026-04-05 10:45,1.29
2026-04-05 11:00,1.29
2026-04-05 11:43,1.36
2026-04-05 12:00,1.36
2026-04-05 12:15,1.36
2026-04-05 12:45,1.36
2026-04-05 13:28,1.36
2026-04-05 13:30,1.36
2026-04-05 13:45,1.36
2026-04-05 14:00,1.7
2026-04-05 14:30,1.7
2026-04-05 14:45,1.63
2026-04-05 15:00,1.63
2026-04-05 15:30,1.63
2026-04-05 15:45,1.63
2026-04-05 16:16,1.56
2026-04-05 16:45,1.49
2026-04-05 17:14,1.56
2026-04-05 17:31,1.56
2026-04-05 17:45,1.56
2026-04-05 18:14,1.56
2026-04-05 18:15,1.56
2026-04-05 18:30,1.56
2026-04-05 19:00,1.56
2026-04-05 20:18,1.49
2026-04-05 20:30,1.56
2026-04-05 20:45,1.56
2026-04-05 21:00,1.56
2026-04-05 21:15,1.63
2026-04-05 22:45,1.56
2026-04-05 23:00,1.63
2026-04-06 00:45,1.77
2026-04-06 01:16,1.77
2026-04-06 02:00,1.77
2026-04-06 02:47,1.7
2026-04-06 03:30,1.7
2026-04-06 03:45,1.77
2026-04-06 04:15,1.77
2026-04-06 04:30,1.77
2026-04-06 05:31,1.7
2026-04-06 06:02,1.77
2026-04-06 06:15,1.77
2026-04-06 06:30,1.77
2026-04-06 07:18,1.77
2026-04-06 07:30,1.84
2026-04-06 08:33,1.56
2026-04-06 08:45,1.56
2026-04-06 09:00,1.63
2026-04-06 09:45,2.47
2026-04-06 10:30,2.07
2026-04-06 11:00,1.84
2026-04-06 11:15,1.84
2026-04-06 12:00,1.63
2026-04-06 12:15,1.63
2026-04-06 13:15,1.63
2026-04-06 13:34,1.56
2026-04-06 14:00,1.56
2026-04-06 14:15,1.56
2026-04-06 15:00,0.99
2026-04-06 15:15,0.93
2026-04-06 15:45,0.88
2026-04-06 16:00,0.88
2026-04-06 16:34,0.88
2026-04-06 17:05,0.88
2026-04-06 17:15,0.88
2026-04-06 17:17,0.88
2026-04-06 17:30,0.88
2026-04-06 17:45,0.88
2026-04-06 18:00,0.88
2026-04-06 18:15,0.82
2026-04-06 18:30,0.82
2026-04-06 18:45,0.88
2026-04-06 19:15,1.11
2026-04-06 19:30,1.23
2026-04-06 20:00,1.23
2026-04-06 20:15,1.23
2026-04-06 20:30,1.23
2026-04-06 21:00,1.23
2026-04-06 21:15,1.23
2026-04-06 21:30,1.23
2026-04-06 22:15,1.23
2026-04-06 22:51,1.23
2026-04-06 23:00,1.29
2026-04-06 23:15,1.29
2026-04-06 23:50,1.29
2026-04-07 00:00,1.29
2026-04-07 00:15,1.29
2026-04-07 00:45,1.42
2026-04-07 01:00,1.42
2026-04-07 01:15,1.42
2026-04-07 01:45,1.42
2026-04-07 02:20,1.42
2026-04-07 02:45,1.42
2026-04-07 03:00,1.42
2026-04-07 03:15,1.42
2026-04-07 03:30,1.42
2026-04-07 04:06,1.42
2026-04-07 04:15,1.42
2026-04-07 04:30,1.42
2026-04-07 04:45,1.42
2026-04-07 05:22,1.42
2026-04-07 05:30,1.42
2026-04-07 05:45,1.42
2026-04-07 06:21,1.42
2026-04-07 06:30,1.49
2026-04-07 06:45,1.42
2026-04-07 07:00,1.7
2026-04-07 07:45,1.36
2026-04-07 08:00,1.36
2026-04-07 08:15,1.36
2026-04-07 08:30,1.36
2026-04-07 09:05,1.36
2026-04-07 09:35,1.36
2026-04-07 09:52,1.36
2026-04-07 10:00,1.36
2026-04-07 10:15,1.36
2026-04-07 11:14,1.36
2026-04-07 11:48,1.42
2026-04-07 12:15,1.36
2026-04-07 12:30,1.36
2026-04-07 13:06,1.36
2026-04-07 13:15,1.49
2026-04-07 13:30,1.56
2026-04-07 13:45,1.56
2026-04-07 14:15,1.56
2026-04-07 14:30,1.56
2026-04-07 15:06,1.7
2026-04-07 15:22,1.84
2026-04-07 16:00,1.84
2026-04-07 16:34,2.07
2026-04-07 16:45,1.92
2026-04-07 17:00,1.99
2026-04-07 17:15,1.99
2026-04-07 17:45,2.22
2026-04-07 18:15,2.07
2026-04-07 18:50,2.07
2026-04-07 19:07,2.15
2026-04-07 19:30,2.47
2026-04-07 20:19,2.89
2026-04-07 20:30,2.89
2026-04-07 20:45,2.89
2026-04-07 21:20,2.89
2026-04-07 22:00,3.43
2026-04-07 22:15,3.43
2026-04-07 22:52,3.52
2026-04-07 23:05,3.81
2026-04-07 23:15,3.91
2026-04-07 23:45,3.62
2026-04-08 00:15,3.62
2026-04-08 00:30,3.52
2026-04-08 00:45,3.52
2026-04-08 01:20,3.52
2026-04-08 01:30,3.71
2026-04-08 01:45,3.52
2026-04-08 02:00,3.52
2026-04-08 02:15,3.52
2026-04-08 02:30,3.52
2026-04-08 03:07,3.52
2026-04-08 03:35,3.52
2026-04-08 03:45,3.52
2026-04-08 04:21,3.62
2026-04-08 04:45,3.43
2026-04-08 05:30,3.62
2026-04-08 06:30,3.15
2026-04-08 06:45,3.15
2026-04-08 07:00,3.15
2026-04-08 07:35,3.24
2026-04-08 07:45,2.8
2026-04-08 08:00,2.8
2026-04-08 08:37,2.89
2026-04-08 08:45,2.89
2026-04-08 09:00,2.98
2026-04-08 09:15,2.98
2026-04-08 09:45,2.8
2026-04-08 11:36,2.72
2026-04-08 12:15,2.3
2026-04-08 12:30,2.3
2026-04-08 13:08,2.3
2026-04-08 13:49,2.3
2026-04-08 14:00,2.3
2026-04-08 14:30,2.3
2026-04-08 15:15,2.3
2026-04-08 15:54,2.3
2026-04-08 16:00,2.3
2026-04-08 16:50,2.3
2026-04-08 17:20,1.99
2026-04-08 17:30,1.92
2026-04-08 17:45,1.92
2026-04-08 18:23,1.92
2026-04-08 18:45,1.7
2026-04-08 19:00,1.7
2026-04-08 19:15,1.7
2026-04-08 19:52,1.7
2026-04-08 20:34,1.7
2026-04-08 21:00,1.99
2026-04-08 21:38,2.07
2026-04-08 21:52,1.99
2026-04-08 22:22,2.22
2026-04-08 22:53,2.3
2026-04-08 23:25,2.3
2026-04-08 23:30,2.38
2026-04-08 23:45,2.38
2026-04-09 00:00,2.47
2026-04-09 00:15,2.55
2026-04-09 00:30,2.55
2026-04-09 00:45,2.55
2026-04-09 01:00,2.55
2026-04-09 01:15,2.55
2026-04-09 01:30,2.55
2026-04-09 02:08,2.55
2026-04-09 02:15,2.55
2026-04-09 02:30,2.63
2026-04-09 03:21,2.63
2026-04-09 03:30,2.63
2026-04-09 03:45,2.55
2026-04-09 04:15,2.55
2026-04-09 05:06,2.63
2026-04-09 05:15,2.63
2026-04-09 05:54,2.55
2026-04-09 06:00,2.63
2026-04-09 06:30,2.98
2026-04-09 06:45,3.06
2026-04-09 07:15,3.06
2026-04-09 07:45,3.15
2026-04-09 08:23,3.24
2026-04-09 09:30,2.3
2026-04-09 09:45,2.3
2026-04-09 10:00,2.3
2026-04-09 10:15,2.3
2026-04-09 10:53,2.22
2026-04-09 11:24,2.3
2026-04-09 11:30,2.3
2026-04-09 11:45,2.3
2026-04-09 12:00,2.22
2026-04-09 12:41,2.22
2026-04-09 12:45,2.22
2026-04-09 13:21,2.22
2026-04-09 13:30,2.22
2026-04-09 14:09,2.22
2026-04-09 15:00,2.22
2026-04-09 15:30,2.22
2026-04-09 16:20,2.3
2026-04-09 16:30,2.3
2026-04-09 16:45,2.3
2026-04-09 17:00,2.3
2026-04-09 17:40,2.3
2026-04-09 17:45,2.3
2026-04-09 18:00,2.3
2026-04-09 18:30,2.3
2026-04-09 18:45,2.3
2026-04-09 19:00,2.3
2026-04-09 19:15,2.3
2026-04-09 19:30,2.38
2026-04-09 20:00,2.38
2026-04-09 20:30,2.47
2026-04-09 21:06,2.47
2026-04-09 21:37,2.47
2026-04-09 22:08,2.38
2026-04-09 22:15,2.38
2026-04-09 22:30,2.38
2026-04-09 23:18,2.38
2026-04-09 23:30,2.38
2026-04-10 00:00,2.38
2026-04-10 00:15,2.47
2026-04-10 00:30,2.55
2026-04-10 01:00,2.55
2026-04-10 01:15,2.55
2026-04-10 02:04,2.63
2026-04-10 02:35,2.63
2026-04-10 02:52,2.63
2026-04-10 03:00,2.63
2026-04-10 03:30,2.63
2026-04-10 05:00,2.8
2026-04-10 06:15,2.89
2026-04-10 07:08,2.89
2026-04-10 07:15,2.89
2026-04-10 07:56,2.8
2026-04-10 08:15,2.72
2026-04-10 08:54,2.72
2026-04-10 09:00,2.72
2026-04-10 09:15,2.8
2026-04-10 09:30,2.89
2026-04-10 09:45,2.89
2026-04-10 10:00,2.89
2026-04-10 10:15,2.89
2026-04-10 11:07,2.55
2026-04-10 11:15,2.3
2026-04-10 11:30,2.3
2026-04-10 12:00,2.3
2026-04-10 12:15,2.3
2026-04-10 12:52,2.22
2026-04-10 13:00,2.3
2026-04-10 13:39,2.3
2026-04-10 13:45,2.22
2026-04-10 14:00,1.92
2026-04-10 14:15,2.3
2026-04-10 14:30,2.22
2026-04-10 15:07,2.22
2026-04-10 15:15,2.22
2026-04-10 15:30,2.22
2026-04-10 16:10,2.22
2026-04-10 16:15,2.22
2026-04-10 17:04,2.3
2026-04-10 17:37,2.3
2026-04-10 18:00,2.22
2026-04-10 18:30,2.3
2026-04-10 18:45,2.3
2026-04-10 19:00,2.3
2026-04-10 19:15,2.38
2026-04-10 19:55,2.38
2026-04-10 20:00,2.38
2026-04-10 20:30,2.38
2026-04-10 20:45,2.38
2026-04-10 21:00,2.38
2026-04-10 21:15,2.38
2026-04-10 21:30,2.47
2026-04-10 22:08,2.38
2026-04-10 22:40,2.38
2026-04-10 22:45,2.47
2026-04-10 23:24,2.47
2026-04-10 23:40,2.47
2026-04-11 00:15,2.55
2026-04-11 00:30,2.55
2026-04-11 00:45,2.55
2026-04-11 01:25,2.55
2026-04-11 01:30,2.47
2026-04-11 01:41,2.47
2026-04-11 01:45,2.55
2026-04-11 02:00,2.47
2026-04-11 02:15,2.47
2026-04-11 02:45,2.47
2026-04-11 03:00,2.47
2026-04-11 03:15,2.47
2026-04-11 03:56,2.47
2026-04-11 04:00,2.47
2026-04-11 04:30,2.55
2026-04-11 05:00,2.47
2026-04-11 05:15,2.47
2026-04-11 05:30,2.55
2026-04-11 05:45,2.55
2026-04-11 06:00,2.55
2026-04-11 07:12,2.55
2026-04-11 07:45,1.29
2026-04-11 08:35,1.42
2026-04-11 08:45,1.49
2026-04-11 09:00,1.49
2026-04-11 09:45,1.42
2026-04-11 10:00,1.29
2026-04-11 10:35,1.29
2026-04-11 11:00,1.42
2026-04-11 11:30,1.42
2026-04-11 11:45,1.42
2026-04-11 12:32,1.42
2026-04-11 12:45,1.42
2026-04-11 13:00,1.49
2026-04-11 13:15,1.49
2026-04-11 13:52,1.49
2026-04-11 14:00,1.49
2026-04-11 14:15,1.49
2026-04-11 14:30,1.49
2026-04-11 14:45,1.49
2026-04-11 15:00,1.56
2026-04-11 15:15,1.56
2026-04-11 16:09,1.49
2026-04-11 16:36,1.56
2026-04-11 17:09,1.56
2026-04-11 17:15,1.56
2026-04-11 18:28,1.77
2026-04-11 18:30,1.77
2026-04-11 19:15,1.77
2026-04-11 19:45,1.84
2026-04-11 20:15,1.84
2026-04-11 21:15,1.84
2026-04-11 21:30,1.84
2026-04-11 21:45,1.84
2026-04-11 22:15,1.77
2026-04-11 23:30,1.84
2026-04-12 00:00,1.77
2026-04-12 00:42,1.77
2026-04-12 00:45,1.77
2026-04-12 01:00,1.84
2026-04-12 01:15,1.77
2026-04-12 01:30,1.77
2026-04-12 02:15,1.77
2026-04-12 03:24,1.77
2026-04-12 03:45,1.77
2026-04-12 04:00,1.77
2026-04-12 04:15,1.77
2026-04-12 04:30,1.77
2026-04-12 04:45,1.77
2026-04-12 05:30,1.77
2026-04-12 05:45,1.77
2026-04-12 06:17,1.84
2026-04-12 06:48,1.49
2026-04-12 07:00,1.23
2026-04-12 07:15,1.23
2026-04-12 08:15,1.17
2026-04-12 08:50,1.17
2026-04-12 09:32,0.48
2026-04-12 10:00,2.15
2026-04-12 11:26,1.63
2026-04-12 12:09,1.63
2026-04-12 12:15,1.63
2026-04-12 13:15,1.63
2026-04-12 14:08,1.63
2026-04-12 14:15,1.63
2026-04-12 14:58,1.56
2026-04-12 15:00,1.56
2026-04-12 15:15,1.56
2026-04-12 15:30,2.55
2026-04-12 15:45,2.47
2026-04-12 16:15,2.47
2026-04-12 16:59,2.55
2026-04-12 17:15,2.47
2026-04-12 17:39,0.72
2026-04-12 18:14,1.7
2026-04-12 18:39,1.7
2026-04-12 18:58,1.23
2026-04-12 19:00,1.29
2026-04-12 19:55,1.29
2026-04-12 20:00,1.23
2026-04-12 20:15,1.17
2026-04-12 20:30,0.99
2026-04-12 20:45,0.99
2026-04-12 21:57,0.99
2026-04-12 22:00,0.99
2026-04-12 22:45,1.05
2026-04-12 23:00,1.05
2026-04-12 23:30,1.05
2026-04-13 00:00,1.05
2026-04-13 01:14,0.99
2026-04-13 01:30,0.99
2026-04-13 02:00,0.99
2026-04-13 02:15,0.99
2026-04-13 02:45,0.99
2026-04-13 03:00,0.99
2026-04-13 03:57,0.99
2026-04-13 04:15,0.99
2026-04-13 05:10,0.99
2026-04-13 05:15,0.99
2026-04-13 05:45,0.99
2026-04-13 06:00,0.99
2026-04-13 06:45,1.05
2026-04-13 07:00,1.05
2026-04-13 07:31,1.05
2026-04-13 07:45,1.05
2026-04-13 08:16,1.05
2026-04-13 08:30,1.05
2026-04-13 08:45,1.05
2026-04-13 09:00,1.36
2026-04-13 09:15,1.36
2026-04-13 09:30,1.29
2026-04-13 10:03,1.29
2026-04-13 10:34,1.29
2026-04-13 11:15,1.63
2026-04-13 11:30,1.49
2026-04-13 11:45,1.36
2026-04-13 12:15,1.29
2026-04-13 12:30,1.23
2026-04-13 12:45,1.23
2026-04-13 13:30,1.36
2026-04-13 13:45,1.36
2026-04-13 14:00,1.36
2026-04-13 14:15,1.29
2026-04-13 15:15,1.29
2026-04-13 15:30,1.29
2026-04-13 16:17,1.29
2026-04-13 16:30,1.29
2026-04-13 17:04,1.29
2026-04-13 17:45,1.29
2026-04-13 18:00,1.29
2026-04-13 18:33,1.29
2026-04-13 18:45,1.29
2026-04-13 19:00,1.29
2026-04-13 19:15,1.29
2026-04-13 19:30,1.29
2026-04-13 19:45,1.29
2026-04-13 20:00,1.29
2026-04-13 20:30,1.29
2026-04-13 21:25,1.29
2026-04-13 21:30,1.29
2026-04-13 21:45,1.36
2026-04-13 22:00,1.36
2026-04-13 22:30,1.36
2026-04-13 23:08,1.36
2026-04-13 23:15,1.36
2026-04-13 23:30,1.36
2026-04-13 23:45,1.36
2026-04-14 00:00,1.36
2026-04-14 00:15,1.36
2026-04-14 00:50,1.36
2026-04-14 01:00,1.36
2026-04-14 01:15,1.36
2026-04-14 01:45,1.36
2026-04-14 02:00,1.36
2026-04-14 02:36,1.36
2026-04-14 02:45,1.36
2026-04-14 03:15,1.36
2026-04-14 03:30,1.36
2026-04-14 04:15,1.36
2026-04-14 04:52,1.36
2026-04-14 05:00,1.36
2026-04-14 05:15,1.36
2026-04-14 05:30,1.36
2026-04-14 05:45,1.36
2026-04-14 06:21,1.36
2026-04-14 06:30,1.36
2026-04-14 07:00,1.36
2026-04-14 07:15,1.36
2026-04-14 07:30,1.36
2026-04-14 08:15,1.36
2026-04-14 08:30,1.36
2026-04-14 08:45,1.36
2026-04-14 09:15,1.36
2026-04-14 09:30,1.36
2026-04-14 09:45,1.36
2026-04-14 10:00,1.36
2026-04-14 10:15,1.36
2026-04-14 10:50,1.36
2026-04-14 11:00,1.42
2026-04-14 11:34,1.42
2026-04-14 11:45,1.36
2026-04-14 12:00,1.42
2026-04-14 13:02,1.36
2026-04-14 14:30,1.36
2026-04-14 15:29,1.36
2026-04-14 16:15,1.36
2026-04-14 16:35,1.36
2026-04-14 16:45,1.36
2026-04-14 17:00,1.36
2026-04-14 17:15,1.36
2026-04-14 18:15,1.36
2026-04-14 18:45,1.36
2026-04-14 19:00,1.36
2026-04-14 19:15,1.36
2026-04-14 19:54,1.36
2026-04-14 20:30,1.36
2026-04-14 20:45,1.36
2026-04-14 21:21,1.36
2026-04-14 21:30,1.36
2026-04-14 21:45,1.36
2026-04-14 22:00,1.42
2026-04-14 22:15,1.36
2026-04-14 22:53,1.36
2026-04-14 23:00,1.36
2026-04-14 23:15,1.36
2026-04-14 23:30,1.42
2026-04-14 23:45,1.36
2026-04-15 00:00,1.36
2026-04-15 00:30,1.36
2026-04-15 00:45,1.36
2026-04-15 01:00,1.36
2026-04-15 01:38,1.42
2026-04-15 01:52,1.36
2026-04-15 02:00,1.42
2026-04-15 02:15,1.36
2026-04-15 02:45,1.36
2026-04-15 03:00,1.36
2026-04-15 04:00,1.42
2026-04-15 04:36,1.36
2026-04-15 04:38,0
2026-04-15 05:16,1.36
2026-04-15 05:30,1.36
2026-04-15 05:45,1.42
2026-04-15 06:15,1.36
2026-04-15 06:30,1.42
2026-04-15 06:45,1.36
2026-04-15 07:00,0.25
2026-04-15 07:15,1.36
2026-04-15 07:50,1.36
2026-04-15 08:00,1.36
2026-04-15 08:35,1.36
2026-04-15 08:45,1.36
2026-04-15 09:00,1.36
2026-04-15 09:15,1.36
2026-04-15 09:30,1.36
2026-04-15 09:45,1.36
2026-04-15 10:21,1.36
2026-04-15 10:45,1.36
2026-04-15 11:30,1.29
2026-04-15 11:45,1.23
2026-04-15 12:15,1.17
2026-04-15 12:30,1.17
2026-04-15 13:26,1.17
2026-04-15 13:49,1.17
2026-04-15 14:15,1.17
2026-04-15 15:00,1.17
2026-04-15 15:38,1.17
2026-04-15 15:45,1.17
2026-04-15 16:15,1.17
2026-04-15 16:45,1.17
2026-04-15 17:00,1.17
2026-04-15 17:30,1.17
2026-04-15 18:08,1.17
2026-04-15 18:15,1.17
2026-04-15 18:30,1.17
2026-04-15 19:21,1.23
2026-04-15 19:30,1.17
2026-04-15 19:45,1.23
2026-04-15 20:00,1.23
2026-04-15 20:15,1.23
2026-04-15 20:30,1.23
2026-04-15 21:08,1.23
2026-04-15 21:30,1.23
2026-04-15 22:00,1.23
2026-04-15 22:38,1.23
2026-04-15 23:00,1.23
2026-04-15 23:30,1.23
2026-04-15 23:45,1.23
2026-04-16 00:30,1.23
2026-04-16 01:09,1.17
2026-04-16 01:30,1.17
2026-04-16 02:09,1.23
2026-04-16 02:30,1.17
2026-04-16 03:00,1.23
2026-04-16 03:15,1.23
2026-04-16 03:30,1.23
2026-04-16 04:00,1.23
2026-04-16 04:15,1.23
2026-04-16 05:17,1.23
2026-04-16 06:30,1.23
2026-04-16 08:00,1.23
2026-04-16 08:15,1.23
2026-04-16 08:30,1.23
2026-04-16 09:15,1.23
2026-04-16 09:30,1.23
2026-04-16 10:00,1.42
2026-04-16 10:34,1.49
2026-04-16 10:45,1.36
2026-04-16 11:00,1.36
2026-04-16 11:15,1.29
2026-04-16 11:52,1.29
2026-04-16 13:05,1.29
2026-04-16 13:15,1.23
2026-04-16 13:30,1.23
2026-04-16 14:07,1.23
2026-04-16 15:15,1.23
2026-04-16 15:51,1.29
2026-04-16 16:00,1.29
2026-04-16 16:15,1.29
2026-04-16 16:52,1.29
2026-04-16 17:00,1.29
2026-04-16 17:15,1.29
2026-04-16 17:30,1.29
2026-04-16 17:45,1.29
2026-04-16 18:00,1.29
2026-04-16 18:15,1.29
2026-04-16 18:45,1.29
2026-04-16 19:00,1.29
2026-04-16 19:15,1.29
2026-04-16 19:30,1.29
2026-04-16 19:45,1.29
2026-04-16 20:15,1.29
2026-04-16 20:30,1.29
2026-04-16 20:45,1.29
2026-04-16 21:15,1.29
2026-04-16 21:48,1.29
2026-04-16 22:18,1.36
2026-04-16 22:30,1.36
2026-04-16 22:45,1.29
2026-04-16 23:15,1.29
2026-04-16 23:30,1.36
2026-04-16 23:45,1.36
2026-04-17 00:17,1.36
2026-04-17 00:30,1.36
2026-04-17 00:45,1.36
2026-04-17 01:17,1.36
2026-04-17 01:30,1.36
2026-04-17 01:45,1.29
2026-04-17 02:15,1.36
2026-04-17 02:17,1.36
2026-04-17 02:45,1.36
2026-04-17 03:00,1.36
2026-04-17 03:31,1.36
2026-04-17 03:57,1.36
2026-04-17 04:17,1.36
2026-04-17 04:30,1.36
2026-04-17 04:45,1.36
2026-04-17 05:00,1.36
2026-04-17 05:15,1.36
2026-04-17 05:30,1.36
2026-04-17 05:45,1.36
2026-04-17 06:18,1.36
2026-04-17 07:15,1.36
2026-04-17 07:46,1.36
2026-04-17 08:45,1.36
2026-04-17 09:00,1.36
2026-04-17 09:15,1.36
2026-04-17 09:30,1.36
2026-04-17 10:05,1.36
2026-04-17 10:19,1.92
2026-04-17 10:34,1.84
2026-04-17 10:45,1.7
2026-04-17 11:00,1.77
2026-04-17 11:15,1.77
2026-04-17 11:55,0
2026-04-17 12:00,0
2026-04-17 12:15,1.56
2026-04-17 12:51,1.56
2026-04-17 13:00,1.56
2026-04-17 13:15,1.49
2026-04-17 13:30,1.49
2026-04-17 14:07,1.49
2026-04-17 14:15,1.49
2026-04-17 14:50,1.49
2026-04-17 15:19,1.49
2026-04-17 15:30,1.49
2026-04-17 15:45,1.49
2026-04-17 16:33,1.56
2026-04-17 16:45,1.56
2026-04-17 17:00,1.56
2026-04-17 17:15,1.7
2026-04-17 17:51,1.77
2026-04-17 18:00,1.77
2026-04-17 18:46,1.77
2026-04-17 19:15,1.77
2026-04-17 19:30,1.77
2026-04-17 20:05,1.77
2026-04-17 20:15,1.77
2026-04-17 20:30,1.84
2026-04-17 20:45,1.84
2026-04-17 21:43,1.77
2026-04-17 22:30,1.63
2026-04-17 23:00,1.63
2026-04-17 23:51,1.63
2026-04-18 00:21,1.63
2026-04-18 01:00,1.84
2026-04-18 01:15,1.84
2026-04-18 01:49,1.84
2026-04-18 02:00,1.92
2026-04-18 02:35,1.92
2026-04-18 02:50,1.92
2026-04-18 03:00,1.92
2026-04-18 03:15,1.92
2026-04-18 03:30,1.92
2026-04-18 04:06,1.92
2026-04-18 04:15,1.92
2026-04-18 04:30,1.92
2026-04-18 04:45,1.99
2026-04-18 05:00,1.99
2026-04-18 05:15,1.99
2026-04-18 05:30,1.99
2026-04-18 06:05,1.99
2026-04-18 06:15,2.07
2026-04-18 06:49,2.55
2026-04-18 07:18,2.72
2026-04-18 07:30,2.72
2026-04-18 08:15,2.72
2026-04-18 08:30,3.24
2026-04-18 08:45,3.52
2026-04-18 09:00,3.24
2026-04-18 09:15,3.34
2026-04-18 09:48,3.34
2026-04-18 10:00,3.34
2026-04-18 10:15,3.24
2026-04-18 10:30,3.06
2026-04-18 10:45,2.98
2026-04-18 11:00,2.89
2026-04-18 11:15,2.89
2026-04-18 11:30,2.89
2026-04-18 11:45,2.15
2026-04-18 12:20,2.15
2026-04-18 12:30,2.15
2026-04-18 12:45,2.22
2026-04-18 13:19,1.99
2026-04-18 13:47,1.92
2026-04-18 14:00,1.7
2026-04-18 14:15,1.63
2026-04-18 14:48,1.56
2026-04-18 15:15,1.49
2026-04-18 15:30,1.49
2026-04-18 16:03,1.49
2026-04-18 16:19,1.42
2026-04-18 16:34,1.36
2026-04-18 16:45,1.23
2026-04-18 17:00,1.17
2026-04-18 18:00,1.49
2026-04-18 18:30,1.42
2026-04-18 18:45,1.42
2026-04-18 19:30,1.36
2026-04-18 19:45,1.36
2026-04-18 20:15,1.23
2026-04-18 21:34,1.17
2026-04-18 21:45,1.11
2026-04-18 22:00,1.11
2026-04-18 22:35,1.11
2026-04-18 22:45,1.23
2026-04-18 23:15,1.23
2026-04-18 23:30,1.23
2026-04-19 00:00,1.17
2026-04-19 00:35,1.23
2026-04-19 00:45,1.17
2026-04-19 01:00,1.23
2026-04-19 01:30,1.29
2026-04-19 01:45,1.29
2026-04-19 02:00,1.29
2026-04-19 02:15,1.23
2026-04-19 02:30,1.23
2026-04-19 03:00,1.23
2026-04-19 03:30,1.36
2026-04-19 03:45,1.29
2026-04-19 04:00,1.29
2026-04-19 04:30,1.23
2026-04-19 05:00,1.17
2026-04-19 05:15,1.17
2026-04-19 05:30,1.11
2026-04-19 05:45,1.11
2026-04-19 06:20,1.11
2026-04-19 06:30,1.11
2026-04-19 06:45,1.11
2026-04-19 07:15,1.11
2026-04-19 07:49,1.11
2026-04-19 08:04,1.11
2026-04-19 08:15,1.11
2026-04-19 08:50,1.11
2026-04-19 09:00,1.11
2026-04-19 09:33,1.11
2026-04-19 10:00,1.42
2026-04-19 10:15,1.42
2026-04-19 10:30,1.42
2026-04-19 11:06,1.42
2026-04-19 11:15,1.42
2026-04-19 11:30,1.42
2026-04-19 11:45,1.42
2026-04-19 12:00,1.42
2026-04-19 12:36,1.42
2026-04-19 12:45,1.42
2026-04-19 13:00,1.42
2026-04-19 13:30,1.49
2026-04-19 14:06,1.49
2026-04-19 14:35,1.49
2026-04-19 14:45,1.49
2026-04-19 15:00,1.49
2026-04-19 15:15,1.49
2026-04-19 15:45,1.49
2026-04-19 16:15,1.49
2026-04-19 16:30,1.49
2026-04-19 16:45,1.49
2026-04-19 17:00,1.49
2026-04-19 17:15,1.42
2026-04-19 18:00,1.42
2026-04-19 18:33,1.42
2026-04-19 19:00,1.42
2026-04-19 19:15,1.42
2026-04-19 19:48,1.42
2026-04-19 20:00,1.42
2026-04-19 20:15,1.42
2026-04-19 20:49,1.36
2026-04-19 21:03,1.42
2026-04-19 21:18,1.42
2026-04-19 21:30,1.42
2026-04-19 22:14,1.42
2026-04-19 22:45,1.42
2026-04-19 23:15,1.36
2026-04-19 23:30,1.42
2026-04-19 23:45,1.36
2026-04-20 00:00,1.42
2026-04-20 00:30,1.49
2026-04-20 00:45,1.49
2026-04-20 01:15,1.49
2026-04-20 01:51,1.49
2026-04-20 02:00,1.49
2026-04-20 02:15,1.49
2026-04-20 02:30,1.49
2026-04-20 03:32,1.49
2026-04-20 03:51,1.49
2026-04-20 04:00,1.49
2026-04-20 04:30,1.49
2026-04-20 04:45,1.49
2026-04-20 05:00,1.49
2026-04-20 05:15,1.49
2026-04-20 05:30,1.49
2026-04-20 06:15,1.49
2026-04-20 06:50,1.49
2026-04-20 07:00,1.49
2026-04-20 07:15,1.49
2026-04-20 07:50,1.49
2026-04-20 08:00,1.49
2026-04-20 08:15,1.49
2026-04-20 08:48,1.49
2026-04-20 09:15,1.99
2026-04-20 09:48,1.92
2026-04-20 10:04,1.92
2026-04-20 10:15,1.84
2026-04-20 10:59,1.77
2026-04-20 11:00,1.7
2026-04-20 11:15,1.7
2026-04-20 11:30,1.63
2026-04-20 12:27,1.63
2026-04-20 12:30,1.63
2026-04-20 12:45,1.63
2026-04-20 13:15,1.56
2026-04-20 13:45,1.56
2026-04-20 14:00,1.56
2026-04-20 14:15,1.56
2026-04-20 14:50,1.56
2026-04-20 15:00,1.56
2026-04-20 15:15,1.49
2026-04-20 15:30,1.56
2026-04-20 16:03,1.49
2026-04-20 16:19,1.49
2026-04-20 16:45,1.49
2026-04-20 17:30,1.49
2026-04-20 17:45,1.49
2026-04-20 18:00,1.49
2026-04-20 18:15,1.49
2026-04-20 18:30,1.49
2026-04-20 19:05,1.42
2026-04-20 19:34,1.49
2026-04-20 20:05,1.49
2026-04-20 20:44,1.56
2026-04-20 21:45,2.15
2026-04-20 22:21,2.15
2026-04-20 22:30,2.15
2026-04-20 22:45,2.15
2026-04-20 23:00,2.15
2026-04-20 23:15,2.15
2026-04-21 00:02,2.15
2026-04-21 00:15,2.15
2026-04-21 00:51,2.15
2026-04-21 01:00,2.15
2026-04-21 01:15,2.15
2026-04-21 01:30,2.15
2026-04-21 02:04,2.15
2026-04-21 02:20,2.22
2026-04-21 02:30,2.15
2026-04-21 02:45,2.15
2026-04-21 03:00,2.15
2026-04-21 03:30,2.15
2026-04-21 04:15,2.15
2026-04-21 05:00,2.15
2026-04-21 05:15,2.15
2026-04-21 05:45,2.15
2026-04-21 06:15,2.15
2026-04-21 06:30,2.15
2026-04-21 06:45,2.15
2026-04-21 07:18,2.15
2026-04-21 07:30,2.15
2026-04-21 07:45,2.15
2026-04-21 08:00,2.15
2026-04-21 08:33,2.15
2026-04-21 08:45,1.92
2026-04-21 09:00,1.77
2026-04-21 09:15,1.7
2026-04-21 09:30,1.7
2026-04-21 10:15,1.63
2026-04-21 11:01,1.63
2026-04-21 11:15,1.63
2026-04-21 11:30,1.63
2026-04-21 12:00,1.56
2026-04-21 12:34,1.56
2026-04-21 12:45,1.56
2026-04-21 13:15,1.56
2026-04-21 13:30,1.49
2026-04-21 14:04,1.49
2026-04-21 14:15,1.42
2026-04-21 14:48,1.42
2026-04-21 15:04,1.42
2026-04-21 15:15,1.42
2026-04-21 16:59,0
2026-04-21 17:45,1.36
2026-04-21 18:21,1.36
2026-04-21 18:45,1.36
2026-04-21 19:00,1.36
2026-04-21 19:32,1.36
2026-04-21 20:48,0.28
2026-04-21 21:00,1.42
2026-04-21 21:15,1.36
2026-04-21 21:30,1.29
2026-04-21 22:04,1.29
2026-04-21 22:15,1.23
2026-04-21 22:49,1.23
2026-04-21 23:04,1.23
2026-04-21 23:34,1.23
2026-04-22 00:05,1.17
2026-04-22 00:35,1.17
2026-04-22 01:05,1.17
2026-04-22 01:34,1.17
2026-04-22 01:45,1.17
2026-04-22 02:00,1.11
2026-04-22 02:15,1.11
2026-04-22 02:30,1.11
2026-04-22 03:04,1.11
2026-04-22 03:15,1.11
2026-04-22 03:30,1.11
2026-04-22 03:45,1.11
2026-04-22 04:21,1.11
2026-04-22 04:30,1.11
2026-04-22 04:45,1.11
2026-04-22 05:20,1.11
2026-04-22 05:45,1.11
2026-04-22 06:00,1.11
2026-04-22 06:15,1.11
2026-04-22 07:00,1.17
2026-04-22 07:15,1.36
2026-04-22 07:45,1.36
2026-04-22 07:48,1.36
2026-04-22 08:00,1.36
2026-04-22 08:15,1.36
2026-04-22 08:49,1.36
2026-04-22 09:20,1.36
2026-04-22 09:30,1.36
2026-04-22 10:05,1.36
2026-04-22 10:15,1.36
2026-04-22 10:30,1.36
2026-04-22 10:45,1.36
2026-04-22 11:15,1.36
2026-04-22 11:30,1.36
2026-04-22 11:45,1.36
2026-04-22 12:00,1.36
2026-04-22 12:15,1.29
2026-04-22 12:30,1.29
2026-04-22 13:03,1.29
2026-04-22 13:15,1.29
2026-04-22 13:50,1.29
2026-04-22 14:33,1.56
2026-04-22 15:06,1.42
2026-04-22 15:15,1.63
2026-04-22 16:03,1.63
2026-04-22 16:45,1.63
2026-04-22 17:20,1.63
2026-04-22 17:48,1.63
2026-04-22 18:19,1.63
2026-04-22 18:30,2.07
2026-04-22 18:45,2.22
2026-04-22 19:00,2.22
2026-04-22 19:15,2.22
2026-04-22 19:30,2.22
2026-04-22 20:05,2.15
2026-04-22 20:15,2.07
2026-04-22 20:30,1.99
2026-04-22 20:45,0.93
2026-04-22 21:00,1.42
2026-04-22 21:15,1.29
2026-04-22 21:30,1.23
2026-04-22 22:04,1.23
2026-04-22 22:15,1.23
2026-04-22 22:45,1.23
2026-04-22 23:00,1.23
2026-04-22 23:15,1.23
2026-04-22 23:30,1.23
2026-04-22 23:45,1.23
2026-04-23 00:00,1.23
2026-04-23 00:15,1.23
2026-04-23 00:45,1.23
2026-04-23 01:00,1.23
2026-04-23 01:15,1.23
2026-04-23 01:30,1.23
2026-04-23 01:45,1.23
2026-04-23 02:19,1.23
2026-04-23 02:34,1.29
2026-04-23 02:45,1.29
2026-04-23 03:15,1.29
2026-04-23 03:45,1.29
2026-04-23 04:50,1.29
2026-04-23 05:00,1.29
2026-04-23 05:15,1.29
2026-04-23 05:30,1.29
2026-04-23 06:16,1.29
2026-04-23 06:30,1.63
2026-04-23 07:29,1.63
2026-04-23 07:51,1.63
2026-04-23 08:00,1.7
2026-04-23 08:46,2.22
2026-04-23 09:06,2.07
2026-04-23 09:15,2.07
2026-04-23 09:50,2.07
2026-04-23 10:00,1.99
2026-04-23 10:15,1.92
2026-04-23 10:30,1.92
2026-04-23 10:45,1.92
2026-04-23 11:19,1.92
2026-04-23 11:34,1.92
2026-04-23 12:05,2.38
2026-04-23 12:15,2.3
2026-04-23 12:30,2.89
2026-04-23 13:43,3.62
2026-04-23 13:45,3.71
2026-04-23 14:20,4.51
2026-04-23 14:30,4.61
2026-04-23 14:45,4.72
2026-04-23 15:00,4.82
2026-04-23 15:15,4.72
2026-04-23 16:30,3.91
2026-04-23 16:45,4
2026-04-23 17:15,4.1
2026-04-23 17:45,3.15
2026-04-23 18:18,3.43
2026-04-23 18:45,3.34
2026-04-23 19:00,3.34
2026-04-23 19:15,3.43
2026-04-23 19:30,3.43
2026-04-23 19:45,3.52
2026-04-23 20:00,3.43
2026-04-23 20:15,3.43
2026-04-23 20:30,3.43
2026-04-23 21:15,3.43
2026-04-23 21:30,3.43
2026-04-23 21:45,3.43
2026-04-23 22:00,3.43
2026-04-23 22:15,3.34
2026-04-23 22:30,3.34
2026-04-23 23:04,3.43
2026-04-23 23:30,3.43
2026-04-23 23:45,3.43
2026-04-24 00:00,3.52
2026-04-24 00:15,3.52
2026-04-24 00:30,3.52
2026-04-24 00:45,3.62
2026-04-24 01:00,3.62
2026-04-24 01:15,3.62
2026-04-24 02:00,3.62
2026-04-24 02:15,3.71
2026-04-24 02:48,3.62
2026-04-24 03:03,3.71
2026-04-24 03:30,3.71
2026-04-24 03:45,3.62
2026-04-24 04:19,3.62
2026-04-24 05:00,3.62
2026-04-24 05:33,3.62
2026-04-24 05:59,3.62
2026-04-24 06:15,0.88
2026-04-24 06:18,3.62
2026-04-24 06:49,3.24
2026-04-24 07:00,2.98
2026-04-24 07:15,2.98
2026-04-24 07:47,2.98
2026-04-24 08:00,3.06
2026-04-24 09:28,3.34
2026-04-24 09:50,3.34
2026-04-24 10:00,3.34
2026-04-24 10:45,3.34
2026-04-24 11:00,3.34
2026-04-24 11:15,3.34
2026-04-24 11:49,3.91
2026-04-24 12:00,3.43
2026-04-24 13:51,3.52
2026-04-24 14:47,3.71
2026-04-24 15:04,3.71
2026-04-24 15:15,3.71
2026-04-24 15:30,3.52
2026-04-24 15:45,3.52
2026-04-24 16:18,1.84
2026-04-24 17:00,3.34
2026-04-24 17:33,3.34
2026-04-24 18:03,3.34
2026-04-24 18:15,3.34
2026-04-24 18:45,3.34
2026-04-24 19:00,3.43
2026-04-24 19:15,3.43
2026-04-24 19:48,3.34
2026-04-24 20:00,3.43
2026-04-24 20:15,3.43
2026-04-24 20:30,3.43
2026-04-24 21:34,3.43
2026-04-24 21:45,3.43
2026-04-24 22:00,3.43
2026-04-24 22:15,3.43
2026-04-24 22:30,3.43
2026-04-24 22:45,3.43
2026-04-24 23:18,3.52
2026-04-24 23:45,3.52
2026-04-25 00:00,3.52
2026-04-25 00:33,3.52
2026-04-25 00:45,3.62
2026-04-25 01:00,3.71
2026-04-25 01:15,3.71
2026-04-25 01:50,3.71
2026-04-25 02:00,3.71
2026-04-25 02:34,3.71
2026-04-25 03:00,3.71
2026-04-25 03:15,3.81
2026-04-25 03:30,3.71
2026-04-25 04:17,3.81
2026-04-25 04:30,3.81
2026-04-25 04:45,3.81
2026-04-25 05:00,3.81
2026-04-25 05:15,3.81
2026-04-25 05:49,3.81
2026-04-25 06:18,3.81
2026-04-25 06:30,3.81
2026-04-25 06:45,4.1
2026-04-25 07:00,3.81
2026-04-25 07:15,3.81
2026-04-25 07:30,3.91
2026-04-25 08:03,3.91
2026-04-25 08:18,3.91
2026-04-25 08:30,4
2026-04-25 08:45,4.1
2026-04-25 09:30,4.1
2026-04-25 10:15,4.1
2026-04-25 10:49,4.2
2026-04-25 11:00,2.8
2026-04-25 11:30,3.15
2026-04-25 11:45,3.15
2026-04-25 12:00,3.15
2026-04-25 12:47,3.15
2026-04-25 13:49,3.15
2026-04-25 14:00,3.15
2026-04-25 14:45,3.24
2026-04-25 15:00,3.24
2026-04-25 15:15,3.34
2026-04-25 15:30,3.15
2026-04-25 16:05,3.24
2026-04-25 16:45,3.43
2026-04-25 17:19,3.43
2026-04-25 17:45,3.52
2026-04-25 18:00,3.52
2026-04-25 18:15,3.52
2026-04-25 18:30,3.52
2026-04-25 18:45,3.43
2026-04-25 19:00,3.52
2026-04-25 19:15,3.62
2026-04-25 19:30,3.52
2026-04-25 20:04,3.52
2026-04-25 20:15,3.43
2026-04-25 20:30,3.43
2026-04-25 20:45,3.43
2026-04-25 21:00,3.52
2026-04-25 21:30,3.62
2026-04-25 21:45,3.62
2026-04-25 22:00,3.62
2026-04-25 22:15,3.71
2026-04-25 22:30,3.81
2026-04-25 22:45,3.71
2026-04-25 23:00,3.81
2026-04-25 23:15,3.91
2026-04-25 23:30,3.91
2026-04-26 00:05,3.91
2026-04-26 00:15,4.2
2026-04-26 00:30,4.2
2026-04-26 01:16,4.2
2026-04-26 01:35,4.1
2026-04-26 02:00,4.3
2026-04-26 02:15,4.3
2026-04-26 02:49,4.41
2026-04-26 03:00,4.41
2026-04-26 03:34,4.3
2026-04-26 03:49,4.41
2026-04-26 04:15,4.51
2026-04-26 04:30,4.51
2026-04-26 05:00,4.51
2026-04-26 05:15,4.41
2026-04-26 06:05,4.41
2026-04-26 06:15,4.41
2026-04-26 06:45,4.3
2026-04-26 07:00,4.3
2026-04-26 07:15,4.3
2026-04-26 07:30,4.3
2026-04-26 08:03,4.3
2026-04-26 08:15,4.2
2026-04-26 08:48,4.41
2026-04-26 09:29,4.3
2026-04-26 09:30,4.3
2026-04-26 10:28,4.3
2026-04-26 10:45,4.3
2026-04-26 11:00,4.3
2026-04-26 11:33,4.3
2026-04-26 11:45,4.3
2026-04-26 12:00,4.2
2026-04-26 12:45,4.1
2026-04-26 13:32,4.1
2026-04-26 14:00,4.2
2026-04-26 14:15,4.2
2026-04-26 14:30,4.1
2026-04-26 15:06,1.77
2026-04-26 15:15,2.98
2026-04-26 16:15,2.98
2026-04-26 16:30,2.98
2026-04-26 16:45,2.98
2026-04-26 17:00,2.98
2026-04-26 17:36,2.98
2026-04-26 17:45,2.98
2026-04-26 18:00,3.06
2026-04-26 18:15,3.06
2026-04-26 18:30,3.06
2026-04-26 19:00,2.98
2026-04-26 19:15,2.98
2026-04-26 19:30,2.98
2026-04-26 19:45,2.98
2026-04-26 20:00,2.98
2026-04-26 20:15,2.98
2026-04-26 21:00,3.24
2026-04-26 21:45,3.15
2026-04-26 22:15,3.15
2026-04-26 22:30,3.06
2026-04-26 22:45,3.15
2026-04-26 23:00,3.24
2026-04-26 23:15,3.15
2026-04-26 23:50,3.24
2026-04-27 00:00,3.24
2026-04-27 00:15,3.24
2026-04-27 00:30,3.24
2026-04-27 00:45,3.24
2026-04-27 01:00,3.34
2026-04-27 01:15,3.34
2026-04-27 01:30,3.34
2026-04-27 01:45,3.24
2026-04-27 02:00,3.34
2026-04-27 02:15,3.34
2026-04-27 02:49,3.34
2026-04-27 03:00,3.34
2026-04-27 03:15,3.34
2026-04-27 03:45,3.34
2026-04-27 04:00,3.34
2026-04-27 04:15,3.34
2026-04-27 04:52,3.34
2026-04-27 05:06,3.34
2026-04-27 05:20,3.34
2026-04-27 05:35,3.34
2026-04-27 05:45,3.34
2026-04-27 06:21,3.34
2026-04-27 07:19,3.34
2026-04-27 07:50,3.34
2026-04-27 08:15,2.63
2026-04-27 08:30,2.63
2026-04-27 08:45,2.55
2026-04-27 09:00,2.55
2026-04-27 09:36,2.55
2026-04-27 09:45,2.38
2026-04-27 10:21,2.3
2026-04-27 10:45,2.3
2026-04-27 11:04,2.22
2026-04-27 11:20,2.15
2026-04-27 11:45,2.07
2026-04-27 12:00,1.77
2026-04-27 12:47,1.56
2026-04-27 13:06,1.56
2026-04-27 13:15,1.36
2026-04-27 13:30,1.36
2026-04-27 15:20,1.36
2026-04-27 15:30,1.36
2026-04-27 15:45,1.36
2026-04-27 16:20,1.36
2026-04-27 16:30,1.36
2026-04-27 16:45,1.36
2026-04-27 17:45,1.29
2026-04-27 18:30,1.29
2026-04-27 19:27,1.29
2026-04-27 19:30,1.29
2026-04-27 19:45,1.29
2026-04-27 20:18,1.29
2026-04-27 20:30,1.29
2026-04-27 20:45,1.29
2026-04-27 21:33,1.29
2026-04-27 22:00,1.23
2026-04-27 22:45,1.23
2026-04-27 23:18,1.23
2026-04-27 23:49,1.23
2026-04-28 00:00,1.23
2026-04-28 00:15,1.23
2026-04-28 00:50,1.23
2026-04-28 01:00,1.23
2026-04-28 01:35,1.23
2026-04-28 01:49,1.23
2026-04-28 02:03,1.23
2026-04-28 03:12,1.17
2026-04-28 03:15,1.17
2026-04-28 03:30,1.17
2026-04-28 04:05,1.17
2026-04-28 04:31,1.17
2026-04-28 04:45,1.17
2026-04-28 05:20,1.17
2026-04-28 05:30,1.17
2026-04-28 06:06,1.17
2026-04-28 06:15,1.11
2026-04-28 06:30,1.11
2026-04-28 06:45,1.11
2026-04-28 07:33,1.11
2026-04-28 07:52,1.11
2026-04-28 08:00,1.11
2026-04-28 08:15,1.11
2026-04-28 08:30,1.11
2026-04-28 08:45,1.11
2026-04-28 09:15,1.05
2026-04-28 10:34,1.05
2026-04-28 10:45,1.05
2026-04-28 11:15,0.99
2026-04-28 16:04,2.63
2026-04-28 16:15,2.55
2026-04-28 16:45,2.55
2026-04-28 17:00,2.47
2026-04-28 17:15,2.47
2026-04-28 17:30,2.47
2026-04-28 18:05,2.47
2026-04-28 18:15,1.7
2026-04-28 18:50,1.63
2026-04-28 19:04,1.63
2026-04-28 19:15,1.63
2026-04-28 19:45,1.63
2026-04-28 20:00,1.63
2026-04-28 20:35,1.63
2026-04-28 21:04,1.63
2026-04-28 21:15,1.7
2026-04-28 21:30,1.63
2026-04-28 21:45,1.63
2026-04-28 22:18,1.63
2026-04-28 22:49,1.63
2026-04-28 23:00,1.63
2026-04-28 23:34,1.63
2026-04-29 00:00,1.63
2026-04-29 01:30,1.63
2026-04-29 01:49,1.63
2026-04-29 02:00,1.56
2026-04-29 02:35,1.56
2026-04-29 02:45,1.56
2026-04-29 03:00,1.63
2026-04-29 03:30,1.56
2026-04-29 04:03,1.56
2026-04-29 04:17,1.56
2026-04-29 04:47,1.56
2026-04-29 05:19,1.49
2026-04-29 05:34,1.49
2026-04-29 06:00,1.49
2026-04-29 06:15,1.49
2026-04-29 06:50,1.49
2026-04-29 07:00,1.49
2026-04-29 07:35,1.49
2026-04-29 07:45,1.49
2026-04-29 08:00,1.49
2026-04-29 08:15,1.49
2026-04-29 08:49,1.49
2026-04-29 09:00,1.42
2026-04-29 09:15,1.42
2026-04-29 09:30,1.36
2026-04-29 09:45,1.36
2026-04-29 10:15,1.36
2026-04-29 11:00,1.49
2026-04-29 15:31,1.42
2026-04-29 15:45,1.36
2026-04-29 16:00,1.36
2026-04-29 16:15,1.36
2026-04-29 16:30,1.36
2026-04-29 16:45,1.29
2026-04-29 17:00,1.29
2026-04-29 17:15,1.29
2026-04-29 17:30,1.23
2026-04-29 18:00,1.23
2026-04-29 18:15,1.23
2026-04-29 18:30,1.23
2026-04-29 18:45,1.23
2026-04-29 19:00,1.23
2026-04-29 19:15,1.17
2026-04-29 20:00,1.17
2026-04-29 20:15,1.11
2026-04-29 20:52,1.11
2026-04-29 21:00,1.11
2026-04-29 21:35,1.11
2026-04-29 22:00,1.17
2026-04-29 22:15,1.11
2026-04-29 22:45,1.11
2026-04-29 23:00,1.11
2026-04-29 23:15,1.17
2026-04-29 23:49,1.17
2026-04-30 00:20,1.11
2026-04-30 00:48,1.11
2026-04-30 01:00,1.05
2026-04-30 01:15,1.05
2026-04-30 01:30,0.99
2026-04-30 02:04,0.99
2026-04-30 02:44,0.99
2026-04-30 02:45,0.99
2026-04-30 03:00,0.93
2026-04-30 03:15,0.99
2026-04-30 03:30,0.99
2026-04-30 03:45,1.05
2026-04-30 04:00,1.11
2026-04-30 04:15,1.11
2026-04-30 04:30,1.11
2026-04-30 04:45,1.11
2026-04-30 05:00,1.11
2026-04-30 05:36,1.11
2026-04-30 05:45,1.11
2026-04-30 06:21,1.11
2026-04-30 06:30,1.11
2026-04-30 07:21,1.23
2026-04-30 07:52,1.23
2026-04-30 08:15,1.23
2026-04-30 08:30,1.23
2026-04-30 09:00,1.36
2026-04-30 09:15,1.36
2026-04-30 09:30,1.36
2026-04-30 09:45,1.29
2026-04-30 10:00,1.36
2026-04-30 10:15,1.36
2026-04-30 10:30,1.36
2026-04-30 10:45,1.23
2026-04-30 11:00,1.23
2026-04-30 11:15,1.23
2026-04-30 11:48,1.17
2026-04-30 12:04,1.17
2026-04-30 12:46,1.17
2026-04-30 14:05,1.11
2026-04-30 14:15,1.11
2026-04-30 14:45,1.11
2026-04-30 15:19,1.11
2026-04-30 15:36,1.11
2026-04-30 15:45,1.05
2026-04-30 16:00,1.11
2026-04-30 16:15,1.11
2026-04-30 16:51,1.11
2026-04-30 17:06,1.11
2026-04-30 17:15,1.11
2026-04-30 17:30,1.11
2026-04-30 17:45,1.11
2026-04-30 18:00,1.11
2026-04-30 18:36,1.11
2026-04-30 18:45,1.11
2026-04-30 19:00,1.11
2026-04-30 19:30,1.11
2026-04-30 19:45,1.11
2026-04-30 20:00,1.11
2026-04-30 20:15,1.11
2026-04-30 20:30,1.11
2026-04-30 20:45,1.11
2026-04-30 21:15,1.11
2026-04-30 21:30,1.11
2026-04-30 21:45,1.11
2026-04-30 22:00,1.11
2026-04-30 22:15,1.11
2026-04-30 22:50,1.17
2026-04-30 23:00,1.17
2026-04-30 23:15,1.17
2026-04-30 23:50,1.17
2026-05-01 00:00,1.17
2026-05-01 00:15,1.17
2026-05-01 00:30,1.17
2026-05-01 01:00,1.17
2026-05-01 01:15,1.11
2026-05-01 01:50,1.11
2026-05-01 02:00,1.17
2026-05-01 02:15,1.17
2026-05-01 03:00,1.11
2026-05-01 03:34,1.11
2026-05-01 03:45,1.11
2026-05-01 04:00,1.11
2026-05-01 04:15,1.11
2026-05-01 04:30,1.17
2026-05-01 05:00,1.11
2026-05-01 05:35,1.11
2026-05-01 05:45,1.11
2026-05-01 06:00,1.11
2026-05-01 06:46,1.11
2026-05-01 07:05,1.11
2026-05-01 07:45,1.05
2026-05-01 08:31,1.05
2026-05-01 09:00,1.05
2026-05-01 09:15,1.05
2026-05-01 09:30,1.05
2026-05-01 09:45,1.05
2026-05-01 10:20,1.05
2026-05-01 10:30,1.05
2026-05-01 10:45,1.05
2026-05-01 11:21,1.05
2026-05-01 11:35,1.05
2026-05-01 11:50,0.99
2026-05-01 12:00,0.99
2026-05-01 12:46,0.93
2026-05-01 13:05,2.38
2026-05-01 13:15,2.55
2026-05-01 13:30,2.63
2026-05-01 13:45,2.63
2026-05-01 14:00,2.63
2026-05-01 14:54,2.63
2026-05-01 15:48,2.72
2026-05-01 16:00,2.72
2026-05-01 16:30,1.99
2026-05-01 17:08,2.07
2026-05-01 17:15,2.07
2026-05-01 17:30,2.07
2026-05-01 17:45,2.15
2026-05-01 18:00,2.22
2026-05-01 18:30,2.47
2026-05-01 19:07,2.47
2026-05-01 19:15,2.47
2026-05-01 19:30,2.38
2026-05-01 19:45,2.38
2026-05-01 20:00,2.38
2026-05-01 20:30,2.38
2026-05-01 20:45,2.3
2026-05-01 21:25,2.3
2026-05-01 21:45,2.3
2026-05-01 22:00,2.3
2026-05-01 22:15,2.3
2026-05-01 22:30,2.3
2026-05-01 22:45,2.3
2026-05-01 23:23,2.3
2026-05-01 23:30,2.3
2026-05-02 00:00,2.3
2026-05-02 00:15,2.3
2026-05-02 00:30,2.3
2026-05-02 00:45,2.3
2026-05-02 01:23,2.3
2026-05-02 01:30,2.3
2026-05-02 01:45,2.38
2026-05-02 02:00,2.3
2026-05-02 02:49,2.3
2026-05-02 03:00,2.3
2026-05-02 03:30,2.3
2026-05-02 04:20,2.3
2026-05-02 04:52,2.3
2026-05-02 05:00,2.3
2026-05-02 05:15,2.3
2026-05-02 05:30,2.3
2026-05-02 05:45,2.3
2026-05-02 06:00,2.3
2026-05-02 06:30,2.3
2026-05-02 07:06,2.3
2026-05-02 07:15,2.3
2026-05-02 07:45,2.3
2026-05-02 08:00,2.3
2026-05-02 08:30,1.63
2026-05-02 09:00,1.49
2026-05-02 09:15,1.42
2026-05-02 09:55,1.36
2026-05-02 10:50,1.36
2026-05-02 11:23,1.29
2026-05-02 15:15,1.23
2026-05-02 15:53,1.17
2026-05-02 16:00,1.11
2026-05-02 16:40,1.11
2026-05-02 16:45,1.11
2026-05-02 17:00,1.11
2026-05-02 17:15,1.11
2026-05-02 17:30,1.11
2026-05-02 18:00,1.11
2026-05-02 18:15,1.11
2026-05-02 18:30,1.11
2026-05-02 18:45,1.11
2026-05-02 19:35,1.17
2026-05-02 19:45,1.17
2026-05-02 20:15,1.17
2026-05-02 20:52,1.17
2026-05-02 21:00,1.11
2026-05-02 21:15,1.17
2026-05-02 21:30,1.11
2026-05-02 22:09,1.17
2026-05-02 22:23,1.11
2026-05-02 23:15,1.17
2026-05-02 23:30,1.17
2026-05-03 00:07,1.11
2026-05-03 00:30,1.17
2026-05-03 01:00,1.17
2026-05-03 01:15,1.11
2026-05-03 01:45,1.17
2026-05-03 02:00,1.17
2026-05-03 02:15,1.17
2026-05-03 02:54,1.17
2026-05-03 03:22,1.11
2026-05-03 03:38,1.11
2026-05-03 03:45,1.11
2026-05-03 04:00,1.11
2026-05-03 05:00,1.11
2026-05-03 05:15,1.11
2026-05-03 05:45,1.11
2026-05-03 06:00,1.11
2026-05-03 06:15,1.11
2026-05-03 07:00,1.11
2026-05-03 07:45,1.11
2026-05-03 08:45,1.11
2026-05-03 09:00,1.11
2026-05-03 09:34,1.11
2026-05-03 10:00,1.11
2026-05-03 10:15,1.05
2026-05-03 10:30,1.11
2026-05-03 10:45,1.11
2026-05-03 14:47,0.88
2026-05-03 15:00,0.88
2026-05-03 15:15,0.88
2026-05-03 15:30,0.88
2026-05-03 15:45,0.88
2026-05-03 16:15,0.06
2026-05-03 16:51,0
2026-05-03 17:00,2.22
2026-05-03 17:30,2.22
2026-05-03 18:04,2.22
2026-05-03 18:15,2.22
2026-05-03 18:30,2.22
2026-05-03 18:45,2.22
2026-05-03 19:20,2.3
2026-05-03 19:30,2.22
2026-05-03 20:15,2.3
2026-05-03 20:46,2.3
2026-05-03 21:19,2.22
2026-05-03 21:30,2.22
2026-05-03 22:00,2.3
2026-05-03 22:15,2.3
2026-05-03 22:30,2.3
2026-05-03 22:45,2.3
2026-05-03 23:00,2.3
2026-05-03 23:15,2.3
2026-05-03 23:30,2.3
2026-05-03 23:45,2.3
2026-05-04 00:00,2.3
2026-05-04 00:15,2.3
2026-05-04 00:30,2.3
2026-05-04 00:45,2.3
2026-05-04 01:21,2.3
2026-05-04 01:30,2.3
2026-05-04 02:06,2.3
2026-05-04 02:21,2.3
2026-05-04 02:30,2.3
2026-05-04 03:05,2.3
2026-05-04 03:15,2.3
2026-05-04 03:30,2.3
2026-05-04 03:45,2.3
2026-05-04 04:20,2.3
2026-05-04 04:30,2.3
2026-05-04 04:45,2.3
2026-05-04 05:00,2.22
2026-05-04 05:34,2.3
2026-05-04 05:45,2.3
2026-05-04 06:15,2.3
2026-05-04 06:45,2.3
2026-05-04 07:00,2.3
2026-05-04 07:15,2.3
2026-05-04 07:30,2.3
2026-05-04 08:00,2.3
2026-05-04 08:15,2.3
2026-05-04 08:51,2.3
2026-05-04 09:00,2.3
2026-05-04 09:36,2.3
2026-05-04 10:04,2.3
2026-05-04 10:52,2.22
2026-05-04 12:00,1.42
2026-05-04 12:15,1.42
2026-05-04 14:34,1.42
2026-05-04 15:04,1.42
2026-05-04 15:45,1.49
2026-05-04 16:00,1.7
2026-05-04 16:15,1.7
2026-05-04 16:51,1.7
2026-05-04 17:06,1.7
2026-05-04 17:15,1.7
2026-05-04 17:30,1.7
2026-05-04 17:45,1.77
2026-05-04 18:15,1.77
2026-05-04 18:30,1.77
2026-05-04 18:45,1.77
2026-05-04 19:00,1.7
2026-05-04 19:15,1.77
2026-05-04 19:30,1.77
2026-05-04 19:45,1.77
2026-05-04 20:00,1.77
2026-05-04 20:48,1.77
2026-05-04 21:05,1.77
2026-05-04 21:15,1.77
2026-05-04 21:30,1.77
2026-05-04 21:45,1.77
2026-05-04 22:15,1.77
2026-05-04 22:45,1.77
2026-05-04 23:00,1.77
2026-05-04 23:35,1.77
2026-05-04 23:45,1.77
2026-05-05 00:15,1.77
2026-05-05 00:45,1.77
2026-05-05 01:21,1.77
2026-05-05 01:30,1.77
2026-05-05 01:45,1.77
2026-05-05 02:00,1.77
2026-05-05 02:15,1.77
2026-05-05 02:51,1.77
2026-05-05 03:00,1.84
2026-05-05 03:15,1.77
2026-05-05 03:30,1.84
2026-05-05 03:45,1.84
2026-05-05 04:00,1.84
2026-05-05 04:30,1.84
2026-05-05 05:07,1.84
2026-05-05 05:15,1.84
2026-05-05 05:30,1.84
2026-05-05 05:45,1.84
2026-05-05 06:00,1.84
2026-05-05 06:15,1.84
2026-05-05 06:45,1.84
2026-05-05 07:00,1.84
2026-05-05 07:15,1.84
2026-05-05 08:02,1.84
2026-05-05 08:15,1.92
2026-05-05 08:30,1.92
2026-05-05 08:45,1.92
2026-05-05 09:00,1.92
2026-05-05 09:35,1.92
2026-05-05 09:45,1.92
2026-05-05 10:00,1.92
2026-05-05 10:35,1.92
2026-05-05 10:45,1.92
2026-05-05 11:20,1.92
2026-05-05 11:34,1.92
2026-05-05 12:45,1.92
2026-05-05 13:15,1.92
2026-05-05 14:00,1.92
2026-05-05 14:38,1.92
2026-05-05 15:30,1.92
2026-05-05 16:06,1.92
2026-05-05 16:21,1.92
2026-05-05 16:30,1.92
2026-05-05 16:45,1.92
2026-05-05 17:21,1.99
2026-05-05 17:52,1.99
2026-05-05 18:00,2.07
2026-05-05 18:15,1.99
2026-05-05 18:51,1.99
2026-05-05 19:00,1.99
2026-05-05 19:15,1.99
2026-05-05 19:30,1.99
2026-05-05 19:45,1.99
2026-05-05 20:35,1.99
2026-05-05 21:13,1.99
2026-05-05 21:28,2.07
2026-05-05 21:54,2.07
2026-05-05 22:00,2.07
2026-05-05 22:15,1.99
2026-05-05 22:30,1.99
2026-05-05 23:30,2.07
2026-05-06 00:23,2.07
2026-05-06 00:41,2.07
2026-05-06 00:54,1.99
2026-05-06 01:26,1.99
2026-05-06 01:30,2.07
2026-05-06 01:45,2.07
2026-05-06 02:39,2.07
2026-05-06 02:45,2.07
2026-05-06 03:28,2.07
2026-05-06 03:55,2.07
2026-05-06 04:11,2.07
2026-05-06 05:49,2.07
2026-05-06 06:15,2.07
2026-05-06 06:56,2.07
2026-05-06 07:00,2.07
2026-05-06 07:41,2.07
2026-05-06 08:00,2.07
2026-05-06 08:15,2.07
2026-05-06 08:30,2.07
2026-05-06 09:10,2.07
2026-05-06 09:30,2.07
2026-05-06 09:45,2.07
2026-05-06 10:36,1.23
2026-05-06 10:45,2.07
2026-05-06 11:00,2.07
2026-05-06 11:30,2.15
2026-05-06 11:45,2.15
2026-05-06 12:00,2.15
2026-05-06 12:15,2.15
2026-05-06 12:30,2.15
2026-05-06 13:09,2.15
2026-05-06 13:40,2.15
2026-05-06 14:50,2.15
2026-05-06 15:00,2.15
2026-05-06 15:15,2.15
2026-05-06 15:30,2.15
2026-05-06 16:10,2.38
2026-05-06 16:30,2.38
2026-05-06 16:45,2.3
2026-05-06 17:00,2.22
2026-05-06 17:30,2.22
2026-05-06 18:20,2.22
2026-05-06 18:38,2.22
2026-05-06 18:45,2.22
2026-05-06 19:00,2.22
2026-05-06 19:15,2.22
2026-05-06 19:30,2.22
2026-05-06 19:45,2.22
2026-05-06 20:00,2.22
2026-05-06 20:15,2.22
2026-05-06 20:30,2.15
2026-05-06 20:45,2.15
2026-05-06 21:00,2.15
2026-05-06 21:40,2.22
2026-05-06 22:00,2.22
2026-05-06 22:15,2.15
2026-05-06 22:30,2.15
2026-05-06 22:45,2.15
2026-05-06 23:15,2.15
2026-05-06 23:30,2.15
2026-05-06 23:45,2.15
2026-05-07 00:26,2.15
2026-05-07 01:00,2.15
2026-05-07 02:55,2.15
2026-05-07 03:15,2.15
2026-05-07 03:30,2.15
2026-05-07 04:15,2.15
2026-05-07 04:30,2.15
2026-05-07 04:45,2.15
2026-05-07 05:39,2.15
2026-05-07 05:54,2.07
2026-05-07 06:23,2.07
2026-05-07 06:30,2.07
2026-05-07 07:15,2.07
2026-05-07 07:52,2.07
2026-05-07 08:55,2.07
2026-05-07 09:24,2.07
2026-05-07 09:30,2.07
2026-05-07 09:45,2.07
2026-05-07 10:15,2.07
2026-05-07 10:30,2.07
2026-05-07 10:45,2.07
2026-05-07 15:45,2.07
2026-05-07 16:00,2.07
2026-05-07 16:40,2.07
2026-05-07 17:00,2.07
2026-05-07 17:15,2.07
2026-05-07 17:30,2.07
2026-05-07 18:11,2.07
2026-05-07 18:15,2.07
2026-05-07 18:30,2.07
2026-05-07 19:30,2.07
2026-05-07 20:00,2.07
2026-05-07 20:15,2.07
2026-05-07 20:55,2.07
2026-05-07 21:09,2.07
2026-05-07 21:15,2.07
2026-05-07 21:30,2.07
2026-05-07 22:09,2.07
2026-05-07 22:39,2.07
2026-05-07 22:45,2.07
2026-05-07 23:00,2.07
2026-05-07 23:15,2.07
2026-05-07 23:45,2.07
2026-05-08 00:00,2.07
2026-05-08 00:30,2.07
2026-05-08 00:45,2.07
2026-05-08 01:00,2.07
2026-05-08 01:15,2.07
2026-05-08 01:30,2.07
2026-05-08 01:45,2.07
2026-05-08 02:00,2.07
2026-05-08 02:40,2.07
2026-05-08 03:10,2.07
2026-05-08 03:26,2.07
2026-05-08 03:30,2.07
2026-05-08 03:45,2.07
2026-05-08 04:25,2.07
2026-05-08 04:30,2.07
2026-05-08 04:45,2.07
2026-05-08 05:00,2.07
2026-05-08 05:39,2.07
2026-05-08 05:54,2.07
2026-05-08 06:11,2.07
2026-05-08 06:15,2.07
2026-05-08 06:30,2.07
2026-05-08 06:45,2.07
2026-05-08 07:00,2.07
2026-05-08 07:15,2.07
2026-05-08 08:10,2.07
2026-05-08 08:15,2.07
2026-05-08 08:30,1.99
2026-05-08 09:00,1.99
2026-05-08 09:15,1.99
2026-05-08 09:30,1.99
2026-05-08 10:00,1.99
2026-05-08 10:15,1.99
2026-05-08 10:30,1.99
2026-05-08 10:45,1.99
2026-05-08 15:30,1.99
2026-05-08 15:55,1.99
2026-05-08 16:00,1.99
2026-05-08 16:45,1.99
2026-05-08 17:15,1.99
2026-05-08 17:30,1.99
2026-05-08 18:00,1.99
2026-05-08 18:30,1.99
2026-05-08 18:45,1.99
2026-05-08 19:00,1.99
2026-05-08 19:15,1.99
2026-05-08 19:30,1.99
2026-05-08 19:45,1.99
2026-05-08 20:00,1.99
2026-05-08 20:15,1.99
2026-05-08 20:58,1.99
2026-05-08 21:00,1.99
2026-05-08 21:12,1.99
2026-05-08 21:15,1.99
2026-05-08 21:30,1.99
2026-05-08 21:45,1.99
2026-05-08 22:00,1.99
2026-05-08 22:15,1.99
2026-05-08 22:57,1.99
2026-05-08 23:00,1.99
2026-05-08 23:30,1.99
2026-05-09 00:11,1.99
2026-05-09 00:27,1.99
2026-05-09 00:30,1.99
2026-05-09 00:45,1.99
2026-05-09 01:54,1.99
2026-05-09 02:15,1.99
2026-05-09 02:30,1.99
2026-05-09 02:45,1.99
2026-05-09 03:00,1.99
2026-05-09 03:43,1.99
2026-05-09 04:14,1.99
2026-05-09 04:42,1.99
2026-05-09 04:45,1.99
2026-05-09 05:27,2.07
2026-05-09 05:58,1.99
2026-05-09 06:00,1.99
2026-05-09 06:13,1.99
2026-05-09 06:15,1.99
2026-05-09 06:45,1.99
2026-05-09 08:00,1.99
2026-05-09 08:15,1.99
2026-05-09 08:30,1.99
2026-05-09 08:45,1.99
2026-05-09 09:16,1.99
2026-05-09 09:30,1.92
2026-05-09 09:45,1.92
2026-05-09 10:26,1.92
2026-05-09 10:30,1.92
2026-05-09 10:45,1.92
2026-05-09 11:00,1.92
2026-05-09 11:15,1.92
2026-05-09 11:30,1.92
2026-05-09 11:45,1.92
2026-05-09 12:54,1.92
2026-05-09 13:14,1.92
2026-05-09 14:29,1.84
2026-05-09 15:15,1.84
2026-05-09 15:59,1.84
2026-05-09 16:00,1.84
2026-05-09 16:44,1.84
2026-05-09 16:45,1.84
2026-05-09 17:00,1.84
2026-05-09 17:15,1.84
2026-05-09 17:59,1.92
2026-05-09 18:41,1.84
2026-05-09 18:45,1.84
2026-05-09 19:15,1.92
2026-05-09 19:30,1.92
2026-05-09 19:45,1.92
2026-05-09 20:00,1.92
2026-05-09 20:15,1.92
2026-05-09 20:30,1.92
2026-05-09 21:13,1.92
2026-05-09 21:28,1.92
2026-05-09 21:30,1.92
2026-05-09 21:45,1.92
2026-05-09 22:27,1.92
2026-05-09 22:30,1.92
2026-05-09 22:45,1.92
2026-05-09 23:00,1.92
2026-05-09 23:41,1.92
2026-05-09 23:45,1.92
2026-05-10 00:00,1.92
2026-05-10 00:15,1.92
2026-05-10 00:30,1.92
2026-05-10 00:45,1.92
2026-05-10 01:00,1.92
2026-05-10 01:42,1.92
2026-05-10 02:11,1.92
2026-05-10 02:15,1.92
2026-05-10 02:45,1.92
2026-05-10 03:00,1.92
2026-05-10 03:44,1.92
2026-05-10 04:13,1.92
2026-05-10 04:44,1.92
2026-05-10 04:45,1.92
2026-05-10 05:00,1.92
2026-05-10 05:45,1.92
2026-05-10 06:15,1.92
2026-05-10 06:30,1.92
2026-05-10 06:45,1.92
2026-05-10 07:27,1.92
2026-05-10 08:07,1.92
2026-05-10 08:43,1.92
2026-05-10 08:45,1.92
2026-05-10 09:26,1.84
2026-05-10 10:07,1.84
2026-05-10 10:15,1.84
2026-05-10 10:45,1.84
2026-05-10 11:37,1.84
2026-05-10 12:15,1.77
2026-05-10 12:58,1.77
2026-05-10 15:28,1.77
2026-05-10 15:58,1.77
2026-05-10 16:00,1.77
2026-05-10 16:42,1.77
2026-05-10 16:45,1.77
2026-05-10 17:26,1.77
2026-05-10 17:30,1.77
2026-05-10 17:45,1.77
2026-05-10 18:00,1.77
2026-05-10 18:15,1.77
2026-05-10 18:30,1.77
2026-05-10 18:45,1.77
2026-05-10 19:00,1.77
2026-05-10 19:15,1.77
2026-05-10 19:30,1.77
2026-05-10 19:45,1.84
2026-05-10 20:00,1.84
2026-05-10 20:42,1.84
2026-05-10 20:45,1.84
2026-05-10 21:30,1.84
2026-05-10 21:45,1.92
2026-05-10 22:29,1.84
2026-05-10 22:30,1.84
2026-05-10 22:45,1.84
2026-05-10 23:00,1.84
2026-05-10 23:15,1.84
2026-05-11 00:11,1.84
2026-05-11 00:31,1.84
2026-05-11 01:00,1.84
2026-05-11 01:15,1.84
2026-05-11 01:30,1.84
2026-05-11 02:30,1.84
2026-05-11 03:15,1.84
2026-05-11 03:30,1.84
2026-05-11 03:45,1.84
2026-05-11 04:15,1.84
2026-05-11 04:30,1.84
2026-05-11 04:45,1.84
2026-05-11 05:16,1.84
2026-05-11 05:31,1.77
2026-05-11 06:15,1.77
2026-05-11 06:45,1.77
2026-05-11 07:15,1.77
2026-05-11 07:45,1.77
2026-05-11 08:00,1.77
2026-05-11 09:42,1.77
2026-05-11 09:45,1.77
2026-05-11 10:17,1.77
2026-05-11 10:30,1.77
2026-05-11 11:03,1.77
2026-05-11 12:19,1.7
2026-05-11 12:45,1.7
2026-05-11 13:15,1.7
2026-05-11 13:47,1.7
2026-05-11 14:18,1.7
2026-05-11 14:30,1.7
2026-05-11 14:45,1.7
2026-05-11 15:00,1.7
2026-05-11 15:15,1.7
2026-05-11 15:30,1.7
2026-05-11 15:45,1.7
2026-05-11 16:58,1.7
2026-05-11 17:00,1.7
2026-05-11 17:15,1.63
2026-05-11 17:30,1.7
2026-05-11 18:15,1.63
2026-05-11 18:30,1.63
2026-05-11 18:45,1.63
2026-05-11 19:00,1.63
2026-05-11 19:30,1.7
2026-05-11 20:15,1.7
2026-05-11 20:30,1.63
2026-05-11 21:30,1.7
2026-05-11 21:45,1.7
2026-05-11 22:00,1.7
2026-05-11 22:31,1.7
2026-05-11 23:32,1.7
2026-05-11 23:45,1.7
2026-05-12 00:00,1.7
2026-05-12 00:30,1.7
2026-05-12 01:30,1.7
2026-05-12 01:45,1.7
2026-05-12 02:00,1.7
2026-05-12 02:15,1.7
2026-05-12 02:30,1.7
2026-05-12 02:45,1.7
2026-05-12 03:18,1.7
2026-05-12 03:30,1.7
2026-05-12 04:02,1.7
2026-05-12 04:15,1.7
2026-05-12 04:49,1.77
2026-05-12 05:00,1.7
2026-05-12 05:15,1.7
2026-05-12 05:30,1.7
2026-05-12 06:00,1.7
2026-05-12 06:15,1.7
2026-05-12 06:30,1.7
2026-05-12 06:45,1.7
2026-05-12 07:00,1.7
2026-05-12 07:15,1.7
2026-05-12 07:50,1.7
2026-05-12 08:00,1.7
2026-05-12 08:15,1.7
2026-05-12 08:30,1.7
2026-05-12 08:45,1.7
2026-05-12 09:00,1.7
2026-05-12 09:15,1.7
2026-05-12 09:30,1.7
2026-05-12 09:45,1.7
2026-05-12 10:00,1.7
2026-05-12 10:47,1.63
2026-05-12 11:19,1.63
2026-05-12 11:34,1.63
2026-05-12 12:04,1.63
2026-05-12 12:20,1.63
2026-05-12 13:01,1.63
2026-05-12 13:15,1.63
2026-05-12 13:30,1.56
2026-05-12 13:45,1.63
2026-05-12 14:00,1.56
2026-05-12 14:15,1.56
2026-05-12 15:30,1.56
2026-05-12 15:45,1.56
2026-05-12 16:00,1.56
2026-05-12 16:35,1.56
2026-05-12 16:45,1.56
2026-05-12 17:00,1.56
2026-05-12 17:30,1.49
2026-05-12 17:45,1.49
2026-05-12 18:15,1.49
2026-05-12 18:30,1.49
2026-05-12 18:45,1.49
2026-05-12 19:20,1.49
2026-05-12 19:30,1.49
2026-05-12 19:45,1.49
2026-05-12 20:15,1.49
2026-05-12 20:30,1.56
2026-05-12 20:45,1.56
2026-05-12 21:00,1.56
2026-05-12 21:35,1.56
2026-05-12 21:45,1.56
2026-05-12 22:46,1.56
2026-05-12 23:00,1.56
2026-05-12 23:34,1.56
2026-05-13 00:01,1.56
2026-05-13 00:15,1.56
2026-05-13 00:45,1.56
2026-05-13 01:20,1.56
2026-05-13 01:30,1.56
2026-05-13 01:45,1.56
2026-05-13 02:30,1.56
2026-05-13 03:44,1.56
2026-05-13 03:45,1.56
2026-05-13 04:00,1.56
2026-05-13 04:30,1.56
2026-05-13 04:45,1.56
2026-05-13 05:19,1.56
2026-05-13 05:30,1.63
2026-05-13 05:45,1.63
2026-05-13 06:00,1.63
2026-05-13 06:15,1.63
2026-05-13 06:30,1.63
2026-05-13 07:00,1.63
2026-05-13 07:15,1.63
2026-05-13 07:30,1.63
2026-05-13 08:04,1.63
2026-05-13 08:19,1.63
2026-05-13 08:48,1.63
2026-05-13 09:00,1.63
2026-05-13 09:30,1.7
2026-05-13 10:00,1.63
2026-05-13 10:15,1.63
2026-05-13 10:45,1.63
2026-05-13 11:00,1.63
2026-05-13 11:15,1.63
2026-05-13 11:50,1.56
2026-05-13 12:00,1.56
2026-05-13 12:35,1.49
2026-05-13 13:05,1.49
2026-05-13 13:15,1.49
2026-05-13 13:30,1.49
2026-05-13 14:05,1.49
2026-05-13 14:15,1.49
2026-05-13 14:45,1.49
2026-05-13 14:51,1.49
2026-05-13 15:00,1.49
2026-05-13 15:15,1.49
2026-05-13 16:01,1.49
2026-05-13 16:31,1.49
2026-05-13 16:45,1.49
2026-05-13 17:00,1.49
2026-05-13 17:15,1.49
2026-05-13 17:30,1.49
2026-05-13 18:15,1.49
2026-05-13 18:51,1.49
2026-05-13 19:05,1.49
2026-05-13 19:15,1.49
2026-05-13 19:49,1.56
2026-05-13 20:00,1.56
2026-05-13 20:15,1.56
2026-05-13 20:45,1.56
2026-05-13 21:00,1.56
2026-05-13 21:15,1.56
2026-05-13 21:30,1.56
2026-05-13 21:45,1.56
2026-05-13 22:00,1.56
2026-05-13 22:15,1.56
2026-05-13 22:30,1.56
2026-05-13 23:04,1.56
2026-05-14 00:00,1.56
2026-05-14 00:45,1.56
2026-05-14 01:00,1.56
2026-05-14 01:15,1.56
2026-05-14 02:15,1.56
2026-05-14 02:30,1.56
2026-05-14 03:00,1.63
2026-05-14 03:15,1.56
2026-05-14 03:45,1.56
2026-05-14 04:00,1.56
2026-05-14 04:15,1.56
2026-05-14 04:30,1.63
2026-05-14 04:45,1.56
2026-05-14 05:00,1.63
2026-05-14 05:46,1.56
2026-05-14 06:19,1.63
2026-05-14 06:30,1.56
2026-05-14 07:15,1.63
2026-05-14 07:30,1.56
2026-05-14 08:00,1.56
2026-05-14 08:15,1.56
2026-05-14 08:30,1.56
2026-05-14 08:45,1.56
2026-05-14 09:18,1.56
2026-05-14 09:30,1.56
2026-05-14 09:45,1.56
2026-05-14 10:00,1.56
2026-05-14 10:15,1.56
2026-05-14 10:30,1.49
2026-05-14 10:45,1.49
2026-05-14 11:15,1.49
2026-05-14 11:30,1.49
2026-05-14 12:03,1.49
2026-05-14 13:05,1.42
2026-05-14 13:15,1.42
2026-05-14 14:00,1.42
2026-05-14 15:15,1.42
2026-05-14 15:51,1.42
2026-05-14 16:20,1.42
2026-05-14 16:50,1.42
2026-05-14 17:15,1.42
2026-05-14 18:02,1.42
2026-05-14 18:20,1.42
2026-05-14 18:49,1.42
2026-05-14 19:00,1.42
2026-05-14 19:35,1.42
2026-05-14 20:05,1.49
2026-05-14 20:20,1.49
2026-05-14 20:30,1.49
2026-05-14 20:45,1.49
2026-05-14 21:20,1.49
2026-05-14 21:30,1.49
2026-05-14 21:45,1.49
2026-05-14 22:00,1.49
2026-05-14 22:15,1.49
2026-05-14 22:30,1.49
2026-05-14 23:00,1.49
2026-05-14 23:15,1.49
2026-05-15 00:00,1.49
2026-05-15 00:30,1.49
2026-05-15 00:45,1.49
2026-05-15 01:57,1.49
2026-05-15 02:00,1.49
2026-05-15 02:15,1.49
2026-05-15 02:45,1.49
2026-05-15 03:00,1.49
2026-05-15 03:32,1.49
2026-05-15 03:45,1.49
2026-05-15 04:00,1.49
2026-05-15 04:33,1.49
2026-05-15 04:45,1.49
2026-05-15 05:00,1.49
2026-05-15 05:15,1.49
2026-05-15 05:47,1.49
2026-05-15 06:17,1.49
2026-05-15 06:47,1.49
2026-05-15 07:02,1.49
2026-05-15 07:15,1.49
2026-05-15 07:47,1.49
2026-05-15 08:00,1.49
2026-05-15 08:15,1.49
2026-05-15 08:58,1.49
2026-05-15 09:00,1.49
2026-05-15 09:15,1.49
2026-05-15 09:30,1.49
2026-05-15 09:45,1.49
2026-05-15 10:00,1.49
2026-05-15 10:15,1.49
2026-05-15 10:45,1.42
2026-05-15 11:15,1.42
2026-05-15 12:05,1.42
2026-05-15 12:33,1.42
2026-05-15 15:15,1.36
2026-05-15 15:51,1.36
2026-05-15 16:00,1.36
2026-05-15 16:30,1.36
2026-05-15 16:45,1.36
2026-05-15 17:00,1.36
2026-05-15 17:38,1.36
2026-05-15 18:31,1.36
2026-05-15 18:45,1.36
2026-05-15 19:30,1.42
2026-05-15 19:45,1.42
2026-05-15 20:20,1.42
2026-05-15 20:35,1.42
2026-05-15 20:45,1.42
2026-05-15 21:00,1.42
2026-05-15 21:15,1.42
2026-05-15 21:30,1.42
2026-05-15 21:45,1.42
2026-05-15 22:00,1.42
2026-05-15 22:44,1.42
2026-05-15 22:45,1.42
2026-05-15 23:18,1.42
2026-05-15 23:48,1.42
2026-05-16 00:00,1.42
2026-05-16 00:15,1.42
2026-05-16 01:00,1.49
2026-05-16 01:15,1.42
2026-05-16 01:49,1.42
2026-05-16 02:04,1.42
2026-05-16 02:15,1.49
2026-05-16 02:49,1.49
2026-05-16 03:04,1.42
2026-05-16 03:30,1.49
2026-05-16 04:00,1.49
2026-05-16 04:15,1.49
2026-05-16 04:45,1.49
2026-05-16 05:19,1.49
2026-05-16 05:33,1.49
2026-05-16 06:00,1.49
2026-05-16 06:15,1.49
2026-05-16 06:30,1.49
2026-05-16 06:45,1.49
2026-05-16 07:00,1.49
2026-05-16 07:34,1.49
2026-05-16 08:00,1.7
2026-05-16 08:15,2.8
2026-05-16 08:30,2.8
2026-05-16 09:00,2.8
2026-05-16 09:15,2.8
2026-05-16 09:51,2.8
2026-05-16 10:00,2.8
2026-05-16 10:15,2.8
2026-05-16 10:45,2.72
2026-05-16 11:00,2.72
2026-05-16 11:35,2.72
2026-05-16 15:36,0.88
2026-05-16 15:49,0.88
2026-05-16 16:00,0.88
2026-05-16 16:30,1.77
2026-05-16 16:45,2.47
2026-05-16 17:00,2.47
2026-05-16 17:35,2.3
2026-05-16 17:45,2.3
2026-05-16 18:00,2.3
2026-05-16 18:15,2.22
2026-05-16 18:45,2.15
2026-05-16 19:44,3.15
2026-05-16 20:00,3.06
2026-05-16 21:14,1.77
2026-05-16 21:15,1.77
2026-05-16 21:30,1.99
2026-05-16 22:00,2.55
2026-05-16 22:15,2.55
2026-05-16 23:16,2.55
2026-05-16 23:35,2.55
2026-05-17 00:00,2.47
2026-05-17 00:34,2.47
2026-05-17 00:45,2.47
2026-05-17 01:15,2.47
2026-05-17 01:19,2.47
2026-05-17 01:50,2.47
2026-05-17 02:30,2.47
2026-05-17 02:45,2.47
2026-05-17 03:00,2.38
2026-05-17 03:30,2.47
2026-05-17 03:45,2.47
2026-05-17 04:00,2.38
2026-05-17 04:36,2.38
2026-05-17 05:06,2.38
2026-05-17 05:15,2.38
2026-05-17 05:30,2.38
2026-05-17 06:06,2.38
2026-05-17 06:15,2.38
2026-05-17 06:30,2.38
2026-05-17 07:43,1.7
2026-05-17 08:04,1.63
2026-05-17 08:15,1.84
2026-05-17 08:51,1.84
2026-05-17 09:00,1.84
2026-05-17 09:37,1.84
2026-05-17 10:07,1.84
2026-05-17 10:23,1.92
2026-05-17 11:00,2.07
2026-05-17 12:05,1.49
2026-05-17 12:30,1.42
2026-05-17 13:30,1.42
2026-05-17 15:30,1.42
2026-05-17 15:45,1.42
2026-05-17 16:00,1.42
2026-05-17 16:15,1.42
2026-05-17 16:30,1.42
2026-05-17 16:45,1.42
2026-05-17 17:00,1.42
2026-05-17 17:36,1.42
2026-05-17 17:50,1.42
2026-05-17 18:06,1.49
2026-05-17 18:22,1.49
2026-05-17 18:30,1.63
2026-05-17 18:45,1.63
2026-05-17 19:00,1.63
2026-05-17 19:37,1.63
2026-05-17 19:45,1.63
2026-05-17 20:00,1.56
2026-05-17 20:15,1.56
2026-05-17 20:30,1.56
2026-05-17 20:45,1.49
2026-05-17 21:20,1.49
2026-05-17 21:51,1.56
2026-05-17 22:00,1.92
2026-05-17 22:15,1.99
2026-05-17 22:30,2.15
2026-05-17 22:45,2.22
2026-05-17 23:00,2.3
2026-05-17 23:15,2.3
2026-05-17 23:30,2.22
2026-05-18 00:20,2.07
2026-05-18 00:35,2.07
2026-05-18 00:45,2.15
2026-05-18 01:00,2.15
2026-05-18 01:15,2.15
2026-05-18 01:30,2.15
2026-05-18 01:45,2.15
2026-05-18 02:20,2.15
2026-05-18 02:34,2.07
2026-05-18 02:45,2.07
2026-05-18 03:00,2.07
2026-05-18 03:34,2.07
2026-05-18 03:48,2.07
2026-05-18 04:00,2.07
2026-05-18 04:15,2.07
2026-05-18 04:30,2.07
2026-05-18 05:00,1.99
2026-05-18 05:34,1.99
2026-05-18 05:45,1.99
2026-05-18 06:00,1.99
2026-05-18 07:07,1.99
2026-05-18 07:22,1.99
2026-05-18 07:36,1.99
2026-05-18 07:45,1.99
2026-05-18 08:00,1.99
2026-05-18 08:45,2.22
2026-05-18 09:00,2.22
2026-05-18 09:15,2.22
2026-05-18 09:52,2.3
2026-05-18 10:21,2.3
2026-05-18 10:30,2.3
2026-05-18 11:00,2.3
2026-05-18 11:15,2.3
2026-05-18 15:15,2.22
2026-05-18 15:53,2.22
2026-05-18 16:15,1.56
2026-05-18 17:15,1.63
2026-05-18 17:30,1.63
2026-05-18 18:07,1.63
2026-05-18 18:15,1.63
2026-05-18 20:16,1.63
2026-05-18 20:30,1.63
2026-05-18 21:07,1.63
2026-05-18 21:15,1.63
2026-05-18 21:51,1.63
2026-05-18 22:00,1.63
2026-05-18 22:15,1.63
2026-05-18 22:30,1.63
2026-05-18 23:21,1.63
2026-05-18 23:30,1.63
2026-05-19 00:06,1.63
2026-05-19 00:15,1.63
2026-05-19 00:30,1.63
2026-05-19 01:05,1.63
2026-05-19 01:15,1.63
2026-05-19 01:45,1.63
2026-05-19 02:00,1.63
2026-05-19 02:15,1.63
2026-05-19 02:49,1.63
2026-05-19 03:36,1.63
2026-05-19 03:45,1.63
2026-05-19 04:00,1.63
2026-05-19 04:15,1.63
2026-05-19 04:49,1.63
2026-05-19 05:00,1.63
2026-05-19 05:15,1.7
2026-05-19 05:30,1.7
2026-05-19 06:05,1.7
2026-05-19 06:15,1.7
2026-05-19 06:30,1.7
2026-05-19 07:05,1.7
2026-05-19 07:45,1.7
2026-05-19 08:19,1.7
2026-05-19 08:30,1.56
2026-05-19 08:45,1.56
2026-05-19 09:00,1.63
2026-05-19 09:30,1.63
2026-05-19 09:45,1.63
2026-05-19 10:00,1.63
2026-05-19 10:15,1.63
2026-05-19 10:30,1.56
2026-05-19 10:45,1.49
2026-05-19 13:16,1.42
2026-05-19 13:30,1.42
2026-05-19 15:33,1.36
2026-05-19 15:45,1.36
2026-05-19 16:00,1.36
2026-05-19 16:45,1.36
2026-05-19 17:00,1.36
2026-05-19 17:15,1.36
2026-05-19 17:50,1.36
2026-05-19 18:22,1.36
2026-05-19 18:30,1.36
2026-05-19 18:45,1.36
2026-05-19 19:30,1.36
2026-05-19 19:45,1.36
2026-05-19 20:15,2.89
2026-05-19 21:00,3.62
2026-05-19 21:15,3.52
2026-05-19 21:30,3.52
2026-05-19 22:07,3.52
2026-05-19 22:15,3.06
2026-05-19 22:45,3.06
2026-05-19 23:38,2.98
2026-05-20 00:38,2.72
2026-05-20 00:45,2.72
2026-05-20 01:00,2.72
2026-05-20 01:39,2.72
2026-05-20 01:52,2.72
2026-05-20 02:20,2.63
2026-05-20 02:30,2.63
2026-05-20 02:45,2.63
2026-05-20 03:00,2.63
2026-05-20 03:30,2.89
2026-05-20 04:00,2.98
2026-05-20 04:50,2.98
2026-05-20 05:06,2.89
2026-05-20 05:15,2.89
2026-05-20 05:45,2.89
2026-05-20 06:00,2.98
2026-05-20 06:15,2.98
2026-05-20 06:30,2.98
2026-05-20 06:45,2.89
2026-05-20 07:30,3.15
2026-05-20 07:45,2.89
2026-05-20 08:00,1.99
2026-05-20 08:15,2.38
2026-05-20 08:30,2.55
2026-05-20 08:45,2.22
2026-05-20 09:22,1.92
2026-05-20 09:30,1.92
2026-05-20 09:45,1.92
2026-05-20 10:00,1.77
2026-05-20 10:15,1.77
2026-05-20 10:52,1.7
2026-05-20 11:00,1.7
2026-05-20 11:36,1.7
2026-05-20 11:45,1.7
2026-05-20 12:46,1.05
2026-05-20 13:00,0.93
2026-05-20 13:37,0.88
2026-05-20 13:45,0.82
2026-05-20 14:00,0.82
2026-05-20 14:15,0.82
2026-05-20 14:30,0.82
2026-05-20 15:32,1.29
2026-05-20 15:45,1.29
2026-05-20 16:15,1.29
2026-05-20 16:45,1.23
2026-05-20 17:15,1.42
2026-05-20 17:30,1.17
2026-05-20 18:00,1.17
2026-05-20 18:15,1.29
2026-05-20 18:30,1.36
2026-05-20 18:45,1.36
2026-05-20 19:15,1.29
2026-05-20 19:30,1.7
2026-05-20 19:45,1.92
2026-05-20 20:00,1.92
2026-05-20 20:30,1.99
2026-05-20 21:08,2.55
2026-05-20 21:15,2.47
2026-05-20 21:30,2.47
2026-05-20 22:00,2.47
2026-05-20 22:15,2.47
2026-05-20 23:30,2.47
2026-05-20 23:45,2.47
2026-05-21 00:45,2.89
2026-05-21 01:53,2.15
2026-05-21 02:00,2.07
2026-05-21 02:37,2.07
2026-05-21 03:11,2.07
2026-05-21 03:15,2.07
2026-05-21 03:30,2.07
2026-05-21 03:45,2.07
2026-05-21 04:22,2.07
2026-05-21 04:30,1.99
2026-05-21 05:06,1.99
2026-05-21 05:30,1.92
2026-05-21 05:45,1.92
2026-05-21 06:30,2.3
2026-05-21 06:45,2.55
2026-05-21 07:22,2.55
2026-05-21 07:30,2.47
2026-05-21 07:45,2.47
2026-05-21 08:00,2.47
2026-05-21 08:15,2.47
2026-05-21 08:45,2.47
2026-05-21 09:00,2.47
2026-05-21 09:15,2.47
2026-05-21 09:30,1.36
2026-05-21 09:45,1.23
2026-05-21 10:00,1.23
2026-05-21 10:46,1.23
2026-05-21 11:21,1.23
2026-05-21 11:37,1.23
2026-05-21 11:45,1.17
2026-05-21 12:00,1.17
2026-05-21 12:30,1.17
2026-05-21 12:45,1.17
2026-05-21 13:52,1.11
2026-05-21 14:30,3.52
2026-05-21 15:05,3.62
2026-05-21 15:15,3.91
2026-05-21 15:52,4
2026-05-21 16:00,4.3
2026-05-21 16:15,4.2
2026-05-21 16:30,4.2
2026-05-21 16:45,4.2
2026-05-21 17:00,4.2
2026-05-21 17:30,3.52
2026-05-21 18:06,3.71
2026-05-21 18:15,3.91
2026-05-21 18:30,3.91
2026-05-21 18:45,4
2026-05-21 19:21,4
2026-05-21 19:30,4
2026-05-21 20:06,4.1
2026-05-21 20:15,4
2026-05-21 20:30,4
2026-05-21 20:45,3.91
2026-05-21 21:59,3.81
2026-05-21 22:00,3.81
2026-05-21 22:15,3.71
2026-05-21 23:21,3.71
2026-05-21 23:30,3.71
2026-05-21 23:45,3.71
2026-05-22 00:00,3.71
2026-05-22 00:30,3.62
2026-05-22 00:45,3.62
2026-05-22 01:00,3.62
2026-05-22 01:35,3.62
2026-05-22 01:45,3.62
2026-05-22 02:20,3.52
2026-05-22 02:45,3.52
2026-05-22 03:15,3.43
2026-05-22 03:30,3.43
2026-05-22 03:45,3.52
2026-05-22 04:00,3.52
2026-05-22 04:46,3.52
2026-05-22 05:15,3.62
2026-05-22 05:30,3.52
2026-05-22 06:00,3.43
2026-05-22 06:15,3.43
2026-05-22 06:30,3.34
2026-05-22 07:05,3.34
2026-05-22 07:15,3.43
2026-05-22 07:45,3.43
2026-05-22 08:00,3.43
2026-05-22 08:30,3.43
2026-05-22 09:00,3.43
2026-05-22 09:30,3.34
2026-05-22 09:45,3.24
2026-05-22 10:00,3.24
2026-05-22 10:15,3.06
2026-05-22 10:30,3.06
2026-05-22 10:45,3.06
2026-05-22 11:00,3.06
2026-05-22 11:35,3.06
2026-05-22 12:02,3.06
2026-05-22 15:32,2.89
2026-05-22 15:45,2.89
2026-05-22 16:00,2.89
2026-05-22 16:15,2.89
2026-05-22 16:45,2.89
2026-05-22 17:00,2.89
2026-05-22 17:35,2.89
2026-05-22 17:45,2.98
2026-05-22 18:19,2.98
2026-05-22 18:30,2.98
2026-05-22 18:45,2.98
2026-05-22 19:00,2.98
2026-05-22 19:35,2.98
2026-05-22 20:00,2.98
2026-05-22 20:15,3.06
2026-05-22 21:14,2.98
2026-05-22 21:46,3.06
2026-05-22 22:05,3.06
2026-05-22 22:22,3.06
2026-05-22 22:30,3.06
2026-05-22 23:07,3.06
2026-05-22 23:39,3.06
2026-05-22 23:54,3.06
2026-05-23 00:00,3.06
2026-05-23 00:15,3.15
2026-05-23 00:30,3.15
2026-05-23 01:06,3.15
2026-05-23 01:15,3.15
2026-05-23 01:50,3.15
2026-05-23 02:00,3.15
2026-05-23 02:30,3.15
2026-05-23 02:45,3.15
2026-05-23 03:00,3.15
2026-05-23 03:36,3.15
2026-05-23 03:45,3.15
2026-05-23 04:22,3.24
2026-05-23 04:30,3.24
2026-05-23 04:45,3.24
2026-05-23 05:00,3.24
2026-05-23 05:15,3.24
2026-05-23 05:52,3.24
2026-05-23 06:00,3.15
2026-05-23 06:15,3.24
2026-05-23 06:45,3.24
2026-05-23 07:00,3.24
2026-05-23 07:15,3.34
2026-05-23 07:30,3.34
2026-05-23 07:45,3.34
2026-05-23 08:00,3.24
2026-05-23 08:15,3.24
2026-05-23 08:30,3.24
2026-05-23 08:45,3.24
2026-05-23 09:15,3.24
2026-05-23 09:30,3.24
2026-05-23 09:45,3.24
2026-05-23 10:15,3.24
2026-05-23 10:30,3.24
2026-05-23 10:45,3.24
2026-05-23 11:00,3.24
2026-05-23 11:15,3.24
2026-05-23 11:50,3.15
2026-05-23 12:21,3.15
2026-05-23 12:30,3.15
2026-05-23 12:45,3.06
2026-05-23 15:32,2.98
2026-05-23 15:45,3.06
2026-05-23 16:00,3.06
2026-05-23 16:15,3.06
2026-05-23 16:50,3.06
2026-05-23 17:05,3.06
2026-05-23 17:15,3.06
2026-05-23 17:30,3.06
2026-05-23 17:45,3.06
2026-05-23 18:00,3.06
2026-05-23 18:15,3.06
2026-05-23 18:30,3.06
2026-05-23 19:00,3.06
2026-05-23 19:15,3.06
2026-05-23 19:30,3.06
2026-05-23 20:49,3.06
2026-05-23 21:05,3.15
2026-05-23 21:35,3.15
2026-05-23 21:45,3.24
2026-05-23 22:19,3.24
2026-05-23 22:35,3.24
2026-05-23 23:05,3.24
2026-05-23 23:15,3.24
2026-05-23 23:50,3.24
2026-05-24 00:00,3.24
2026-05-24 00:45,3.24
2026-05-24 01:19,3.24
2026-05-24 01:34,3.24
2026-05-24 02:52,3.24
2026-05-24 03:22,3.24
2026-05-24 03:30,3.24
2026-05-24 03:45,3.34
2026-05-24 04:00,3.34
2026-05-24 04:15,3.24
2026-05-24 04:52,3.34
2026-05-24 05:07,3.34
2026-05-24 05:15,3.24
2026-05-24 05:30,3.34
2026-05-24 05:45,3.24
2026-05-24 06:22,3.24
2026-05-24 06:36,3.34
2026-05-24 06:45,3.24
2026-05-24 07:00,3.24
2026-05-24 07:15,3.24
2026-05-24 07:30,3.24
2026-05-24 07:45,3.34
2026-05-24 08:32,3.34
2026-05-24 08:45,3.34
2026-05-24 09:15,3.34
2026-05-24 09:30,3.34
2026-05-24 09:45,3.34
2026-05-24 10:00,3.34
2026-05-24 10:15,3.34
2026-05-24 10:30,3.34
2026-05-24 11:00,3.24
2026-05-24 11:36,3.24
2026-05-24 11:45,3.15
2026-05-24 12:00,3.06
2026-05-24 12:36,3.06
2026-05-24 12:45,3.34
2026-05-24 13:20,3.43
2026-05-24 13:30,3.34
2026-05-24 14:00,3.34
2026-05-24 14:15,3.34
2026-05-24 14:30,3.34
2026-05-24 14:45,3.34
2026-05-24 15:00,3.34
2026-05-24 15:15,3.34
2026-05-24 15:30,3.34
2026-05-24 15:45,3.34
2026-05-24 16:00,3.34
2026-05-24 16:15,3.34
2026-05-24 16:45,3.34
2026-05-24 17:00,3.34
2026-05-24 17:30,3.34
2026-05-24 18:05,3.34
2026-05-24 18:15,3.34
2026-05-24 18:30,3.34
2026-05-24 18:45,3.34
2026-05-24 19:15,3.34
2026-05-24 19:30,3.34
2026-05-24 19:45,3.34
2026-05-24 20:00,3.43
2026-05-24 20:15,3.34
2026-05-24 20:30,3.34
2026-05-24 20:45,3.43
2026-05-24 21:00,3.34
2026-05-24 21:30,3.43
2026-05-24 21:45,3.34
2026-05-24 22:00,3.34
2026-05-24 22:15,3.43
2026-05-24 22:30,3.43
2026-05-24 22:45,3.34
2026-05-24 23:00,3.34
2026-05-24 23:35,3.43
2026-05-24 23:45,3.43
2026-05-25 00:00,3.34
2026-05-25 00:15,3.43
2026-05-25 00:30,3.43
2026-05-25 00:45,3.43
2026-05-25 01:15,3.43
2026-05-25 01:45,3.34
2026-05-25 02:00,3.34
2026-05-25 02:45,3.34
2026-05-25 03:00,3.34
2026-05-25 03:15,3.34
2026-05-25 03:30,3.34
2026-05-25 03:45,3.34
2026-05-25 04:15,3.34
2026-05-25 05:36,3.24
2026-05-25 05:45,3.24
2026-05-25 06:00,3.24
2026-05-25 06:30,3.24
2026-05-25 06:45,3.24
2026-05-25 07:33,3.24
2026-05-25 07:45,3.24
2026-05-25 08:20,3.15
2026-05-25 08:30,3.24
2026-05-25 08:45,3.24
2026-05-25 09:00,3.15
2026-05-25 09:30,3.15
2026-05-25 09:45,3.15
2026-05-25 10:00,3.15
2026-05-25 10:15,3.15
2026-05-25 10:30,3.15
2026-05-25 10:45,3.15
2026-05-25 11:00,3.15
2026-05-25 11:35,3.15
2026-05-25 11:45,0.48
2026-05-25 12:00,0.28
2026-05-25 12:15,0.21
2026-05-25 13:00,1.29
2026-05-25 13:15,1.63
2026-05-25 13:30,1.63
2026-05-25 14:00,1.63
2026-05-25 14:07,1.63
2026-05-25 14:15,1.63
2026-05-25 14:30,1.63
2026-05-25 14:45,1.63
2026-05-25 15:45,1.7
2026-05-25 16:00,1.7
2026-05-25 16:15,1.77
2026-05-25 16:45,1.77
2026-05-25 16:52,1.77
2026-05-25 17:15,1.77
2026-05-25 17:30,1.77
2026-05-25 17:45,1.77
2026-05-25 18:19,1.77
2026-05-25 18:30,1.77
2026-05-25 18:45,1.77
2026-05-25 19:20,1.77
2026-05-25 19:45,1.77
2026-05-25 19:47,1.77
2026-05-25 20:15,1.77
2026-05-25 20:20,1.77
2026-05-25 20:30,1.77
2026-05-25 21:00,1.77
2026-05-25 21:30,1.77
2026-05-25 21:45,1.77
2026-05-25 22:30,1.77
2026-05-25 22:45,1.77
2026-05-25 23:00,1.77
2026-05-25 23:15,1.77
2026-05-25 23:45,1.77
2026-05-26 00:24,1.77
2026-05-26 00:45,1.77
2026-05-26 01:15,1.77
2026-05-26 01:23,1.77
2026-05-26 01:30,1.77
2026-05-26 01:45,1.77
2026-05-26 02:15,1.77
2026-05-26 02:30,1.77
2026-05-26 02:45,1.77
2026-05-26 03:15,1.77
2026-05-26 03:22,1.77
2026-05-26 03:30,1.77
2026-05-26 03:45,1.77
2026-05-26 04:00,1.77
2026-05-26 04:30,1.77
2026-05-26 04:45,1.77
2026-05-26 05:30,1.84
2026-05-26 05:45,1.84
2026-05-26 06:00,1.84
2026-05-26 06:15,1.84
2026-05-26 06:45,1.84
2026-05-26 06:53,1.84
2026-05-26 07:23,1.84
2026-05-26 07:30,1.77
2026-05-26 07:37,1.84
2026-05-26 08:07,1.77
2026-05-26 08:15,1.77
2026-05-26 08:30,1.77
2026-05-26 08:45,1.77
2026-05-26 09:23,1.77
2026-05-26 09:30,1.7
2026-05-26 09:45,1.7
2026-05-26 10:21,1.7
2026-05-26 10:30,1.7
2026-05-26 10:45,1.7
2026-05-26 11:22,1.7
2026-05-26 11:30,1.7
2026-05-26 11:45,1.7
2026-05-26 12:22,1.7
2026-05-26 12:30,1.7
2026-05-26 12:45,1.7
2026-05-26 13:00,1.7
2026-05-26 13:30,1.7
2026-05-26 14:46,1.49
2026-05-26 15:00,1.42
2026-05-26 15:15,1.36
2026-05-26 15:30,1.36
2026-05-26 15:45,1.36
2026-05-26 16:00,1.36
2026-05-26 16:30,1.36
2026-05-26 16:45,1.36
2026-05-26 17:15,1.36
2026-05-26 17:30,1.36
2026-05-26 18:08,1.36
2026-05-26 18:15,1.42
2026-05-26 18:30,1.42
2026-05-26 18:45,1.42
2026-05-26 19:15,1.42
2026-05-26 19:30,1.42
2026-05-26 19:45,1.42
2026-05-26 20:00,1.42
2026-05-26 20:15,1.42
2026-05-26 20:30,1.42
2026-05-26 20:45,1.42
2026-05-26 21:00,1.42
2026-05-26 21:15,1.42
2026-05-26 21:30,1.42
2026-05-26 22:07,1.42
2026-05-26 22:36,1.49
2026-05-26 23:00,1.49
2026-05-26 23:15,1.42
2026-05-26 23:30,1.42
2026-05-26 23:45,1.42
2026-05-27 00:00,1.42
2026-05-27 00:30,1.42
2026-05-27 00:45,1.42
2026-05-27 01:45,1.36
2026-05-27 02:00,1.36
2026-05-27 02:15,1.36
2026-05-27 02:30,1.36
2026-05-27 03:00,1.36
2026-05-27 03:15,1.36
2026-05-27 03:50,1.36
2026-05-27 04:00,1.36
2026-05-27 05:00,1.42
2026-05-27 05:15,1.42
2026-05-27 05:51,1.42
2026-05-27 06:00,1.36
2026-05-27 06:15,1.36
2026-05-27 06:30,1.36
2026-05-27 06:45,1.36
2026-05-27 07:21,1.36
2026-05-27 07:45,1.36
2026-05-27 08:00,1.36
2026-05-27 08:15,1.36
2026-05-27 08:45,1.36
2026-05-27 09:00,1.36
2026-05-27 09:15,1.36
2026-05-27 09:45,1.23
2026-05-27 10:24,1.23
2026-05-27 10:30,1.23
2026-05-27 11:17,1.23
2026-05-27 11:37,1.23
2026-05-27 11:45,1.23
2026-05-27 12:00,1.23
2026-05-27 12:30,1.23
2026-05-27 12:45,1.23
2026-05-27 13:00,1.23
2026-05-27 13:15,1.23
2026-05-27 13:50,1.23
2026-05-27 14:00,1.17
2026-05-27 15:00,1.17
2026-05-27 15:35,1.17
2026-05-27 15:45,1.11
2026-05-27 16:21,1.11
2026-05-27 16:30,1.11
2026-05-27 17:07,0.99
2026-05-27 17:15,0.99
2026-05-27 17:30,0.99
2026-05-27 17:45,0.99
2026-05-27 18:15,0.99
2026-05-27 18:30,0.99
2026-05-27 19:06,0.99
2026-05-27 19:22,0.99
2026-05-27 19:30,0.99
2026-05-27 19:45,0.99
2026-05-27 20:00,0.99
2026-05-27 20:15,0.99
2026-05-27 20:30,0.99
2026-05-27 20:45,0.99
2026-05-27 21:00,0.99
2026-05-27 22:10,1.05
2026-05-27 22:15,1.11
2026-05-27 23:07,1.11
2026-05-27 23:15,1.11
2026-05-27 23:30,1.11
2026-05-27 23:45,1.11
2026-05-28 00:00,1.11
2026-05-28 00:36,1.11
2026-05-28 01:30,1.11
2026-05-28 01:45,1.11
2026-05-28 02:00,1.11
2026-05-28 02:15,1.11
2026-05-28 02:30,1.11
2026-05-28 02:45,1.11
2026-05-28 03:00,1.11
2026-05-28 03:30,1.11
2026-05-28 03:45,1.11
2026-05-28 04:00,1.11
2026-05-28 04:15,1.11
2026-05-28 04:30,1.11
2026-05-28 05:00,1.11
2026-05-28 05:15,1.11
2026-05-28 05:30,1.11
2026-05-28 05:45,1.11
2026-05-28 06:00,1.11
2026-05-28 06:15,1.11
2026-05-28 06:52,1.11
2026-05-28 07:00,1.11
2026-05-28 07:15,1.11
2026-05-28 07:30,1.11
2026-05-28 08:00,1.11
2026-05-28 08:15,1.11
2026-05-28 08:45,1.11
2026-05-28 09:00,1.11
2026-05-28 09:15,1.11
2026-05-28 09:52,1.11
2026-05-28 10:00,1.11
2026-05-28 10:15,1.11
2026-05-28 10:30,1.11
2026-05-28 10:45,1.11
2026-05-28 11:15,0.93
2026-05-28 11:45,0.88
2026-05-28 12:23,0.82
2026-05-28 12:30,0.77
2026-05-28 12:45,0.77
2026-05-28 13:00,0.77
2026-05-28 13:30,0.77
2026-05-28 13:45,0.77
2026-05-28 14:23,0.77
2026-05-28 15:00,0.77
2026-05-28 15:15,0.77
2026-05-28 15:54,0.77
2026-05-28 16:15,0.77
2026-05-28 16:30,0.77
2026-05-28 16:45,0.72
2026-05-28 17:00,0.72
2026-05-28 17:38,0.72
2026-05-28 17:45,1.11
2026-05-28 18:45,1.23
2026-05-28 19:00,1.29
2026-05-28 19:39,1.29
2026-05-28 19:45,1.29
2026-05-28 20:00,1.29
2026-05-28 20:15,1.29
2026-05-28 20:30,1.63
2026-05-28 21:00,1.63
2026-05-28 21:15,1.63
2026-05-28 22:15,1.63
2026-05-28 22:30,1.7
2026-05-28 23:00,1.7
2026-05-28 23:38,1.7
2026-05-28 23:52,1.7
2026-05-29 00:00,1.7
2026-05-29 00:38,1.63
2026-05-29 00:45,1.7
2026-05-29 01:00,1.7
2026-05-29 01:37,1.7
2026-05-29 02:04,1.7
2026-05-29 02:15,1.7
2026-05-29 02:30,1.7
2026-05-29 02:45,1.7
2026-05-29 03:00,1.7
2026-05-29 03:38,1.7
2026-05-29 04:30,1.7
2026-05-29 05:00,1.7
2026-05-29 05:35,1.7
2026-05-29 06:05,1.7
2026-05-29 06:36,1.7
2026-05-29 06:45,1.7
2026-05-29 07:25,1.7
2026-05-29 07:45,1.7
2026-05-29 08:00,1.7
2026-05-29 08:39,1.7
2026-05-29 08:45,1.7
2026-05-29 09:00,1.7
2026-05-29 09:15,1.7
2026-05-29 09:30,1.7
2026-05-29 09:45,1.7
2026-05-29 10:00,1.7
2026-05-29 10:40,1.7
2026-05-29 10:55,1.7
2026-05-29 11:00,1.7
2026-05-29 11:15,1.7
2026-05-29 11:30,1.7
2026-05-29 12:09,1.56
2026-05-29 12:15,1.56
2026-05-29 12:55,1.49
2026-05-29 13:30,1.36
2026-05-29 13:45,1.29
2026-05-29 14:00,1.29
2026-05-29 14:15,1.29
2026-05-29 14:30,1.29
2026-05-29 14:45,1.29
2026-05-29 15:15,1.29
2026-05-29 15:30,1.29
2026-05-29 15:45,1.29
2026-05-29 16:22,1.29
2026-05-29 16:38,1.29
2026-05-29 16:54,1.23
2026-05-29 17:00,1.23
2026-05-29 17:30,1.23
2026-05-29 18:09,1.23
2026-05-29 18:15,1.23
2026-05-29 18:52,1.23
2026-05-29 19:00,1.29
2026-05-29 19:15,1.29
2026-05-29 19:52,1.29
2026-05-29 20:00,1.29
2026-05-29 20:37,1.29
2026-05-29 21:00,1.29
2026-05-29 21:30,1.29
2026-05-29 22:07,1.29
2026-05-29 22:38,1.29
2026-05-29 22:45,1.29
2026-05-29 23:15,1.29
2026-05-29 23:52,1.29
2026-05-30 00:07,1.29
2026-05-30 00:15,1.29
2026-05-30 01:09,1.29
2026-05-30 01:15,1.29
2026-05-30 01:30,1.29
2026-05-30 01:45,1.29
2026-05-30 02:15,1.29
2026-05-30 02:30,1.29
2026-05-30 03:18,1.29
2026-05-30 03:45,1.29
2026-05-30 04:00,1.29
2026-05-30 04:15,1.29
2026-05-30 04:30,1.29
2026-05-30 04:45,1.29
2026-05-30 05:15,1.29
2026-05-30 05:53,1.29
2026-05-30 06:23,1.29
2026-05-30 06:30,1.29
2026-05-30 06:45,1.29
2026-05-30 07:00,1.29
2026-05-30 07:15,1.29
2026-05-30 07:30,1.29
2026-05-30 07:45,1.29
2026-05-30 08:00,1.29
2026-05-30 08:39,1.29
2026-05-30 09:18,1.29
2026-05-30 09:30,1.23
2026-05-30 09:45,1.23
2026-05-30 10:21,1.23
2026-05-30 10:45,1.36
2026-05-30 11:00,1.36
2026-05-30 11:15,1.42
2026-05-30 11:30,1.42
2026-05-30 12:08,1.36
2026-05-30 12:23,1.36
2026-05-30 12:37,1.36
2026-05-30 13:00,1.7
2026-05-30 13:30,2.07
2026-05-30 14:00,2.07
2026-05-30 14:15,2.07
2026-05-30 14:30,2.15
2026-05-30 14:45,2.15
2026-05-30 15:30,2.07
2026-05-30 16:07,2.07
2026-05-30 16:15,2.07
2026-05-30 16:30,2.07
2026-05-30 17:00,2.07
2026-05-30 17:15,2.07
2026-05-30 17:53,2.07
2026-05-30 18:00,2.07
2026-05-30 18:15,2.07
2026-05-30 18:54,2.07
2026-05-30 19:00,2.07
2026-05-30 19:38,2.07
2026-05-30 20:08,2.15
2026-05-30 20:15,2.15
2026-05-30 20:30,2.15
2026-05-30 20:45,2.22
2026-05-30 21:00,2.22
2026-05-30 21:15,2.22
2026-05-30 21:51,2.22
2026-05-30 22:21,2.22
2026-05-30 22:37,2.22
2026-05-30 23:00,2.22
2026-05-30 23:15,2.22
2026-05-30 23:30,2.22
2026-05-31 00:00,2.22
2026-05-31 00:15,2.22
2026-05-31 01:08,2.22
2026-05-31 01:30,2.3
2026-05-31 01:45,2.3
2026-05-31 02:00,2.3
2026-05-31 02:36,2.3
2026-05-31 02:45,2.3
2026-05-31 03:15,2.3
2026-05-31 03:30,2.3
2026-05-31 04:06,2.3
2026-05-31 04:15,2.3
2026-05-31 04:45,2.38
2026-05-31 05:00,2.38
2026-05-31 05:15,2.38
2026-05-31 05:51,2.38
2026-05-31 06:15,2.38
2026-05-31 07:02,2.38
2026-05-31 07:37,2.38
2026-05-31 07:45,2.38
2026-05-31 08:22,2.38
2026-05-31 08:38,2.38
2026-05-31 08:45,2.38
2026-05-31 09:22,2.38
2026-05-31 09:36,2.38
2026-05-31 09:45,2.38
2026-05-31 10:00,2.38
2026-05-31 10:15,2.3
2026-05-31 10:51,2.3
2026-05-31 11:21,2.3
2026-05-31 11:35,2.3
2026-05-31 12:00,2.22
2026-05-31 12:30,2.22
2026-05-31 12:45,2.22
2026-05-31 13:00,2.22
2026-05-31 13:37,2.15
2026-05-31 13:45,2.15
2026-05-31 14:24,2.15
2026-05-31 14:30,2.22
2026-05-31 15:00,2.22
2026-05-31 15:37,2.22
2026-05-31 16:15,2.22
2026-05-31 16:45,2.22
2026-05-31 17:00,2.22
2026-05-31 17:15,2.22
2026-05-31 17:54,2.22
2026-05-31 18:49,2.22
2026-05-31 19:00,2.22
2026-05-31 19:37,2.22
2026-05-31 19:45,2.3
2026-05-31 20:22,2.3
2026-05-31 20:30,2.38
2026-05-31 20:45,2.38
2026-05-31 21:00,2.47
2026-05-31 21:15,2.47
2026-05-31 21:45,2.47
2026-05-31 22:15,2.47
2026-05-31 22:30,2.47
2026-05-31 23:06,2.47
2026-05-31 23:15,2.47
2026-05-31 23:30,2.47
2026-05-31 23:45,2.47
2026-06-01 00:00,2.47
2026-06-01 00:15,2.47
2026-06-01 00:51,2.55
2026-06-01 01:00,2.55
2026-06-01 01:15,2.55
2026-06-01 01:30,2.55
2026-06-01 02:06,2.55
2026-06-01 02:15,2.55
2026-06-01 02:30,2.55
2026-06-01 03:15,2.55
2026-06-01 04:19,2.55
2026-06-01 04:30,2.55
2026-06-01 04:45,2.55
2026-06-01 05:00,2.55
2026-06-01 05:15,2.55
2026-06-01 05:30,2.55
2026-06-01 06:00,2.55
2026-06-01 06:15,2.55
2026-06-01 06:30,2.55
2026-06-01 07:41,2.55
2026-06-01 08:09,2.55
2026-06-01 08:15,2.55
2026-06-01 08:30,2.55
2026-06-01 08:45,2.55
2026-06-01 09:00,2.47
2026-06-01 09:38,2.47
2026-06-01 09:45,2.47
2026-06-01 10:00,2.47
2026-06-01 10:15,2.47
2026-06-01 10:45,2.38
2026-06-01 11:00,2.38
2026-06-01 11:15,2.38
2026-06-01 11:52,2.38
2026-06-01 12:00,2.55
2026-06-01 12:30,2.47
2026-06-01 12:45,2.38
2026-06-01 13:00,2.38
2026-06-01 13:30,2.38
2026-06-01 13:45,2.38
2026-06-01 14:21,2.3
2026-06-01 14:30,2.3
2026-06-01 15:08,2.3
2026-06-01 15:24,2.3
2026-06-01 15:30,2.22
2026-06-01 15:45,2.47
2026-06-01 16:00,2.63
2026-06-01 16:15,2.63
2026-06-01 16:30,2.63
2026-06-01 17:10,2.63
2026-06-01 17:15,2.63
2026-06-01 17:55,2.63
2026-06-01 18:00,2.63
2026-06-01 18:15,2.63
2026-06-01 18:30,2.63
2026-06-01 18:45,2.63
2026-06-01 19:00,2.63
2026-06-01 19:30,2.63
2026-06-01 19:45,2.63
2026-06-01 20:33,2.63
2026-06-01 21:00,2.63
2026-06-01 21:30,2.63
2026-06-01 21:45,2.72
2026-06-01 22:30,2.63
2026-06-01 23:05,2.63
2026-06-01 23:48,2.63
2026-06-02 00:00,2.63
2026-06-02 00:30,2.63
2026-06-02 00:45,2.63
2026-06-02 01:00,2.63
2026-06-02 01:15,2.63
2026-06-02 01:53,2.63
2026-06-02 02:06,2.63
2026-06-02 02:15,2.72
2026-06-02 02:30,2.63
2026-06-02 02:45,2.63
2026-06-02 03:23,2.63
2026-06-02 04:07,2.63
2026-06-02 04:30,2.63
2026-06-02 04:45,2.63
2026-06-02 05:00,2.63
2026-06-02 05:15,2.63
2026-06-02 05:54,2.63
2026-06-02 06:00,2.63
2026-06-02 06:30,2.63
2026-06-02 07:09,2.63
2026-06-02 07:15,2.63
2026-06-02 07:52,2.63
2026-06-02 08:00,2.63
2026-06-02 08:15,2.63
2026-06-02 08:52,2.63
2026-06-02 09:00,2.63
2026-06-02 09:47,2.63
2026-06-02 10:15,2.55
2026-06-02 10:30,2.63
2026-06-02 10:45,2.63
2026-06-02 11:30,2.47
2026-06-02 12:15,2.38
2026-06-02 12:30,2.38
2026-06-02 13:11,2.38
2026-06-02 13:37,2.38
2026-06-02 13:45,2.3
2026-06-02 14:22,2.3
2026-06-02 14:30,2.3
2026-06-02 14:45,2.22
2026-06-02 15:00,2.22
2026-06-02 15:15,2.22
2026-06-02 15:30,2.22
2026-06-02 15:45,2.22
2026-06-02 16:00,2.22
2026-06-02 16:15,2.15
2026-06-02 16:45,2.15
2026-06-02 17:20,2.15
2026-06-02 17:45,2.15
2026-06-02 18:00,2.15
2026-06-02 18:36,2.15
2026-06-02 18:45,2.15
2026-06-02 19:22,2.22
2026-06-02 19:45,2.15
2026-06-02 20:00,2.15
2026-06-02 20:15,2.15
2026-06-02 20:30,2.15
2026-06-02 21:00,2.15
2026-06-02 21:45,2.15
2026-06-02 22:21,2.15
2026-06-02 22:45,2.22
2026-06-02 23:21,2.22
2026-06-03 00:00,2.22
2026-06-03 00:15,2.22
2026-06-03 00:53,2.22
2026-06-03 01:00,2.22
2026-06-03 01:30,2.22
2026-06-03 02:06,2.22
2026-06-03 02:38,2.22
2026-06-03 02:45,2.22
2026-06-03 03:00,2.22
2026-06-03 03:15,2.22
2026-06-03 03:30,2.3
2026-06-03 03:45,2.22
2026-06-03 04:00,2.22
2026-06-03 04:38,2.3
2026-06-03 04:45,2.22
2026-06-03 05:00,2.3
2026-06-03 05:36,2.3
2026-06-03 05:45,2.3
2026-06-03 06:00,2.3
2026-06-03 06:15,2.3
2026-06-03 06:45,2.3
2026-06-03 07:00,2.3
2026-06-03 08:00,2.3
2026-06-03 08:15,2.3
2026-06-03 08:30,2.3
2026-06-03 08:45,2.3
2026-06-03 09:00,2.22
2026-06-03 09:15,2.15
2026-06-03 09:30,2.07
2026-06-03 09:45,2.07
2026-06-03 10:00,2.07
2026-06-03 10:15,1.99
2026-06-03 10:53,1.99
2026-06-03 11:15,1.99
2026-06-03 11:53,1.99
2026-06-03 12:09,1.99
2026-06-03 12:39,2.22
2026-06-03 12:45,2.22
2026-06-03 13:00,2.22
2026-06-03 14:06,1.92
2026-06-03 14:43,1.92
2026-06-03 15:25,1.77
2026-06-03 15:30,1.77
2026-06-03 16:23,1.7
2026-06-03 16:30,1.7
2026-06-03 16:45,1.7
2026-06-03 17:00,1.7
2026-06-03 17:15,1.7
2026-06-03 17:55,1.7
2026-06-03 18:00,1.7
2026-06-03 18:15,1.7
2026-06-03 18:45,1.7
2026-06-03 19:00,1.7
2026-06-03 19:52,1.77
2026-06-03 20:00,1.84
2026-06-03 20:15,1.84
2026-06-03 20:54,1.84
2026-06-03 21:34,1.84
2026-06-03 21:45,1.84
2026-06-03 22:15,1.84
2026-06-03 22:30,1.84
2026-06-03 22:45,1.84
2026-06-03 23:00,1.92
2026-06-03 23:15,1.92
2026-06-03 23:52,1.92
2026-06-04 00:00,1.92
2026-06-04 00:15,1.92
2026-06-04 00:53,1.92
2026-06-04 01:15,1.92
2026-06-04 01:53,1.92
2026-06-04 02:23,1.92
2026-06-04 02:30,1.92
2026-06-04 03:00,1.92
2026-06-04 03:15,1.99
2026-06-04 03:45,1.99
2026-06-04 04:23,1.99
2026-06-04 04:38,1.99
2026-06-04 04:45,1.99
2026-06-04 05:15,1.99
2026-06-04 05:30,1.99
2026-06-04 05:45,1.99
2026-06-04 06:00,1.99
2026-06-04 06:15,1.99
2026-06-04 06:45,2.15
2026-06-04 07:00,2.07
2026-06-04 07:30,2.07
2026-06-04 07:45,2.07
2026-06-04 08:00,2.07
2026-06-04 08:15,2.07
2026-06-04 08:30,2.07
2026-06-04 09:30,2.07
2026-06-04 09:45,2.07
2026-06-04 10:00,2.07
2026-06-04 10:41,2.07
2026-06-04 10:45,1.99
2026-06-04 11:15,1.99
2026-06-04 11:30,1.99
2026-06-04 12:24,1.92
2026-06-04 12:30,1.92
2026-06-04 12:45,1.92
2026-06-04 13:15,1.84
2026-06-04 13:30,1.84
2026-06-04 14:00,1.77
2026-06-04 14:15,1.77
2026-06-04 14:56,1.7
2026-06-04 15:10,1.7
2026-06-04 15:15,1.7
2026-06-04 15:53,1.7
2026-06-04 16:00,1.63
2026-06-04 16:41,1.63
2026-06-04 16:45,1.63
2026-06-04 17:24,1.63
2026-06-04 17:30,1.63
2026-06-04 18:00,1.63
2026-06-04 18:15,1.63
2026-06-04 18:30,1.63
2026-06-04 19:00,1.63
2026-06-04 19:15,1.7
2026-06-04 19:30,1.63
2026-06-04 20:09,1.63
2026-06-04 20:15,1.7
2026-06-04 20:30,1.7
2026-06-04 21:08,1.7
2026-06-04 21:38,2.55
2026-06-04 22:25,2.63
2026-06-04 22:45,2.63
2026-06-04 23:23,2.63
2026-06-04 23:53,2.72
2026-06-05 00:00,2.72
2026-06-05 00:38,2.72
2026-06-05 00:45,2.72
2026-06-05 01:00,2.72
2026-06-05 02:00,2.72
2026-06-05 02:30,2.72
2026-06-05 02:45,2.72
2026-06-05 03:00,2.72
2026-06-05 03:40,2.72
2026-06-05 03:45,2.72
2026-06-05 04:15,2.72
2026-06-05 04:30,2.72
2026-06-05 04:45,2.72
2026-06-05 05:00,2.72
2026-06-05 05:15,2.72
2026-06-05 06:15,2.72
2026-06-05 06:45,2.72
2026-06-05 07:15,2.72
2026-06-05 07:30,2.72
2026-06-05 08:08,2.72
2026-06-05 08:15,2.07
2026-06-05 08:30,1.99
2026-06-05 09:08,2.07
2026-06-05 09:30,2.07
2026-06-05 09:45,2.07
2026-06-05 10:00,1.99
2026-06-05 10:15,1.92
2026-06-05 11:05,1.7
2026-06-05 11:15,1.7
2026-06-05 11:54,1.63
2026-06-05 12:00,1.63
2026-06-05 12:15,1.63
2026-06-05 12:30,1.7
2026-06-05 13:10,1.7
2026-06-05 13:15,1.7
2026-06-05 13:45,1.7
2026-06-05 14:00,1.77
2026-06-05 14:30,1.56
2026-06-05 15:07,1.17
2026-06-05 15:30,0.77
2026-06-05 15:45,0.77
2026-06-05 16:15,0.77
2026-06-05 16:30,0.77
2026-06-05 17:11,0.77
2026-06-05 17:15,1.23
2026-06-05 17:30,1.29
2026-06-05 18:11,1.29
2026-06-05 18:15,1.29
2026-06-05 19:00,1.29
2026-06-05 19:50,1.29
2026-06-05 20:00,1.29
2026-06-05 20:38,1.29
2026-06-05 20:45,1.29
2026-06-05 21:15,1.36
2026-06-05 21:30,1.36
2026-06-05 22:21,1.36
2026-06-05 22:30,1.36
2026-06-05 22:45,1.36
2026-06-05 23:00,1.36
2026-06-05 23:15,1.36
2026-06-05 23:30,1.36
2026-06-06 00:09,1.36
2026-06-06 00:38,1.36
2026-06-06 00:45,1.36
2026-06-06 01:00,1.36
2026-06-06 01:15,1.36
2026-06-06 01:30,1.36
2026-06-06 01:45,1.36
2026-06-06 02:50,1.36
2026-06-06 03:15,1.36
2026-06-06 03:30,1.36
2026-06-06 04:26,1.36
2026-06-06 04:30,1.36
2026-06-06 05:00,1.42
2026-06-06 05:15,1.42
2026-06-06 05:30,1.42
2026-06-06 05:45,1.42
2026-06-06 06:00,1.42
2026-06-06 06:15,1.42
2026-06-06 07:00,1.42
2026-06-06 07:15,1.42
2026-06-06 08:25,1.42
2026-06-06 08:30,1.42
2026-06-06 09:00,1.42
2026-06-06 09:15,1.36
2026-06-06 09:30,1.36
2026-06-06 10:20,1.36
2026-06-06 10:53,1.36
2026-06-06 11:00,1.36
2026-06-06 11:15,1.36
2026-06-06 11:45,1.29
2026-06-06 12:00,1.29
2026-06-06 12:15,1.29
2026-06-06 12:30,1.29
2026-06-06 12:45,1.29
2026-06-06 13:00,1.29
2026-06-06 13:15,1.29
2026-06-06 14:23,1.23
2026-06-06 14:45,1.23
2026-06-06 15:00,1.23
2026-06-06 15:15,1.23
2026-06-06 16:30,1.29
2026-06-06 16:45,1.29
2026-06-06 17:30,1.29
2026-06-06 17:45,1.29
2026-06-06 18:00,1.29
2026-06-06 18:15,1.29
2026-06-06 18:54,1.29
2026-06-06 19:24,1.29
2026-06-06 19:30,1.29
2026-06-06 19:45,1.29
2026-06-06 20:00,1.36
2026-06-06 20:40,1.36
2026-06-06 20:45,1.36
2026-06-06 21:00,1.36
2026-06-06 21:40,1.36
2026-06-06 22:00,1.36
2026-06-06 22:39,1.42
2026-06-06 22:45,1.36
2026-06-06 23:15,1.36
2026-06-06 23:45,1.36
2026-06-07 00:00,1.36
2026-06-07 00:15,1.36
2026-06-07 00:54,1.36
2026-06-07 01:00,1.36
2026-06-07 01:15,1.42
2026-06-07 01:30,1.42
2026-06-07 01:45,1.42
2026-06-07 02:00,1.42
2026-06-07 02:40,1.42
2026-06-07 02:45,1.42
2026-06-07 03:00,1.42
2026-06-07 03:15,1.42
2026-06-07 03:30,1.42
2026-06-07 03:45,1.42
2026-06-07 04:00,1.42
2026-06-07 04:30,1.42
2026-06-07 05:00,1.42
2026-06-07 05:15,1.42
2026-06-07 05:53,1.42
2026-06-07 06:08,1.42
2026-06-07 06:15,1.42
2026-06-07 06:30,1.42
2026-06-07 07:00,1.42
2026-06-07 07:15,1.42
2026-06-07 07:52,1.42
2026-06-07 08:00,1.42
2026-06-07 08:45,1.42
2026-06-07 09:00,1.42
2026-06-07 09:45,1.36
2026-06-07 10:00,1.36
2026-06-07 10:15,1.36
2026-06-07 10:30,1.36
2026-06-07 10:45,1.36
2026-06-07 11:15,1.29
2026-06-07 11:57,1.29
2026-06-07 12:37,1.29
2026-06-07 12:45,1.29
2026-06-07 13:00,1.29
2026-06-07 13:15,1.29
2026-06-07 14:07,1.29
2026-06-07 14:15,1.29
2026-06-07 14:30,1.29
2026-06-07 15:11,1.23
2026-06-07 15:28,1.23
2026-06-07 15:30,1.23
2026-06-07 16:00,1.23
2026-06-07 16:15,1.23
2026-06-07 16:30,1.23
2026-06-07 17:10,1.23
2026-06-07 17:15,1.23
2026-06-07 17:30,1.23
2026-06-07 17:45,1.23
2026-06-07 18:00,1.23
2026-06-07 18:41,1.29
2026-06-07 18:45,1.29
2026-06-07 19:26,1.29
2026-06-07 19:30,1.29
2026-06-07 19:45,1.29
2026-06-07 20:49,1.36
2026-06-07 21:23,1.36
2026-06-07 21:40,1.36
2026-06-07 21:45,1.36
2026-06-07 22:00,1.99
2026-06-07 22:30,2.22
2026-06-07 23:00,2.22
2026-06-07 23:15,2.22
2026-06-07 23:54,2.22
2026-06-08 00:00,2.22
2026-06-08 00:15,2.22
2026-06-08 00:30,2.22
2026-06-08 01:30,2.3
2026-06-08 01:45,2.3
2026-06-08 02:00,2.3
2026-06-08 02:30,2.3
2026-06-08 03:10,2.3
2026-06-08 03:15,2.3
2026-06-08 04:00,2.3
2026-06-08 04:15,2.3
2026-06-08 04:51,2.3
2026-06-08 05:00,2.3
2026-06-08 05:30,2.3
2026-06-08 05:45,2.3
2026-06-08 06:00,2.3
2026-06-08 06:30,2.3
2026-06-08 07:07,2.3
2026-06-08 07:15,2.3
2026-06-08 07:30,2.3
2026-06-08 07:45,2.3
2026-06-08 08:00,2.3
2026-06-08 08:15,2.3
2026-06-08 08:30,2.3
2026-06-08 08:45,2.3
2026-06-08 09:00,2.3
2026-06-08 09:15,2.3
2026-06-08 09:30,2.3
2026-06-08 10:11,2.3
2026-06-08 10:25,2.3
2026-06-08 10:56,2.3
2026-06-08 11:00,2.3
2026-06-08 11:38,2.22
2026-06-08 11:45,1.84
2026-06-08 12:25,1.56
2026-06-08 12:39,1.49
2026-06-08 12:45,1.42
2026-06-08 13:00,1.36
2026-06-08 13:15,1.36
2026-06-08 13:30,1.36
2026-06-08 13:45,1.29
2026-06-08 14:00,1.29
2026-06-08 14:15,1.29
2026-06-08 14:30,1.29
2026-06-08 14:45,1.29
2026-06-08 15:45,1.29
2026-06-08 16:00,1.29
2026-06-08 16:49,1.29
2026-06-08 17:00,1.29
2026-06-08 17:39,1.29
2026-06-08 18:06,1.29
2026-06-08 18:30,1.29
2026-06-08 18:45,1.29
2026-06-08 19:00,1.29
2026-06-08 19:41,1.36
2026-06-08 19:45,1.36
2026-06-08 20:27,1.36
2026-06-08 20:30,1.36
2026-06-08 21:00,1.36
2026-06-08 21:15,1.42
2026-06-08 21:45,1.42
2026-06-08 22:00,1.42
2026-06-08 22:15,1.42
2026-06-08 22:55,1.42
2026-06-08 23:22,1.42
2026-06-08 23:30,1.42
2026-06-08 23:45,1.42
2026-06-09 00:00,1.42
2026-06-09 00:15,1.42
2026-06-09 00:56,1.42
2026-06-09 01:15,1.42
2026-06-09 01:30,1.42
2026-06-09 02:09,1.49
2026-06-09 02:15,1.49
2026-06-09 02:30,1.49
2026-06-09 02:45,1.49
2026-06-09 03:00,1.49
2026-06-09 03:15,1.49
2026-06-09 03:30,1.49
2026-06-09 04:30,1.49
2026-06-09 05:10,1.49
2026-06-09 05:15,1.49
2026-06-09 05:30,1.49
2026-06-09 06:00,1.49
2026-06-09 06:15,1.49
2026-06-09 06:53,1.49
2026-06-09 07:23,1.49
2026-06-09 07:39,1.49
2026-06-09 07:45,1.49
2026-06-09 08:30,1.49
2026-06-09 09:30,1.49
2026-06-09 09:45,1.49
2026-06-09 10:15,1.49
2026-06-09 10:30,1.49
2026-06-09 10:45,1.49
2026-06-09 11:00,1.42
2026-06-09 11:15,1.42
2026-06-09 11:45,1.42
2026-06-09 12:36,1.36
2026-06-09 12:45,1.36
2026-06-09 13:00,1.36
2026-06-09 13:15,1.36
2026-06-09 13:30,1.29
2026-06-09 13:45,1.29
2026-06-09 14:00,1.29
2026-06-09 14:42,1.29
2026-06-09 14:45,1.29
2026-06-09 15:00,1.29
2026-06-09 15:15,1.29
2026-06-09 15:30,1.29
2026-06-09 15:45,1.29
2026-06-09 16:00,1.29
2026-06-09 16:41,1.36
2026-06-09 16:45,1.42
2026-06-09 17:00,1.42
2026-06-09 17:15,1.42
2026-06-09 17:30,1.42
2026-06-09 18:10,1.42
2026-06-09 18:40,1.42
2026-06-09 18:45,1.42
2026-06-09 19:00,1.42
2026-06-09 19:15,1.42
2026-06-09 19:30,1.42
2026-06-09 19:45,1.42
2026-06-09 20:00,1.42
2026-06-09 20:15,1.42
2026-06-09 20:30,1.42
2026-06-09 21:09,1.49
2026-06-09 21:15,1.49
2026-06-09 21:30,1.49
2026-06-09 22:00,1.49
2026-06-09 22:30,1.49
2026-06-09 23:08,1.49
2026-06-09 23:30,1.49
2026-06-09 23:45,1.49
2026-06-10 00:00,1.49
2026-06-10 00:39,1.49
2026-06-10 01:19,1.56
2026-06-10 01:30,1.56
2026-06-10 02:09,1.56
2026-06-10 02:39,1.56
2026-06-10 02:54,1.56
2026-06-10 03:15,1.56
2026-06-10 03:30,1.56
2026-06-10 04:10,1.56
2026-06-10 04:25,1.56
2026-06-10 04:40,1.56
2026-06-10 04:45,1.56
2026-06-10 05:00,1.56
2026-06-10 05:15,1.56
2026-06-10 05:30,1.56
2026-06-10 05:45,1.56
2026-06-10 06:00,1.56
2026-06-10 06:38,1.56
2026-06-10 06:45,1.56
2026-06-10 07:45,1.56
2026-06-10 08:00,1.56
2026-06-10 08:52,1.56
2026-06-10 09:00,1.56
2026-06-10 09:15,1.56
2026-06-10 09:56,1.56
2026-06-10 10:00,1.56
2026-06-10 10:15,1.49
2026-06-10 10:55,1.49
2026-06-10 11:00,1.49
2026-06-10 11:44,1.49
2026-06-10 11:45,1.42
2026-06-10 11:58,1.42
2026-06-10 12:00,1.42
2026-06-10 12:15,1.42
2026-06-10 12:30,1.42
2026-06-10 12:45,1.42
2026-06-10 13:00,1.42
2026-06-10 13:15,1.36
2026-06-10 13:57,1.36
2026-06-10 14:15,1.36
2026-06-10 14:45,1.36
2026-06-10 15:00,1.36
2026-06-10 15:43,1.36
2026-06-10 15:45,1.36
2026-06-10 16:00,1.36
2026-06-10 16:15,1.36
2026-06-10 16:45,1.36
2026-06-10 17:41,1.36
2026-06-10 18:00,1.36
2026-06-10 18:15,1.36
2026-06-10 18:30,1.36
2026-06-10 19:12,1.36
2026-06-10 19:27,1.36
2026-06-10 19:42,1.36
2026-06-10 19:45,1.42
2026-06-10 20:00,1.42
2026-06-10 20:15,1.42
2026-06-10 20:45,1.42
2026-06-10 21:00,1.42
2026-06-10 21:15,1.42
2026-06-10 21:30,1.49
2026-06-10 21:45,1.49
2026-06-10 22:00,1.49
2026-06-10 22:15,1.49
2026-06-10 22:30,1.49
2026-06-10 22:45,1.49
2026-06-10 23:00,1.49
2026-06-10 23:45,1.49
2026-06-11 00:00,1.49
2026-06-11 00:41,1.49
2026-06-11 01:00,1.49
2026-06-11 01:30,1.56
2026-06-11 01:45,1.56
2026-06-11 02:00,1.56
2026-06-11 02:30,1.56
2026-06-11 03:15,1.56
2026-06-11 03:30,1.56
2026-06-11 03:45,1.56
2026-06-11 04:23,1.56
2026-06-11 04:40,1.56
2026-06-11 04:45,1.56
2026-06-11 05:00,1.56
2026-06-11 05:38,1.56
2026-06-11 06:00,1.56
2026-06-11 06:15,1.56
2026-06-11 07:00,1.56
2026-06-11 07:15,1.56
2026-06-11 07:30,1.56
2026-06-11 08:30,1.56
2026-06-11 09:10,1.56
2026-06-11 09:15,1.49
2026-06-11 09:30,1.49
2026-06-11 09:45,1.49
2026-06-11 10:00,1.49
2026-06-11 10:30,1.49
2026-06-11 10:45,1.49
2026-06-11 11:00,1.49
2026-06-11 11:42,1.42
2026-06-11 12:11,1.36
2026-06-11 12:45,1.36
2026-06-11 13:00,1.29
2026-06-11 13:15,1.36
2026-06-11 13:30,1.29
2026-06-11 14:00,1.29
2026-06-11 14:41,1.29
2026-06-11 14:45,1.29
2026-06-11 15:00,1.29
2026-06-11 15:15,1.29
2026-06-11 15:30,1.29
2026-06-11 15:45,1.29
2026-06-11 16:00,1.29
2026-06-11 16:15,1.29
2026-06-11 16:30,1.29
2026-06-11 17:00,1.29
2026-06-11 17:15,1.29
2026-06-11 17:57,1.29
2026-06-11 18:00,1.36
2026-06-11 18:15,1.36
2026-06-11 18:30,1.36
2026-06-11 19:12,1.36
2026-06-11 19:30,1.36
2026-06-11 19:45,1.36
2026-06-11 20:15,1.36
2026-06-11 20:30,1.36
2026-06-11 20:45,1.36
2026-06-11 21:00,1.36
2026-06-11 21:30,1.42
2026-06-11 21:59,1.42
2026-06-11 22:36,1.42
2026-06-11 22:45,1.42
2026-06-11 23:27,1.42
2026-06-11 23:30,1.42
2026-06-11 23:45,1.42
2026-06-12 00:27,1.49
2026-06-12 01:08,1.49
2026-06-12 01:15,1.49
2026-06-12 01:30,1.49
2026-06-12 02:00,1.49
2026-06-12 02:43,1.49
2026-06-12 02:45,1.49
2026-06-12 03:15,1.49
2026-06-12 03:45,1.49
2026-06-12 04:00,1.49
2026-06-12 04:30,1.49
2026-06-12 04:45,1.49
2026-06-12 05:00,1.49
2026-06-12 05:15,1.49
2026-06-12 05:45,1.49
2026-06-12 06:00,1.49
2026-06-12 06:15,1.49
2026-06-12 06:55,1.49
2026-06-12 07:15,1.49
2026-06-12 07:30,1.49
2026-06-12 07:45,1.56
2026-06-12 08:28,1.49
2026-06-12 08:30,1.49
2026-06-12 08:45,1.49
2026-06-12 09:00,1.49
2026-06-12 09:30,1.49
2026-06-12 09:45,1.49
2026-06-12 10:00,1.49
2026-06-12 10:15,1.49
2026-06-12 10:45,1.49
2026-06-12 11:00,1.42
2026-06-12 11:15,1.42
2026-06-12 11:45,1.42
2026-06-12 12:16,1.42
2026-06-12 13:00,1.36
2026-06-12 13:30,1.36
2026-06-12 13:45,1.36
2026-06-12 14:00,1.36
2026-06-12 14:45,1.29
2026-06-12 15:00,1.29
2026-06-12 15:15,1.29
2026-06-12 15:30,1.29
2026-06-12 16:15,1.29
2026-06-12 16:30,1.29
2026-06-12 17:00,1.36
2026-06-12 17:15,1.36
2026-06-12 17:46,1.36
2026-06-12 18:15,1.36
2026-06-12 18:46,1.36
2026-06-12 19:00,1.36
2026-06-12 19:15,1.36
2026-06-12 19:30,1.36
2026-06-12 19:45,1.36
2026-06-12 20:00,1.42
2026-06-12 20:15,1.42
2026-06-12 20:30,1.42
2026-06-12 21:15,1.42
2026-06-12 21:45,1.49
2026-06-12 22:00,1.49
2026-06-12 22:15,1.49
2026-06-12 22:30,1.49
2026-06-12 22:45,1.49
2026-06-12 23:13,1.49
2026-06-12 23:28,1.49
2026-06-12 23:30,1.49
2026-06-13 00:00,1.49
2026-06-13 00:15,1.49
2026-06-13 00:30,1.49
2026-06-13 00:45,1.49
2026-06-13 01:29,1.77
2026-06-13 01:30,1.77
2026-06-13 01:45,1.84
2026-06-13 02:00,1.92
2026-06-13 02:15,1.92
2026-06-13 02:43,1.99
2026-06-13 03:15,1.99
2026-06-13 03:30,1.99
2026-06-13 03:45,2.07
2026-06-13 04:28,1.99
2026-06-13 04:45,1.99
2026-06-13 05:00,2.07
2026-06-13 05:45,2.07
2026-06-13 06:15,2.07
2026-06-13 06:44,2.07
2026-06-13 06:59,2.07
2026-06-13 07:15,2.07
2026-06-13 07:30,2.07
2026-06-13 07:45,2.07
2026-06-13 08:00,2.07
2026-06-13 08:15,2.07
2026-06-13 08:45,2.07
2026-06-13 09:00,2.07
2026-06-13 09:15,2.07
2026-06-13 09:30,2.07
2026-06-13 09:45,2.07
2026-06-13 10:15,2.07
2026-06-13 10:30,1.84
2026-06-13 10:45,1.7
2026-06-13 11:00,1.56
2026-06-13 11:30,1.49
2026-06-13 11:45,1.42
2026-06-13 12:00,1.42
2026-06-13 12:30,1.42
2026-06-13 12:45,1.42
2026-06-13 13:20,1.36
2026-06-13 14:00,1.36
2026-06-13 14:15,1.36
2026-06-13 14:30,1.36
2026-06-13 15:03,1.36
2026-06-13 15:30,1.29
2026-06-13 15:45,1.29
2026-06-13 16:15,1.29
2026-06-13 16:51,1.29
2026-06-13 17:00,1.29
2026-06-13 17:30,1.29
2026-06-13 17:45,1.29
2026-06-13 18:21,1.29
2026-06-13 18:45,1.36
2026-06-13 19:02,1.36
2026-06-13 19:18,1.36
2026-06-13 19:45,1.36
2026-06-13 20:00,1.36
2026-06-13 20:34,1.36
2026-06-13 20:52,1.36
2026-06-13 21:00,1.42
2026-06-13 21:15,1.42
2026-06-13 21:30,1.42
2026-06-13 21:45,1.42
2026-06-13 22:00,1.42
2026-06-13 22:37,1.42
2026-06-13 22:45,1.42
2026-06-13 23:00,1.49
2026-06-13 23:15,1.49
2026-06-13 23:47,1.49
2026-06-14 00:00,1.49
2026-06-14 00:15,1.49
2026-06-14 00:30,1.49
2026-06-14 01:00,1.49
2026-06-14 01:15,1.49
2026-06-14 01:30,1.49
2026-06-14 02:02,1.49
2026-06-14 02:15,1.49
2026-06-14 02:45,1.49
2026-06-14 03:00,1.49
2026-06-14 03:15,1.49
2026-06-14 04:25,1.42
2026-06-14 04:30,1.42
2026-06-14 04:45,1.42
2026-06-14 05:00,1.49
2026-06-14 05:30,1.49
2026-06-14 06:01,1.49
2026-06-14 06:15,1.49
2026-06-14 06:30,1.49
2026-06-14 06:45,1.49
2026-06-14 07:00,1.49
2026-06-14 07:15,1.49
2026-06-14 07:30,1.49
2026-06-14 08:03,1.49
2026-06-14 08:21,1.49
2026-06-14 08:30,1.49
2026-06-14 08:45,1.49
2026-06-14 09:00,1.49
2026-06-14 09:15,1.49
2026-06-14 10:14,1.42
2026-06-14 10:48,1.42
2026-06-14 11:00,1.42
2026-06-14 11:15,1.42
2026-06-14 11:50,1.42
2026-06-14 12:00,1.36
2026-06-14 12:15,1.36
2026-06-14 12:30,1.36
2026-06-14 13:00,1.36
2026-06-14 13:15,1.29
2026-06-14 13:30,1.29
2026-06-14 14:06,1.29
2026-06-14 14:15,1.29
2026-06-14 14:30,1.29
2026-06-14 14:45,1.29
2026-06-14 15:00,1.29
2026-06-14 15:48,1.29
2026-06-14 16:00,1.29
2026-06-14 16:39,1.29
2026-06-14 16:45,1.29
2026-06-14 17:00,1.29
2026-06-14 17:30,1.29
2026-06-14 17:45,1.36
2026-06-14 18:15,1.49
2026-06-14 18:30,1.49
2026-06-14 18:45,1.49
2026-06-14 19:44,1.42
2026-06-14 19:45,1.42
2026-06-14 20:35,1.42
2026-06-14 21:05,1.42
2026-06-14 21:21,1.49
2026-06-14 21:38,1.7
2026-06-14 21:45,2.07
2026-06-14 22:00,2.07
2026-06-14 23:15,2.22
2026-06-14 23:30,2.22
2026-06-15 00:08,2.3
2026-06-15 00:15,2.3
2026-06-15 00:30,2.38
2026-06-15 00:45,2.38
2026-06-15 01:15,2.38
2026-06-15 02:00,2.38
2026-06-15 02:30,2.47
2026-06-15 03:08,2.47
2026-06-15 03:52,2.38
2026-06-15 04:00,2.38
2026-06-15 04:15,2.38
2026-06-15 04:30,2.38
2026-06-15 05:33,2.47
2026-06-15 06:00,2.38
2026-06-15 06:35,2.38
2026-06-15 06:45,2.38
2026-06-15 07:00,2.38
2026-06-15 07:15,2.38
2026-06-15 08:00,2.38
2026-06-15 08:15,2.38
2026-06-15 08:30,2.38
2026-06-15 09:09,2.38
2026-06-15 09:24,2.38
2026-06-15 10:00,2.38
2026-06-15 10:15,2.38
2026-06-15 11:05,2.38
2026-06-15 11:15,2.38
2026-06-15 11:30,2.38
2026-06-15 12:00,2.47
2026-06-15 12:15,2.38
2026-06-15 12:52,2.38
2026-06-15 13:20,2.3
2026-06-15 13:30,2.3
2026-06-15 13:45,2.3
2026-06-15 14:00,2.3
2026-06-15 14:40,2.15
2026-06-15 14:45,2.15
2026-06-15 15:25,2.15
2026-06-15 15:30,2.15
2026-06-15 15:45,2.07
2026-06-15 16:00,2.07
2026-06-15 16:15,2.07
2026-06-15 16:30,2.07
2026-06-15 17:06,2.07
2026-06-15 17:15,2.07
2026-06-15 17:45,2.07
2026-06-15 18:22,2.07
2026-06-15 18:38,1.99
2026-06-15 18:52,1.99
2026-06-15 19:00,1.99
2026-06-15 20:00,1.99
2026-06-15 20:15,1.99
2026-06-15 20:30,1.99
2026-06-15 20:45,1.99
2026-06-15 21:00,1.99
2026-06-15 21:15,1.99
2026-06-15 21:45,1.99
2026-06-15 22:00,1.99
2026-06-15 22:15,1.99
2026-06-15 22:53,1.99
2026-06-15 23:00,2.07
2026-06-15 23:15,2.07
2026-06-15 23:30,2.07
2026-06-15 23:45,2.07
2026-06-16 00:00,2.07
2026-06-16 00:39,2.07
2026-06-16 00:55,2.07
2026-06-16 01:10,2.07
2026-06-16 01:30,2.07
2026-06-16 02:09,2.07
2026-06-16 02:24,2.07
2026-06-16 02:30,2.15
2026-06-16 03:05,2.15
2026-06-16 03:20,2.15
2026-06-16 03:45,2.15
2026-06-16 04:00,2.15
2026-06-16 04:38,2.15
2026-06-16 05:06,2.22
2026-06-16 05:15,2.22
2026-06-16 05:55,2.22
2026-06-16 06:00,2.22
2026-06-16 06:40,2.22
2026-06-16 06:45,2.22
2026-06-16 07:23,2.3
2026-06-16 07:45,2.3
2026-06-16 08:00,2.3
2026-06-16 08:51,1.63
2026-06-16 09:08,0.57
2026-06-16 09:15,0.18
2026-06-16 09:30,0.13
2026-06-16 10:15,0.04
2026-06-16 10:30,0.02
2026-06-16 10:45,0.01
2026-06-16 11:00,0
2026-06-16 11:54,0
2026-06-16 12:00,0
2026-06-16 12:15,0
2026-06-16 13:00,0
2026-06-16 14:00,0
2026-06-16 14:55,0
2026-06-16 15:00,0
2026-06-16 15:15,0
2026-06-16 15:30,0
2026-06-16 15:45,0
2026-06-16 17:15,0
2026-06-16 18:22,0
2026-06-16 19:11,0
2026-06-16 19:15,0
2026-06-16 19:45,0
2026-06-16 20:00,0
2026-06-16 20:15,0
2026-06-16 20:58,0
2026-06-16 21:00,0
2026-06-16 21:30,0
2026-06-16 22:12,0
2026-06-16 22:15,0
2026-06-16 22:30,0
2026-06-16 23:00,0
2026-06-16 23:15,0
2026-06-16 23:30,0
2026-06-16 23:45,0
2026-06-17 00:30,0
2026-06-17 00:45,0
2026-06-17 01:00,0
2026-06-17 01:55,0
2026-06-17 02:13,0
2026-06-17 02:15,0
2026-06-17 03:10,0
2026-06-17 03:29,0
2026-06-17 04:00,0
2026-06-17 04:15,0
2026-06-17 05:28,0
2026-06-17 06:00,0
2026-06-17 06:15,0
2026-06-17 06:30,0
2026-06-17 06:45,0
2026-06-17 07:00,0
2026-06-17 07:15,0
2026-06-17 07:45,0
2026-06-17 08:26,0
2026-06-17 08:30,0
2026-06-17 09:00,0
2026-06-17 09:44,0
2026-06-17 10:00,0
2026-06-17 10:15,0
2026-06-17 11:00,0
2026-06-17 11:43,0
2026-06-17 11:58,0
2026-06-17 12:13,0
2026-06-17 12:15,0
2026-06-17 12:30,0
2026-06-17 13:00,0
2026-06-17 13:15,0
2026-06-17 14:09,0
2026-06-17 14:43,0
2026-06-17 14:45,0
2026-06-17 14:59,0
2026-06-17 15:00,0
2026-06-17 15:15,0
2026-06-17 15:45,0
2026-06-17 16:15,0
2026-06-17 16:30,0
2026-06-17 17:00,0
2026-06-17 17:15,0
2026-06-17 17:43,0
2026-06-17 18:00,0
2026-06-17 18:44,0
2026-06-17 18:59,0
2026-06-17 19:00,0
2026-06-17 20:11,0
2026-06-17 20:30,0
2026-06-17 20:45,0
2026-06-17 21:00,0
2026-06-17 21:15,0
2026-06-17 21:45,0
2026-06-17 22:00,0
2026-06-17 22:15,0
2026-06-17 22:30,0
2026-06-17 22:45,0
2026-06-17 23:00,0
2026-06-17 23:41,0
2026-06-17 23:45,0
2026-06-18 00:00,0
2026-06-18 00:40,0
2026-06-18 01:10,0
2026-06-18 01:26,0
2026-06-18 01:54,0
2026-06-18 02:15,0
2026-06-18 02:30,0
2026-06-18 02:45,0
2026-06-18 03:00,0
2026-06-18 03:30,0
2026-06-18 04:10,0
2026-06-18 04:15,0
2026-06-18 04:30,0
2026-06-18 04:45,0
2026-06-18 05:00,0
2026-06-18 05:15,0
2026-06-18 05:30,0
2026-06-18 05:45,0
2026-06-18 06:00,0
2026-06-18 06:41,0
2026-06-18 06:45,0
2026-06-18 07:25,0
2026-06-18 07:30,0
2026-06-18 08:21,0
2026-06-18 08:56,0
2026-06-18 09:00,0
2026-06-18 09:30,0
2026-06-18 09:45,0
2026-06-18 10:23,0
2026-06-18 10:30,0
2026-06-18 10:45,0
2026-06-18 11:25,0
2026-06-18 11:30,0
2026-06-18 11:45,0
2026-06-18 12:24,0
2026-06-18 12:57,0
2026-06-18 13:00,0
2026-06-18 13:41,0
2026-06-18 14:23,0
2026-06-18 14:30,0
2026-06-18 15:12,0
2026-06-18 15:15,0
2026-06-18 15:30,0
2026-06-18 15:45,0
2026-06-18 16:26,0
2026-06-18 16:30,0
2026-06-18 17:11,0
2026-06-18 17:27,0
2026-06-18 17:30,0
2026-06-18 18:00,0
2026-06-18 18:15,0
2026-06-18 18:57,0
2026-06-18 19:00,0
2026-06-18 19:52,0
2026-06-18 20:00,0
2026-06-18 20:15,0
2026-06-18 21:00,0
2026-06-18 21:15,0
2026-06-18 21:30,0
2026-06-18 22:15,0
2026-06-18 22:45,0
2026-06-18 23:00,0
2026-06-18 23:15,0
2026-06-19 00:00,0
2026-06-19 01:12,0
2026-06-19 01:15,0
2026-06-19 01:26,0
2026-06-19 01:30,0
2026-06-19 01:45,0
2026-06-19 02:00,0
2026-06-19 02:15,0
2026-06-19 02:30,0
2026-06-19 03:14,0
2026-06-19 03:15,0
2026-06-19 03:45,0
2026-06-19 04:00,0
2026-06-19 04:15,0
2026-06-19 04:30,0
2026-06-19 05:00,0
2026-06-19 05:45,0
2026-06-19 06:27,0
2026-06-19 06:45,0
2026-06-19 07:00,0
2026-06-19 07:15,0
2026-06-19 07:30,0
2026-06-19 07:45,0
2026-06-19 08:27,0
2026-06-19 08:30,0
2026-06-19 08:45,0
2026-06-19 09:00,0
2026-06-19 09:15,0
2026-06-19 09:30,0
2026-06-19 09:45,0
2026-06-19 10:15,0
2026-06-19 10:30,0
2026-06-19 10:45,0
2026-06-19 11:00,0
2026-06-19 11:30,0
2026-06-19 11:45,0
2026-06-19 12:00,0
2026-06-19 12:15,0
2026-06-19 12:30,0
2026-06-19 12:45,0
2026-06-19 13:00,0
2026-06-19 13:15,0
2026-06-19 13:30,0
2026-06-19 14:13,0
2026-06-19 14:15,0
2026-06-19 14:58,0
2026-06-19 15:13,0
2026-06-19 15:15,0
2026-06-19 15:30,0
2026-06-19 15:45,0
2026-06-19 16:00,0
2026-06-19 16:30,0
2026-06-19 16:45,0
2026-06-19 17:26,0
2026-06-19 17:30,0
2026-06-19 17:45,0
2026-06-19 18:15,0
2026-06-19 18:30,0
2026-06-19 18:45,0
2026-06-19 19:25,0
2026-06-19 19:30,0
2026-06-19 19:45,0
2026-06-19 20:24,0
2026-06-19 20:54,0
2026-06-19 21:10,0
2026-06-19 21:25,0
2026-06-19 21:40,0
2026-06-19 21:45,0
2026-06-19 22:00,0
2026-06-19 22:15,0
2026-06-19 22:57,0
2026-06-19 23:36,0
2026-06-20 00:00,0
2026-06-20 00:30,0
2026-06-20 01:12,0
2026-06-20 01:15,0
2026-06-20 02:21,0
2026-06-20 02:30,0
2026-06-20 02:45,0
2026-06-20 03:29,0
2026-06-20 04:09,0
2026-06-20 04:15,0
2026-06-20 04:42,0
2026-06-20 05:24,0
2026-06-20 05:30,0
2026-06-20 06:11,0
2026-06-20 06:15,0
2026-06-20 06:30,0
2026-06-20 06:45,0
2026-06-20 07:00,0
2026-06-20 07:15,0
2026-06-20 07:56,0
2026-06-20 08:10,0
2026-06-20 08:15,0
2026-06-20 08:55,0
2026-06-20 09:15,0
2026-06-20 09:30,0
2026-06-20 09:45,0
2026-06-20 10:26,0
2026-06-20 10:56,0
2026-06-20 11:11,0
2026-06-20 11:41,0
2026-06-20 11:45,0
2026-06-20 12:00,0
2026-06-20 12:15,0
2026-06-20 12:45,0
2026-06-20 13:15,0
2026-06-20 13:30,0
2026-06-20 14:00,0
2026-06-20 14:15,0
2026-06-20 14:57,0
2026-06-20 15:15,0
2026-06-20 15:30,0
2026-06-20 15:45,0
2026-06-20 16:15,0
2026-06-20 16:30,0
2026-06-20 16:45,0
2026-06-20 17:00,0
2026-06-20 17:41,0
2026-06-20 18:12,0
2026-06-20 18:15,0
2026-06-20 18:55,0
2026-06-20 19:35,0
2026-06-20 19:45,0
2026-06-20 20:26,0
2026-06-20 20:30,0
2026-06-20 20:45,0
2026-06-20 21:15,0
2026-06-20 21:30,0
2026-06-20 22:12,0
2026-06-20 22:15,0
2026-06-20 23:00,0
2026-06-20 23:15,0
2026-06-20 23:30,0
2026-06-21 00:10,0
2026-06-21 00:15,0
2026-06-21 00:45,0
2026-06-21 01:00,0
2026-06-21 01:40,0
2026-06-21 02:11,0
2026-06-21 02:15,0
2026-06-21 02:30,0
2026-06-21 02:45,0
2026-06-21 03:00,0
2026-06-21 03:15,0
2026-06-21 03:45,0
2026-06-21 04:00,0
2026-06-21 04:15,0
2026-06-21 04:55,0
2026-06-21 05:30,0
2026-06-21 05:45,0
2026-06-21 06:00,0
2026-06-21 06:15,0
2026-06-21 06:30,0
2026-06-21 06:45,0
2026-06-21 07:22,0
2026-06-21 07:48,0
2026-06-21 08:25,0
2026-06-21 08:30,0
2026-06-21 08:45,0
2026-06-21 09:00,0
2026-06-21 09:15,0
2026-06-21 10:00,0
2026-06-21 11:00,0
2026-06-21 11:42,0
2026-06-21 12:00,0
2026-06-21 12:15,0
2026-06-21 12:57,0
2026-06-21 13:00,0
2026-06-21 13:30,0
2026-06-21 13:45,0
2026-06-21 14:15,0
2026-06-21 14:30,0
2026-06-21 14:45,0
2026-06-21 15:00,0
2026-06-21 15:15,0
2026-06-21 15:30,0
2026-06-21 15:45,0
2026-06-21 16:00,0
2026-06-21 16:15,0
2026-06-21 16:30,0
2026-06-21 16:45,0
2026-06-21 17:00,0
2026-06-21 17:15,0
2026-06-21 17:58,0
2026-06-21 18:15,0
2026-06-21 18:57,0
2026-06-21 19:15,0
2026-06-21 19:30,0
2026-06-21 19:45,0
2026-06-21 20:00,0
2026-06-21 20:40,0
2026-06-21 21:00,0
2026-06-21 21:40,0
2026-06-21 21:45,0
2026-06-21 22:25,0
2026-06-21 22:40,0
2026-06-21 22:55,0
2026-06-21 23:00,0
2026-06-21 23:15,0
2026-06-21 23:30,0
2026-06-22 00:00,0
2026-06-22 00:56,0
2026-06-22 01:00,0
2026-06-22 01:15,0
2026-06-22 01:30,0
2026-06-22 01:45,0
2026-06-22 02:00,0
2026-06-22 02:30,0
2026-06-22 02:45,0
2026-06-22 03:15,0
2026-06-22 03:45,0
2026-06-22 04:00,0
2026-06-22 04:40,0
2026-06-22 04:45,0
2026-06-22 05:26,0
2026-06-22 05:30,0
2026-06-22 06:00,0
2026-06-22 06:15,0
2026-06-22 06:30,0
2026-06-22 07:15,0
2026-06-22 07:56,0
2026-06-22 08:26,0
2026-06-22 08:40,0
2026-06-22 08:45,0
2026-06-22 09:00,0
2026-06-22 09:15,0
2026-06-22 09:55,0
2026-06-22 10:00,0
2026-06-22 10:40,0
2026-06-22 11:00,0
2026-06-22 11:15,0
2026-06-22 11:45,0
2026-06-22 12:00,0
2026-06-22 12:42,0
2026-06-22 13:15,0
2026-06-22 13:58,0
2026-06-22 14:00,0
2026-06-22 14:41,0
2026-06-22 14:45,0
2026-06-22 15:15,0
2026-06-22 15:57,0
2026-06-22 16:11,0
2026-06-22 16:15,0
2026-06-22 16:30,0
2026-06-22 16:45,0
2026-06-22 17:00,0
2026-06-22 17:15,0
2026-06-22 17:30,0
2026-06-22 17:45,0
2026-06-22 18:00,0
2026-06-22 18:15,0
2026-06-22 18:57,0
2026-06-22 19:11,0
2026-06-22 19:15,0
2026-06-22 19:30,0
2026-06-22 19:45,0
2026-06-22 20:15,0
2026-06-22 20:30,0
2026-06-22 21:00,0
2026-06-22 21:45,0
2026-06-22 22:15,0
2026-06-22 22:45,0
2026-06-22 23:15,0
2026-06-22 23:30,0
2026-06-22 23:45,0
2026-06-23 00:00,0
2026-06-23 01:30,0
2026-06-23 02:38,0
2026-06-23 02:45,0
2026-06-23 03:16,0
2026-06-23 03:45,0
2026-06-23 04:30,0
2026-06-23 04:57,0
2026-06-23 05:15,0
2026-06-23 05:45,0
2026-06-23 06:00,0
2026-06-23 06:15,0
2026-06-23 06:45,0
2026-06-23 07:15,0
2026-06-23 07:30,0
2026-06-23 08:00,0
2026-06-23 08:15,0
2026-06-23 08:30,0
2026-06-23 08:45,0
2026-06-23 09:27,0
2026-06-23 09:30,0
2026-06-23 10:10,0
2026-06-23 10:15,0
2026-06-23 10:30,0
2026-06-23 11:12,0
2026-06-23 11:15,0
2026-06-23 11:30,0
2026-06-23 11:45,0
2026-06-23 12:00,0
2026-06-23 12:42,0
2026-06-23 12:45,0
2026-06-23 12:56,0
2026-06-23 13:00,0
2026-06-23 13:42,0
2026-06-23 13:45,0
2026-06-23 14:27,0
2026-06-23 14:45,0
2026-06-23 15:00,0
2026-06-23 15:15,0
2026-06-23 15:30,0
2026-06-23 16:13,0
2026-06-23 16:15,0
2026-06-23 17:00,0
2026-06-23 17:43,0
2026-06-23 17:45,0
2026-06-23 18:00,0
2026-06-23 18:30,0
2026-06-23 19:15,0
2026-06-23 19:44,0
2026-06-23 19:45,0
2026-06-23 20:15,0
2026-06-23 20:30,0
2026-06-23 20:45,0
2026-06-23 21:00,0
2026-06-23 21:40,0
2026-06-23 22:13,0
2026-06-23 22:40,0
2026-06-23 22:45,0
2026-06-23 23:15,0
2026-06-23 23:58,0
2026-06-24 00:00,0
2026-06-24 00:15,0
2026-06-24 00:30,0
2026-06-24 00:45,0
2026-06-24 01:00,0
2026-06-24 01:41,0
2026-06-24 01:45,0
2026-06-24 02:28,0
2026-06-24 02:30,0
2026-06-24 03:14,0
2026-06-24 03:43,0
2026-06-24 03:45,0
2026-06-24 04:26,0
2026-06-24 04:45,0
2026-06-24 05:00,0
2026-06-24 05:15,0
2026-06-24 05:30,0
2026-06-24 05:45,0
2026-06-24 06:00,0
2026-06-24 06:15,0
2026-06-24 06:30,0
2026-06-24 06:45,0
2026-06-24 07:00,0
2026-06-24 07:44,0
2026-06-24 07:59,0
2026-06-24 08:00,0
2026-06-24 08:43,0
2026-06-24 09:15,0
2026-06-24 09:57,0
2026-06-24 10:57,0
2026-06-24 11:00,0
2026-06-24 11:15,0
2026-06-24 11:30,0
2026-06-24 11:45,0
2026-06-24 12:00,0
2026-06-24 12:15,0
2026-06-24 12:30,0
2026-06-24 12:45,0
2026-06-24 13:28,0
2026-06-24 13:30,0
2026-06-24 14:12,0
2026-06-24 14:27,0
2026-06-24 14:42,0
2026-06-24 14:45,0
2026-06-24 15:45,0
2026-06-24 16:00,0
2026-06-24 16:44,0
2026-06-24 17:15,0
2026-06-24 18:16,0
2026-06-24 18:35,0
2026-06-24 18:45,0
2026-06-24 19:30,0
2026-06-24 19:45,0
2026-06-24 20:19,0
2026-06-24 20:30,0
2026-06-24 21:49,0
2026-06-24 22:00,0
2026-06-24 22:34,0
2026-06-24 23:00,0
2026-06-24 23:36,0
2026-06-25 00:15,0
2026-06-25 00:30,0
2026-06-25 01:05,0
2026-06-25 01:21,0
2026-06-25 01:49,0
2026-06-25 02:00,0
2026-06-25 02:15,0
2026-06-25 02:30,0
2026-06-25 02:45,0
2026-06-25 03:18,0
2026-06-25 03:30,0
2026-06-25 04:00,0
2026-06-25 04:15,0
2026-06-25 04:49,0
2026-06-25 05:05,0
2026-06-25 05:15,0
2026-06-25 05:45,0
2026-06-25 06:19,0
2026-06-25 06:45,0
2026-06-25 07:00,0
2026-06-25 07:30,0
2026-06-25 07:45,0
2026-06-25 08:00,0
2026-06-25 08:34,0
2026-06-25 08:45,0
2026-06-25 09:45,0
2026-06-25 10:00,0
2026-06-25 10:30,0
2026-06-25 10:45,0
2026-06-25 11:00,0
2026-06-25 11:37,0
2026-06-25 12:45,0
2026-06-25 13:24,0
2026-06-25 13:30,0
2026-06-25 13:45,0
2026-06-25 14:15,0
2026-06-25 14:45,0
2026-06-25 15:00,0
2026-06-25 15:15,0
2026-06-25 16:15,0
2026-06-25 16:45,0
2026-06-25 17:00,0
2026-06-25 17:38,0
2026-06-25 17:53,0
2026-06-25 18:00,0
2026-06-25 18:53,0
2026-06-25 19:00,0
2026-06-25 19:36,0
2026-06-25 19:50,0
2026-06-25 20:22,0
2026-06-25 20:48,0
2026-06-25 21:00,0
2026-06-25 22:47,0
2026-06-25 23:00,0
2026-06-25 23:30,0
2026-06-26 00:15,0
2026-06-26 00:45,0
2026-06-26 01:21,0
2026-06-26 02:06,0
2026-06-26 02:30,0
2026-06-26 03:16,0
2026-06-26 03:30,0
2026-06-26 03:45,0
2026-06-26 04:00,0
2026-06-26 04:36,0
2026-06-26 04:52,0
2026-06-26 05:00,0
2026-06-26 05:47,0
2026-06-26 06:00,0
2026-06-26 06:15,0
2026-06-26 06:51,0
2026-06-26 07:00,0
2026-06-26 07:15,0
2026-06-26 07:30,0
2026-06-26 08:23,0
2026-06-26 08:30,0
2026-06-26 09:30,0
2026-06-26 09:45,0
2026-06-26 10:27,0
2026-06-26 11:08,0
2026-06-26 11:15,0
2026-06-26 11:30,0
2026-06-26 11:45,0
2026-06-26 12:23,0
2026-06-26 12:45,0
2026-06-26 13:00,0
2026-06-26 13:41,0
2026-06-26 13:45,0
2026-06-26 14:00,0
2026-06-26 14:40,0
2026-06-26 14:45,0
2026-06-26 15:00,0
2026-06-26 15:15,0
2026-06-26 15:45,0
2026-06-26 16:00,0
2026-06-26 16:15,0
2026-06-26 16:30,0
2026-06-26 16:45,0
2026-06-26 17:15,0
2026-06-26 18:30,0
2026-06-26 18:45,0
2026-06-26 19:25,0
2026-06-26 19:41,0
2026-06-26 19:56,0
2026-06-26 20:00,0
2026-06-26 20:15,0
2026-06-26 20:30,0
2026-06-26 21:22,0
2026-06-26 21:30,0
2026-06-26 21:45,0
2026-06-26 22:00,0
2026-06-26 22:15,0
2026-06-26 22:30,0
2026-06-26 23:12,0
2026-06-26 23:15,0
2026-06-26 23:27,0
2026-06-26 23:30,0
2026-06-26 23:45,0
2026-06-27 00:37,0
2026-06-27 00:45,0
2026-06-27 01:00,0
2026-06-27 02:11,0
2026-06-27 02:15,0
2026-06-27 02:30,0
2026-06-27 03:12,0
2026-06-27 03:15,0
2026-06-27 04:00,0
2026-06-27 04:42,0
2026-06-27 05:26,0
2026-06-27 06:42,1.42
2026-06-29 11:30,0
2026-06-29 11:45,0
2026-06-29 12:00,0
2026-06-29 12:15,0
2026-06-29 12:44,0
2026-06-29 12:45,0
2026-06-29 13:15,0
2026-06-29 13:30,0
2026-06-29 14:29,0
2026-06-29 14:55,0
2026-06-29 15:00,0
2026-06-29 15:27,0
2026-06-29 15:45,0
2026-06-29 16:00,0
2026-06-29 16:15,0
2026-06-29 16:30,0
2026-06-29 17:00,0
2026-06-29 17:15,0
2026-06-29 17:44,0
2026-06-29 17:45,0
2026-06-29 18:00,0
2026-06-29 18:45,0
2026-06-29 19:13,0
2026-06-29 19:15,0
2026-06-29 19:43,0
2026-06-29 19:45,0
2026-06-29 20:12,0
2026-06-29 20:45,0
2026-06-29 21:00,0
2026-06-29 21:30,0
2026-06-29 21:45,0
2026-06-29 22:15,0
2026-06-29 22:30,0
2026-06-29 23:00,0
2026-06-29 23:15,0
2026-06-30 00:45,0
2026-06-30 01:42,0
2026-06-30 01:45,0
2026-06-30 02:00,0
2026-06-30 02:45,0
2026-06-30 03:00,0
2026-06-30 03:15,0
2026-06-30 03:44,0
2026-06-30 04:00,0
2026-06-30 04:27,0
2026-06-30 04:30,0
2026-06-30 05:00,0
2026-06-30 05:15,0
2026-06-30 05:30,0
2026-06-30 05:45,0
2026-06-30 06:00,0
2026-06-30 06:59,0
2026-06-30 07:00,0
2026-06-30 07:30,0
2026-06-30 08:00,0
2026-06-30 08:15,0
2026-06-30 08:45,0
2026-06-30 09:00,0
2026-06-30 09:29,0.44
2026-06-30 09:30,0.44
2026-06-30 09:45,0.48
2026-06-30 10:14,0.48
2026-06-30 10:15,0.48
2026-06-30 10:43,0.48
2026-06-30 10:45,0.48
2026-06-30 11:00,0.48
2026-06-30 11:29,0.48
2026-06-30 11:44,0.48
2026-06-30 11:45,0.48
2026-06-30 12:00,0.44
2026-06-30 12:28,0.44
2026-06-30 12:30,0.44
2026-06-30 12:45,0.44
2026-06-30 13:13,0.4
2026-06-30 13:15,0.4
2026-06-30 13:58,0.36
2026-06-30 14:00,0.36
2026-06-30 14:31,0.36
2026-06-30 15:00,0.36
2026-06-30 15:15,0.36
2026-06-30 15:30,0.36
2026-06-30 15:59,0.36
2026-06-30 16:00,0.36
2026-06-30 16:15,0.36
2026-06-30 16:59,0.36
2026-06-30 17:00,0.36
2026-06-30 17:15,0.36
2026-06-30 17:44,0.36
2026-06-30 18:00,0.36
2026-06-30 18:31,0.36
2026-06-30 18:45,0.36
2026-06-30 19:00,0.36
2026-06-30 19:30,0.4
2026-06-30 19:45,0.4
2026-06-30 20:00,0.4
2026-06-30 20:15,0.4
2026-06-30 20:30,0.4
2026-06-30 20:45,0.4
2026-06-30 21:00,0.44
2026-06-30 21:15,0.44
2026-06-30 21:30,0.44
2026-06-30 21:45,0.44
2026-06-30 22:15,0.44
2026-06-30 22:30,0.44
2026-06-30 22:45,0.48
2026-06-30 23:00,0.48
2026-06-30 23:15,0.48
2026-06-30 23:30,0.48
2026-06-30 23:45,0.48
2026-07-01 00:00,0.48
2026-07-01 00:30,0.48
2026-07-01 00:45,0.48
2026-07-01 01:00,0.48
2026-07-01 02:16,0.52
2026-07-01 02:30,0.52
2026-07-01 02:45,0.52
2026-07-01 03:00,0.52
2026-07-01 03:15,0.52
2026-07-01 03:30,0.52
2026-07-01 04:00,0.52
2026-07-01 04:15,0.52
2026-07-01 04:30,0.52
2026-07-01 04:45,0.52
2026-07-01 05:41,0.52
2026-07-01 06:10,0.52
2026-07-01 06:15,0.52
2026-07-01 06:45,0.52
2026-07-01 07:15,0.52
2026-07-01 07:30,0.52
2026-07-01 08:15,0.52
2026-07-01 08:45,0.52
2026-07-01 09:00,0.52
2026-07-01 09:30,0.52
2026-07-01 10:00,0.52
2026-07-01 10:15,0.52
2026-07-01 10:58,0.52
2026-07-01 11:00,0.52
2026-07-01 11:15,0.48
2026-07-01 12:00,0.48
2026-07-01 12:15,0.44
2026-07-01 13:00,0.44
2026-07-01 13:15,0.4
2026-07-01 13:46,0.4
2026-07-01 14:15,0.36
2026-07-01 14:30,0.36
2026-07-01 15:00,0.36
2026-07-01 15:29,0.36
2026-07-01 15:30,0.36
2026-07-01 15:45,0.36
2026-07-01 16:14,0.36
2026-07-01 16:15,0.36
2026-07-01 16:46,0.36
2026-07-01 17:00,0.36
2026-07-01 17:15,0.36
2026-07-01 17:30,0.32
2026-07-01 17:57,0.36
2026-07-01 18:15,0.36
2026-07-01 18:30,0.36
2026-07-01 19:22,0.36
2026-07-01 20:30,0.36
2026-07-01 20:58,0.36
2026-07-01 21:13,0.36
2026-07-01 21:29,0.4
2026-07-01 21:30,0.4
2026-07-01 21:45,0.4
2026-07-01 22:00,0.4
2026-07-01 22:15,0.4
2026-07-01 22:45,0.44
2026-07-01 23:00,0.44
2026-07-01 23:15,0.44
2026-07-01 23:45,0.44
2026-07-02 00:15,0.44
2026-07-02 00:30,0.44
2026-07-02 01:02,0.44
2026-07-02 01:15,0.44
2026-07-02 01:30,0.48
2026-07-02 01:45,0.48
2026-07-02 02:00,0.48
2026-07-02 02:28,0.48
2026-07-02 02:30,0.48
2026-07-02 02:45,0.48
2026-07-02 03:00,0.48
2026-07-02 03:15,0.48
2026-07-02 03:30,0.48
2026-07-02 03:45,0.48
2026-07-02 04:15,0.48
2026-07-02 04:30,0.48
2026-07-02 05:15,0.52
2026-07-02 05:30,0.52
2026-07-02 05:45,0.52
2026-07-02 06:00,0.52
2026-07-02 06:15,0.52
2026-07-02 07:00,0.52
2026-07-02 07:27,0.52
2026-07-02 07:30,0.52
2026-07-02 08:12,0.52
2026-07-02 08:30,0.52
2026-07-02 08:45,0.52
2026-07-02 09:15,0.52
2026-07-02 09:56,0.52
2026-07-02 10:00,0.52
2026-07-02 10:15,0.48
2026-07-02 10:30,0.48
2026-07-02 10:45,0.48
2026-07-02 11:00,0.48
2026-07-02 11:38,0.44
2026-07-02 11:45,0.44
2026-07-02 12:00,0.4
2026-07-02 12:15,0.4
2026-07-02 12:30,0.4
2026-07-02 13:06,0.36
2026-07-02 13:30,0.36
2026-07-02 13:45,0.36
2026-07-02 14:00,0.36
2026-07-02 14:37,0.32
2026-07-02 14:45,0.32
2026-07-02 15:00,0.32
2026-07-02 15:15,0.32
2026-07-02 15:52,0.28
2026-07-02 16:00,0.28
2026-07-02 16:15,0.28
2026-07-02 16:30,0.28
2026-07-02 16:45,0.28
2026-07-02 17:15,0.28
2026-07-02 17:30,0.28
2026-07-02 18:06,0.28
2026-07-02 18:15,0.32
2026-07-02 18:50,0.28
2026-07-02 19:00,0.32
2026-07-02 19:15,0.32
2026-07-02 19:59,0.32
2026-07-02 20:00,0.32
2026-07-02 20:34,0.32
2026-07-02 20:45,0.36
2026-07-02 21:00,0.36
2026-07-02 21:15,0.36
2026-07-02 21:49,0.36
2026-07-02 22:19,0.36
2026-07-02 22:58,0.4
2026-07-02 23:00,0.4
2026-07-02 23:34,0.4
2026-07-02 23:45,0.4
2026-07-03 00:00,0.4
2026-07-03 00:15,0.44
2026-07-03 00:30,0.44
2026-07-03 00:45,0.44
2026-07-03 01:30,0.44
2026-07-03 01:45,0.44
2026-07-03 02:00,0.44
2026-07-03 02:15,0.44
2026-07-03 02:30,0.44
2026-07-03 02:45,0.44
2026-07-03 03:00,0.44
2026-07-03 03:36,0.48
2026-07-03 03:45,0.48
2026-07-03 04:15,0.48
2026-07-03 04:45,0.48
2026-07-03 05:00,0.48
2026-07-03 05:15,0.48
2026-07-03 06:02,0.48
2026-07-03 06:15,0.48
2026-07-03 06:45,0.48
2026-07-03 07:00,0.48
2026-07-03 07:15,0.48
2026-07-03 07:30,0.48
2026-07-03 08:00,0.48
2026-07-03 08:15,0.48
2026-07-03 08:45,0.48
2026-07-03 09:00,0.48
2026-07-03 09:15,0.48
2026-07-03 09:45,0.48
2026-07-03 10:00,0.48
2026-07-03 10:30,0.44
2026-07-03 10:45,0.44
2026-07-03 11:00,0.44
2026-07-03 11:37,0.44
2026-07-03 11:45,0.4
2026-07-03 12:21,0.4
2026-07-03 12:51,0.36
2026-07-03 13:00,0.36
2026-07-03 13:36,0.36
2026-07-03 13:45,0.32
2026-07-03 14:00,0.28
2026-07-03 14:36,0.28
2026-07-03 15:08,0.28
2026-07-03 15:15,0.25
2026-07-03 15:53,0.25
2026-07-03 16:00,0.28
2026-07-03 16:35,0.28
2026-07-03 16:45,0.28
2026-07-03 17:20,0.28
2026-07-03 17:45,0.28
2026-07-03 19:15,0.28
2026-07-03 19:30,0.28
2026-07-03 19:45,0.32
2026-07-03 20:00,0.32
2026-07-03 20:15,0.32
2026-07-03 20:30,0.32
2026-07-03 20:45,0.32
2026-07-03 21:00,0.32
2026-07-03 21:49,0.36
2026-07-03 22:00,0.36
2026-07-03 22:15,0.36
2026-07-03 22:48,0.36
2026-07-03 23:00,0.4
2026-07-03 23:15,0.4
2026-07-03 23:47,0.4
2026-07-04 00:15,0.88
2026-07-04 00:45,0.93
2026-07-04 01:00,0.99
2026-07-04 02:00,1.11
2026-07-04 02:15,1.11
2026-07-04 02:30,1.11
2026-07-04 02:45,1.11
2026-07-04 03:00,1.11
2026-07-04 03:33,1.17
2026-07-04 04:05,1.17
2026-07-04 04:15,1.17
2026-07-04 04:30,1.17
2026-07-04 05:00,1.23
2026-07-04 05:49,1.23
2026-07-04 06:00,1.23
2026-07-04 06:02,1.23
2026-07-04 07:06,1.23
2026-07-04 07:34,1.29
2026-07-04 07:45,1.23
2026-07-04 08:00,1.29
2026-07-04 08:43,1.29
2026-07-04 08:45,1.29
2026-07-04 09:19,1.29
2026-07-04 09:30,1.29
2026-07-04 09:45,1.29
2026-07-04 10:00,1.23
2026-07-04 11:00,1.23
2026-07-04 11:30,1.05
2026-07-04 11:45,0.93
2026-07-04 12:20,0.77
2026-07-04 12:36,0.67
2026-07-04 12:45,0.52
2026-07-04 13:00,0.48
2026-07-04 13:15,0.44
2026-07-04 13:45,0.4
2026-07-04 14:19,0.4
2026-07-04 14:45,0.36
2026-07-04 15:00,0.36
2026-07-04 15:15,0.36
2026-07-04 15:30,0.36
2026-07-04 16:31,0.36
2026-07-04 16:45,0.36
2026-07-04 17:31,0.32
2026-07-04 17:45,0.32
2026-07-04 18:00,0.32
2026-07-04 18:33,0.32
2026-07-04 18:45,0.32
2026-07-04 19:15,0.32
2026-07-04 19:45,0.32
2026-07-04 20:00,0.32
2026-07-04 20:33,0.32
2026-07-04 20:45,0.32
2026-07-04 21:00,0.36
2026-07-04 21:34,0.36
2026-07-04 21:45,0.36
2026-07-04 22:00,0.36
2026-07-04 22:15,0.36
2026-07-04 22:45,0.36
2026-07-04 23:00,0.36
2026-07-04 23:30,0.4
2026-07-05 00:06,0.4
2026-07-05 01:06,0.4
2026-07-05 01:15,0.4
2026-07-05 01:53,0.4
2026-07-05 02:00,0.44
2026-07-05 02:15,0.44
2026-07-05 02:30,0.44
2026-07-05 02:45,0.44
2026-07-05 03:15,0.44
2026-07-05 03:45,0.44
2026-07-05 04:00,0.44
2026-07-05 04:15,0.44
2026-07-05 04:45,0.44
2026-07-05 05:00,0.44
2026-07-05 05:15,0.44
2026-07-05 05:45,0.44
2026-07-05 06:00,0.44
2026-07-05 06:15,0.44
2026-07-05 06:30,0.44
2026-07-05 06:45,0.44
2026-07-05 07:15,0.44
2026-07-05 07:54,0.44
2026-07-05 08:00,0.44
2026-07-05 09:05,0.44
2026-07-05 09:36,0.44
2026-07-05 09:45,0.44
2026-07-05 10:00,0.44
2026-07-05 10:30,0.4
2026-07-05 10:45,0.4
2026-07-05 11:00,0.4
2026-07-05 11:30,0.36
2026-07-05 11:45,0.36
2026-07-05 12:22,0.36
2026-07-05 12:30,0.32
2026-07-05 12:45,0.32
2026-07-05 13:00,0.32
2026-07-05 13:15,0.28
2026-07-05 13:53,0.28
2026-07-05 14:00,0.28
2026-07-05 14:15,0.28
2026-07-05 14:30,0.28
2026-07-05 14:45,0.28
2026-07-05 15:00,0.28
2026-07-05 15:30,0.28
2026-07-05 16:00,0.25
2026-07-05 16:37,0.25
2026-07-05 16:45,0.25
2026-07-05 17:00,0.25
2026-07-05 17:47,0.25
2026-07-05 18:00,0.25
2026-07-05 18:37,0.25
2026-07-05 18:45,0.28
2026-07-05 19:22,0.28
2026-07-05 19:30,0.28
2026-07-05 20:00,0.28
2026-07-05 20:15,0.32
2026-07-05 20:30,0.32
2026-07-05 20:45,0.32
2026-07-05 21:00,0.32
2026-07-05 21:15,0.32
2026-07-05 21:30,0.32
2026-07-05 22:36,0.36
2026-07-05 23:06,0.36
2026-07-05 23:15,0.36
2026-07-05 23:30,0.36
2026-07-05 23:45,0.36
2026-07-06 00:20,0.4
2026-07-06 00:45,0.4
2026-07-06 01:15,0.4
2026-07-06 01:48,0.4
2026-07-06 02:00,0.4
2026-07-06 02:15,0.4
2026-07-06 02:50,0.4
2026-07-06 03:00,0.44
2026-07-06 03:46,0.44
2026-07-06 04:21,0.44
2026-07-06 04:53,0.44
2026-07-06 05:15,0.44
2026-07-06 05:51,0.44
2026-07-06 06:00,0.44
2026-07-06 06:15,0.44
2026-07-06 06:30,0.44
2026-07-06 07:04,0.44
2026-07-06 07:30,0.44
2026-07-06 07:45,0.48
2026-07-06 08:15,0.48
2026-07-06 09:00,0.44
2026-07-06 09:15,0.44
2026-07-06 09:30,0.44
2026-07-06 10:00,0.44
2026-07-06 10:36,0.44
2026-07-06 10:45,0.4
2026-07-06 11:00,0.4
2026-07-06 11:15,0.4
2026-07-06 11:30,0.4
2026-07-06 11:45,0.36
2026-07-06 12:00,0.36
2026-07-06 12:15,0.36
2026-07-06 12:30,0.36
2026-07-06 12:45,0.32
2026-07-06 13:26,0.32
2026-07-06 14:00,0.28
2026-07-06 14:30,0.28
2026-07-06 15:08,0.25
2026-07-06 15:38,0.25
2026-07-06 16:11,0.25
2026-07-06 16:45,0.25
2026-07-06 17:00,0.25
2026-07-06 17:39,0.25
2026-07-06 17:53,0.25
2026-07-06 18:00,0.25
2026-07-06 18:38,0.25
2026-07-06 18:45,0.25
2026-07-06 19:00,0.25
2026-07-06 19:15,0.25
2026-07-06 19:30,0.28
2026-07-06 20:00,0.28
2026-07-06 20:39,0.32
2026-07-06 20:45,0.32
2026-07-06 21:21,0.32
2026-07-06 21:52,0.32
2026-07-06 22:00,0.36
2026-07-06 22:39,0.36
2026-07-06 22:45,0.36
2026-07-06 23:00,0.36
2026-07-06 23:15,0.36
2026-07-06 23:30,0.36
2026-07-07 00:09,0.36
2026-07-07 00:15,0.36
2026-07-07 00:30,0.36
2026-07-07 00:45,0.36
2026-07-07 01:00,0.4
2026-07-07 01:15,0.4
2026-07-07 02:31,0.4
2026-07-07 02:45,0.4
2026-07-07 03:00,0.4
2026-07-07 03:30,0.4
2026-07-07 04:50,0.44
2026-07-07 05:00,0.44
2026-07-07 05:38,0.44
2026-07-07 05:45,0.44
2026-07-07 06:00,0.44
2026-07-07 06:15,0.44
2026-07-07 06:30,0.44
2026-07-07 07:00,0.44
2026-07-07 07:15,0.44
2026-07-07 07:53,0.44
2026-07-07 08:00,0.44
2026-07-07 08:30,0.44
2026-07-07 08:45,0.44
2026-07-07 09:00,0.44
2026-07-07 09:15,0.44
2026-07-07 09:30,0.44
2026-07-07 10:09,0.4
2026-07-07 10:15,0.4
2026-07-07 10:30,0.4
2026-07-07 11:00,0.4
2026-07-07 11:40,0.36
2026-07-07 12:10,0.36
2026-07-07 12:15,0.32
2026-07-07 12:55,0.32
2026-07-07 13:09,0.32
2026-07-07 13:15,0.28
2026-07-07 13:55,0.28
2026-07-07 14:00,0.25
2026-07-07 14:56,0.25
2026-07-07 15:15,0.21
2026-07-07 15:30,0.21
2026-07-07 16:00,0.21
2026-07-07 16:15,0.21
2026-07-07 16:30,0.21
2026-07-07 16:45,0.21
2026-07-07 17:00,0.21
2026-07-07 17:15,0.21
2026-07-07 18:07,0.21
2026-07-07 18:15,0.21
2026-07-07 18:30,0.21
2026-07-07 19:11,0.25
2026-07-07 19:15,0.25
2026-07-07 19:56,0.25
2026-07-07 20:10,0.25
2026-07-07 20:45,0.28
2026-07-07 21:00,0.28
2026-07-07 21:15,0.32
2026-07-07 21:30,0.32
2026-07-07 21:45,0.32
2026-07-07 22:15,0.32
2026-07-07 22:30,0.32
2026-07-07 23:08,0.32
2026-07-07 23:15,0.36
2026-07-07 23:45,0.36
2026-07-08 00:00,0.36
2026-07-08 00:15,0.36
2026-07-08 00:52,0.36
2026-07-08 01:00,0.36
2026-07-08 01:38,0.36
2026-07-08 01:45,0.4
2026-07-08 02:00,0.4
2026-07-08 02:15,0.4
2026-07-08 02:45,0.4
2026-07-08 03:15,0.4
2026-07-08 03:30,0.4
2026-07-08 03:45,0.4
2026-07-08 04:00,0.4
2026-07-08 04:15,0.4
2026-07-08 04:30,0.4
2026-07-08 04:45,0.4
2026-07-08 05:22,0.4
2026-07-08 05:38,0.4
2026-07-08 06:18,0.44
2026-07-08 06:51,0.44
2026-07-08 07:00,0.44
2026-07-08 07:15,0.44
2026-07-08 07:30,0.44
2026-07-08 07:45,0.44
2026-07-08 08:00,0.44
2026-07-08 08:15,0.44
2026-07-08 08:30,0.44
2026-07-08 09:09,0.44
2026-07-08 09:30,0.4
2026-07-08 09:45,0.4
2026-07-08 10:23,0.4
2026-07-08 10:30,0.36
2026-07-08 11:00,0.36
2026-07-08 11:15,0.36
2026-07-08 11:53,0.32
2026-07-08 12:00,0.18
2026-07-08 12:15,0.15
2026-07-08 12:30,0.15
2026-07-08 12:45,0.15
2026-07-08 13:00,0.13
2026-07-08 13:15,0.13
2026-07-08 13:30,0.13
2026-07-08 13:45,0.13
2026-07-08 14:30,0.1
2026-07-08 14:45,0.08
2026-07-08 15:00,0.08
2026-07-08 15:15,0.08
2026-07-08 15:30,0.08
2026-07-08 16:09,0.08
2026-07-08 16:15,0.08
2026-07-08 16:30,0.08
2026-07-08 17:12,0.08
2026-07-08 17:53,0.06
2026-07-08 18:00,0.08
2026-07-08 18:15,0.08
2026-07-08 19:20,0.1
2026-07-08 19:30,0.1
2026-07-08 19:45,0.1
2026-07-08 20:00,0.1
2026-07-08 20:15,0.1
2026-07-08 20:30,0.1
2026-07-08 20:45,0.1
2026-07-08 21:23,0.1
2026-07-08 21:30,0.1
2026-07-08 21:45,0.13
2026-07-08 22:00,0.13
2026-07-08 22:15,0.13
2026-07-08 22:30,0.13
2026-07-08 22:45,0.13
2026-07-08 23:30,0.13
2026-07-08 23:45,0.13
2026-07-09 00:15,0.13
2026-07-09 00:53,0.13
2026-07-09 01:00,0.13
2026-07-09 01:30,0.13
2026-07-09 01:45,0.13
2026-07-09 02:15,0.13
2026-07-09 02:30,0.13
2026-07-09 02:45,0.13
2026-07-09 03:00,0.13
2026-07-09 03:15,0.13
2026-07-09 03:30,0.13
2026-07-09 04:07,0.13
2026-07-09 04:15,0.13
2026-07-09 04:45,0.13
2026-07-09 05:00,0.13
2026-07-09 05:30,0.13
2026-07-09 05:45,0.13
2026-07-09 06:15,0.13
2026-07-09 06:30,0.13
2026-07-09 07:37,0.13
2026-07-09 07:52,0.13
2026-07-09 08:00,0.13
2026-07-09 08:15,0.13
2026-07-09 08:30,0.13
2026-07-09 09:08,0.13
2026-07-09 09:39,0.13
2026-07-09 09:45,0.13
2026-07-09 10:15,0.1
2026-07-09 10:30,0
2026-07-09 10:45,0
2026-07-09 11:00,0
2026-07-09 11:15,0
2026-07-09 11:30,0
2026-07-09 12:00,0
2026-07-09 12:15,0
2026-07-09 12:30,0
2026-07-09 12:45,0
2026-07-09 13:00,0
2026-07-09 13:30,0
2026-07-09 13:45,0
2026-07-09 14:00,0
2026-07-09 14:15,0
2026-07-09 14:30,0
2026-07-09 15:12,0
2026-07-09 15:15,0
2026-07-09 15:30,0
2026-07-09 15:45,0
2026-07-09 16:00,0
2026-07-09 16:15,0
2026-07-09 17:41,0
2026-07-09 17:45,0
2026-07-09 18:15,0
2026-07-09 18:30,0
2026-07-09 18:45,0
2026-07-09 19:00,0
2026-07-09 19:15,0
2026-07-09 20:00,0
2026-07-09 20:15,0
2026-07-09 20:30,0
2026-07-09 20:45,0
2026-07-09 21:00,0
2026-07-09 21:30,0
2026-07-09 22:09,0
2026-07-09 22:15,0
2026-07-09 22:30,0
2026-07-09 22:45,0
2026-07-09 23:00,0
2026-07-09 23:15,0
2026-07-09 23:54,0
2026-07-10 00:00,0
2026-07-10 00:15,0
2026-07-10 00:30,0
2026-07-10 01:11,0
2026-07-10 01:15,0
2026-07-10 01:30,0
2026-07-10 01:45,0
2026-07-10 02:00,0
2026-07-10 02:45,0
2026-07-10 03:15,0
2026-07-10 03:30,0
2026-07-10 03:45,0
2026-07-10 04:24,0
2026-07-10 04:30,0
2026-07-10 04:45,0
2026-07-10 05:24,0
2026-07-10 05:30,0
2026-07-10 06:07,0
2026-07-10 06:54,0
2026-07-10 07:15,0
2026-07-10 07:30,0
2026-07-10 07:45,0
2026-07-10 08:00,0
2026-07-10 08:30,0
2026-07-10 08:45,0
2026-07-10 09:00,0
2026-07-10 09:15,0
2026-07-10 09:55,0
2026-07-10 10:00,0
2026-07-10 10:30,0
2026-07-10 10:45,0
2026-07-10 11:00,0
2026-07-10 11:15,0
2026-07-10 11:52,0
2026-07-10 12:07,0
2026-07-10 12:37,0
2026-07-10 13:09,0
2026-07-10 13:23,0
2026-07-10 13:30,0
2026-07-10 14:07,0
2026-07-10 14:15,0
2026-07-10 14:57,0
2026-07-10 15:24,0
2026-07-10 15:30,0
2026-07-10 16:09,0
2026-07-10 16:25,0
2026-07-10 16:30,0
2026-07-10 16:45,0
2026-07-10 17:26,0
2026-07-10 17:30,0
2026-07-10 17:45,0
2026-07-10 18:00,0
2026-07-10 18:15,0
2026-07-10 18:45,0
2026-07-10 19:24,0
2026-07-10 19:30,0
2026-07-10 20:00,0
2026-07-10 20:40,0
2026-07-10 20:45,0
2026-07-10 21:00,0
2026-07-10 21:15,0
2026-07-10 21:30,0
2026-07-10 21:45,0
2026-07-10 22:45,0
2026-07-10 23:15,0
2026-07-10 23:54,0
2026-07-11 00:00,0
2026-07-11 00:15,0
2026-07-11 00:30,0
2026-07-11 01:00,0
2026-07-11 01:15,0
2026-07-11 01:54,0
2026-07-11 02:00,0
2026-07-11 03:04,0
2026-07-11 03:25,0
2026-07-11 03:30,0
2026-07-11 04:43,0
2026-07-11 04:45,0
2026-07-11 05:29,0
2026-07-11 05:30,0
2026-07-11 05:45,0
2026-07-11 06:27,0
2026-07-11 06:30,0
2026-07-11 06:45,0
2026-07-11 08:15,0
2026-07-11 08:30,0
2026-07-11 09:15,0
2026-07-11 09:30,0
2026-07-11 09:45,0
2026-07-11 10:00,0
2026-07-11 10:45,0
2026-07-11 11:15,0
2026-07-11 11:30,0
2026-07-11 11:45,0
2026-07-11 12:32,0
2026-07-11 12:45,0
2026-07-11 13:15,0
2026-07-11 13:30,0
2026-07-11 13:45,0
2026-07-11 14:28,0
2026-07-11 14:30,0
2026-07-11 15:00,0
2026-07-11 15:30,0
2026-07-11 15:45,0
2026-07-11 16:28,0
2026-07-11 16:45,0
2026-07-11 17:00,0
2026-07-11 17:30,0
2026-07-11 18:57,0
2026-07-11 19:00,0
2026-07-11 20:00,0
2026-07-11 20:45,0
2026-07-11 21:28,0
2026-07-11 21:30,0
2026-07-11 22:21,0
2026-07-11 22:45,0
2026-07-11 23:00,0
2026-07-11 23:41,0
2026-07-11 23:45,0
2026-07-12 00:00,0
2026-07-12 00:15,0
2026-07-12 00:58,0
2026-07-12 01:00,0
2026-07-12 01:15,0
2026-07-12 01:58,0
2026-07-12 02:15,0
2026-07-12 03:00,0
2026-07-12 03:15,0
2026-07-12 03:30,0
2026-07-12 03:45,0
2026-07-12 04:15,0
2026-07-12 04:30,0
2026-07-12 04:45,0
2026-07-12 05:54,0
2026-07-12 06:00,0
2026-07-12 06:30,0
2026-07-12 07:00,0
2026-07-12 07:30,0
2026-07-12 08:38,0
2026-07-12 09:01,0
2026-07-12 09:27,0
2026-07-12 09:58,0
2026-07-12 10:28,0
2026-07-12 10:45,0
2026-07-12 11:00,0
2026-07-12 11:15,0
2026-07-12 11:45,0
2026-07-12 12:00,0
2026-07-12 12:30,0
2026-07-12 13:12,0
2026-07-12 13:43,0
2026-07-12 13:45,0
2026-07-12 14:00,0
2026-07-12 14:56,0
2026-07-12 15:00,0
2026-07-12 15:15,0
2026-07-12 15:30,0
2026-07-12 16:11,0
2026-07-12 16:15,0
2026-07-12 16:30,0
2026-07-12 17:00,0
2026-07-12 17:30,0
2026-07-12 18:00,0
2026-07-12 18:45,0
2026-07-12 19:00,0
2026-07-12 20:00,0
2026-07-12 20:15,0
2026-07-12 20:45,0
2026-07-12 21:00,0
2026-07-12 21:30,0
2026-07-12 21:45,0
2026-07-12 22:27,0
2026-07-12 23:00,0
2026-07-12 23:45,0
2026-07-13 00:00,0
2026-07-13 00:15,0
2026-07-13 00:30,0
2026-07-13 00:45,0
2026-07-13 01:00,0
2026-07-13 01:42,0
2026-07-13 01:45,0
2026-07-13 02:00,0
2026-07-13 02:44,0
2026-07-13 02:45,0
2026-07-13 03:00,0
2026-07-13 03:30,0
2026-07-13 04:00,0
2026-07-13 04:15,0
2026-07-13 04:30,0
2026-07-13 05:13,0
2026-07-13 05:15,0
2026-07-13 05:30,0
2026-07-13 06:13,0
2026-07-13 06:15,0
2026-07-13 06:27,0
2026-07-13 06:30,0
2026-07-13 06:45,0
2026-07-13 07:00,0
2026-07-13 07:30,0
2026-07-13 07:45,0
2026-07-13 08:29,0
2026-07-13 08:30,0
2026-07-13 08:45,0
2026-07-13 09:15,0
2026-07-13 09:47,0
2026-07-13 10:32,0
2026-07-13 11:00,0
2026-07-13 11:30,0
2026-07-13 11:59,0
2026-07-13 12:00,0
2026-07-13 12:15,0
2026-07-13 13:00,0
2026-07-13 13:30,0
2026-07-13 14:15,0
2026-07-13 14:30,0
2026-07-13 15:17,0
2026-07-13 15:50,0
2026-07-13 16:15,0
2026-07-13 16:49,0
2026-07-13 17:30,0
2026-07-13 17:45,0
2026-07-13 18:15,0
2026-07-13 19:15,0
2026-07-13 19:30,0
2026-07-13 19:45,0
2026-07-13 20:15,0
2026-07-13 20:30,0
2026-07-13 21:00,0
2026-07-13 21:15,0
2026-07-13 21:30,0
2026-07-13 21:45,0
2026-07-13 22:15,0
2026-07-13 22:45,0
2026-07-13 23:42,0
2026-07-13 23:45,0
2026-07-14 00:16,0
2026-07-14 00:44,0
2026-07-14 01:25,0
2026-07-14 02:30,0
2026-07-14 02:45,0
2026-07-14 03:00,0
2026-07-14 03:32,0
2026-07-14 03:45,0
2026-07-14 04:00,0
2026-07-14 04:46,0
2026-07-14 05:00,0
2026-07-14 05:33,0
2026-07-14 06:18,0
2026-07-14 06:30,0
2026-07-14 06:31,0
2026-07-14 07:00,0
2026-07-14 07:15,0
2026-07-14 07:45,0
2026-07-14 08:00,0
2026-07-14 08:15,0
2026-07-14 08:30,0
2026-07-14 09:15,0
2026-07-14 09:30,0
2026-07-14 10:15,0
2026-07-14 10:30,0
2026-07-14 10:45,0
2026-07-14 11:20,0
2026-07-14 11:45,0
2026-07-14 12:18,0
2026-07-14 12:30,0
2026-07-14 13:15,0
2026-07-14 13:30,0
2026-07-14 13:45,0
2026-07-14 14:00,0
2026-07-14 14:32,0
2026-07-14 14:45,0
2026-07-14 15:00,0
2026-07-14 15:30,0
2026-07-14 16:00,0
2026-07-14 16:15,0
2026-07-14 16:30,0
2026-07-14 16:45,0
2026-07-14 17:00,0
2026-07-14 17:15,0
2026-07-14 17:30,0
2026-07-14 17:45,0
2026-07-14 18:00,0
2026-07-14 18:15,0
2026-07-14 18:30,0
2026-07-14 18:45,0
2026-07-14 19:00,0
2026-07-14 19:15,0
2026-07-14 19:30,0
2026-07-14 19:45,0
2026-07-14 20:00,0
2026-07-14 20:15,0
2026-07-14 20:30,0
2026-07-14 20:45,0
2026-07-14 21:00,0
2026-07-14 21:15,0
2026-07-14 21:47,0
2026-07-14 22:00,0
2026-07-14 22:15,0
2026-07-14 22:48,0
2026-07-14 23:18,0
2026-07-14 23:30,0
2026-07-14 23:45,0
2026-07-15 00:00,0
2026-07-15 00:15,0
2026-07-15 00:30,0
2026-07-15 00:45,0
2026-07-15 01:00,0
2026-07-15 01:15,0
2026-07-15 01:30,0
2026-07-15 02:30,0
2026-07-15 02:45,0
2026-07-15 03:21,0
2026-07-15 03:45,0
2026-07-15 04:00,0
2026-07-15 04:15,0
2026-07-15 04:45,0
2026-07-15 05:00,0
2026-07-15 05:42,0
2026-07-15 06:00,0
2026-07-15 06:15,0
2026-07-15 06:45,0
2026-07-15 07:00,0
2026-07-15 07:15,0
2026-07-15 07:30,0
2026-07-15 07:45,0
2026-07-15 08:00,0
2026-07-15 08:15,0
2026-07-15 08:30,0
2026-07-15 08:45,0
2026-07-15 09:30,0
2026-07-15 09:45,0
2026-07-15 10:23,0
2026-07-15 10:40,0
2026-07-15 11:00,0
2026-07-15 11:40,0
2026-07-15 12:15,0
2026-07-15 12:53,0
2026-07-16 12:05,0
2026-07-16 12:15,0
2026-07-16 12:30,0
2026-07-16 13:15,2.47
2026-07-16 13:30,2.47
2026-07-16 13:45,2.55
2026-07-16 14:20,2.63
2026-07-16 14:35,2.63
2026-07-16 14:45,2.63
2026-07-16 15:00,2.63
2026-07-16 15:35,2.55
2026-07-16 16:03,2.38
2026-07-16 16:21,2.47
2026-07-16 16:50,2.47
2026-07-16 17:00,2.55
2026-07-16 17:15,2.55
2026-07-16 17:50,2.63
2026-07-16 18:00,2.55
2026-07-16 18:15,2.63
2026-07-16 19:01,2.63
2026-07-16 19:35,2.63
2026-07-16 19:45,2.63
2026-07-16 20:00,2.63
2026-07-16 20:15,2.63
2026-07-16 20:30,2.72
2026-07-16 20:45,2.72
2026-07-16 21:15,2.72
2026-07-16 21:30,2.72
2026-07-16 21:45,2.72
2026-07-16 22:35,2.72
2026-07-16 22:54,2.72
2026-07-16 23:20,2.8
2026-07-16 23:56,2.8
2026-07-17 00:15,2.8
2026-07-17 00:30,2.72
2026-07-17 00:45,2.72
2026-07-17 01:22,2.72
2026-07-17 01:30,2.72
2026-07-17 01:45,2.72
2026-07-17 02:22,2.72
2026-07-17 02:30,2.72
2026-07-17 02:45,2.72
2026-07-17 03:00,2.72
2026-07-17 03:15,2.8
2026-07-17 03:30,2.8
2026-07-17 03:45,2.8
2026-07-17 04:00,2.72
2026-07-17 04:15,2.8
2026-07-17 04:52,2.8
2026-07-17 05:00,2.8
2026-07-17 05:30,2.72
2026-07-17 06:08,2.8
2026-07-17 06:15,2.8
2026-07-17 06:45,2.8
2026-07-17 07:00,2.8
2026-07-17 07:30,2.8
2026-07-17 07:45,2.8
2026-07-17 08:21,2.89
2026-07-17 08:37,2.89
2026-07-17 08:52,2.89
2026-07-17 09:00,2.89
2026-07-17 09:45,2.8
2026-07-17 10:00,2.8
2026-07-17 10:15,2.8
2026-07-17 10:51,2.8
2026-07-17 11:15,2.72
2026-07-17 11:30,2.72
2026-07-17 11:45,2.72
2026-07-17 12:15,3.62
2026-07-17 12:30,3.62
2026-07-17 12:45,3.71
2026-07-17 13:00,3.71
2026-07-17 13:15,3.62
2026-07-17 13:30,3.62
2026-07-17 14:15,3.62
2026-07-17 14:51,3.34
2026-07-17 15:22,3.06
2026-07-17 15:30,3.15
2026-07-17 16:07,3.15
2026-07-17 16:15,3.15
2026-07-17 16:45,3.24
2026-07-17 17:00,3.24
2026-07-17 17:15,3.24
2026-07-17 17:30,3.15
2026-07-17 18:00,3.15
2026-07-17 18:15,3.43
2026-07-17 18:49,3.24
2026-07-17 19:06,3.24
2026-07-17 19:15,3.15
2026-07-17 19:30,3.15
2026-07-17 20:00,3.06
2026-07-17 20:15,3.06
2026-07-17 20:30,3.06
2026-07-17 20:45,2.98
2026-07-17 21:15,2.89
2026-07-17 21:30,2.89
2026-07-17 23:00,2.89
2026-07-17 23:15,2.8
2026-07-17 23:30,2.8
2026-07-17 23:45,2.72
2026-07-18 00:00,2.72
2026-07-18 00:36,2.72
2026-07-18 00:45,2.72
2026-07-18 01:00,2.72
2026-07-18 01:15,2.72
2026-07-18 01:30,2.72
2026-07-18 02:46,2.63
2026-07-18 03:21,2.72
2026-07-18 03:30,2.72
2026-07-18 03:45,2.63
2026-07-18 04:00,2.63
2026-07-18 04:34,2.63
2026-07-18 05:15,2.63
2026-07-18 05:50,2.63
2026-07-18 06:17,2.63
2026-07-18 06:51,2.72
2026-07-18 07:00,2.63
2026-07-18 07:15,2.63
2026-07-18 07:52,2.72
2026-07-18 08:21,2.63
2026-07-18 08:30,2.8
2026-07-18 08:45,2.8
2026-07-18 09:00,2.8
2026-07-18 09:15,2.8
2026-07-18 09:30,2.89
2026-07-18 10:05,2.89
2026-07-18 10:15,2.89
2026-07-18 10:45,2.72
2026-07-18 11:00,2.72
2026-07-18 11:15,2.63
2026-07-18 11:30,0.93
2026-07-18 12:00,0
2026-07-18 12:15,0
2026-07-18 12:30,0
2026-07-18 12:45,0
2026-07-18 13:00,0
2026-07-18 13:15,0
2026-07-18 13:30,0
2026-07-18 14:06,0
2026-07-18 14:15,0
2026-07-18 14:51,0
2026-07-18 15:00,0
2026-07-18 15:15,0
2026-07-18 15:51,0
2026-07-18 16:22,0
2026-07-18 16:30,0
2026-07-18 16:45,0
2026-07-18 17:00,0
2026-07-18 17:37,0
2026-07-18 17:45,0
2026-07-18 18:00,0
2026-07-18 18:30,0
2026-07-18 18:45,0
2026-07-18 19:00,0
2026-07-18 19:36,0
2026-07-18 19:51,0
2026-07-18 20:00,0
2026-07-18 20:15,0
2026-07-18 20:30,0
2026-07-18 20:45,0
2026-07-18 21:00,0
2026-07-18 21:15,0
2026-07-18 21:30,0
2026-07-18 21:45,0
2026-07-18 22:00,0
2026-07-18 22:36,0
2026-07-18 23:37,0
2026-07-18 23:45,0
2026-07-19 00:00,0
2026-07-19 00:15,0
2026-07-19 00:30,0
2026-07-19 01:00,0
2026-07-19 01:15,0
2026-07-19 01:30,0
2026-07-19 01:45,0
2026-07-19 02:00,0
2026-07-19 02:15,0
2026-07-19 02:50,0
2026-07-19 03:16,0
2026-07-19 03:30,0
2026-07-19 03:45,0
2026-07-19 04:00,0
2026-07-19 04:30,0
2026-07-19 05:00,0
2026-07-19 05:35,0
2026-07-19 05:45,0
2026-07-19 06:00,0
2026-07-19 06:15,0
2026-07-19 06:45,0
2026-07-19 07:00,0
2026-07-19 07:30,0
2026-07-19 08:00,0
2026-07-19 08:15,0
2026-07-19 08:45,0
2026-07-19 09:00,0
2026-07-19 09:15,0
2026-07-19 09:30,0
2026-07-19 09:45,0
2026-07-19 10:00,0
2026-07-19 10:15,0
2026-07-19 10:30,0
2026-07-19 11:06,0
2026-07-19 11:15,0
2026-07-19 11:30,0
2026-07-19 11:45,0
2026-07-19 12:15,0
2026-07-19 12:30,0
2026-07-19 13:00,0
2026-07-19 13:15,0
2026-07-19 13:30,0
2026-07-19 13:45,0
2026-07-19 14:00,0
2026-07-19 14:45,0
2026-07-19 16:01,0
2026-07-19 16:15,0
2026-07-19 16:30,0
2026-07-19 17:10,0
2026-07-19 17:15,0
2026-07-19 17:30,0
2026-07-19 18:07,0
2026-07-19 18:15,0
2026-07-19 18:30,0
2026-07-19 18:45,0
2026-07-19 19:23,0
2026-07-19 19:45,0
2026-07-19 20:15,0
2026-07-19 20:30,0
2026-07-19 20:45,0
2026-07-19 21:15,0
2026-07-19 21:30,0
2026-07-19 22:00,0
2026-07-19 22:15,0
2026-07-19 22:30,0
2026-07-19 22:45,0
2026-07-19 23:15,0
2026-07-19 23:54,0
2026-07-20 00:00,0
2026-07-20 00:15,0
2026-07-20 01:30,0
2026-07-20 01:45,0
2026-07-20 02:00,0
2026-07-20 02:15,0
2026-07-20 02:30,0
2026-07-20 02:45,0
2026-07-20 03:00,0
2026-07-20 03:30,0
2026-07-20 03:45,0
2026-07-20 04:00,0
2026-07-20 04:15,0
2026-07-20 04:56,0
2026-07-20 05:23,0
2026-07-20 05:56,0
2026-07-20 06:15,0
2026-07-20 06:30,0
2026-07-20 06:45,0
2026-07-20 07:00,0
2026-07-20 07:39,0
2026-07-20 07:45,0
2026-07-20 08:00,0
2026-07-20 08:15,0
2026-07-20 08:30,0
2026-07-20 09:00,0
2026-07-20 09:30,0
2026-07-20 09:45,0
2026-07-20 10:00,0
2026-07-20 10:15,0
2026-07-20 10:58,0
2026-07-20 11:45,0
2026-07-20 12:15,0
2026-07-20 12:30,0
2026-07-20 13:00,0
2026-07-20 14:08,0
2026-07-20 14:30,0
2026-07-20 14:45,0
2026-07-20 15:00,0
2026-07-20 16:15,0
2026-07-20 16:56,0
2026-07-20 17:00,0
2026-07-20 17:15,0
2026-07-20 17:30,0
2026-07-20 18:00,0
2026-07-20 18:15,0
2026-07-20 18:30,0
2026-07-20 19:15,0
2026-07-20 19:30,0
2026-07-20 20:12,0
2026-07-20 20:15,0
2026-07-20 20:45,0
2026-07-20 21:00,0
2026-07-20 21:15,0
2026-07-20 21:30,0
2026-07-20 21:45,0
2026-07-20 22:15,0
2026-07-20 22:30,0
2026-07-20 22:45,0
2026-07-20 23:30,0
2026-07-20 23:45,0
2026-07-21 00:00,0
2026-07-21 00:15,0
2026-07-21 00:30,0
2026-07-21 01:13,0
2026-07-21 01:15,0
2026-07-21 01:30,0
2026-07-21 01:45,0
2026-07-21 02:00,0
2026-07-21 02:44,0
2026-07-21 02:45,0
2026-07-21 03:00,0
2026-07-21 03:15,0
2026-07-21 03:30,0
2026-07-21 03:45,0
2026-07-21 04:00,0
2026-07-21 04:15,0
2026-07-21 04:30,0
2026-07-21 05:13,0
2026-07-21 05:15,0
2026-07-21 05:30,0
2026-07-21 06:12,0
2026-07-21 06:15,0
2026-07-21 06:30,0
2026-07-21 06:45,0
2026-07-21 07:00,0
2026-07-21 07:15,0
2026-07-21 07:45,0
2026-07-21 08:15,0
2026-07-21 08:56,0
2026-07-21 09:00,0
2026-07-21 09:15,0
2026-07-21 09:58,0
2026-07-21 10:43,0
2026-07-21 10:45,0
2026-07-21 11:28,0
2026-07-21 11:30,0
2026-07-21 11:45,0
2026-07-21 12:14,0
2026-07-21 12:15,0
2026-07-21 12:30,0
2026-07-21 12:45,0
2026-07-21 13:44,0
2026-07-21 13:45,0
2026-07-21 14:28,0
2026-07-21 14:30,0
2026-07-21 14:42,0
2026-07-21 15:00,0
2026-07-21 15:42,0
2026-07-21 15:59,0
2026-07-21 16:00,0
2026-07-21 16:28,0
2026-07-21 16:30,0
2026-07-21 17:26,0
2026-07-21 17:30,0
2026-07-21 17:45,0
2026-07-21 18:00,0
2026-07-21 18:15,0
2026-07-21 18:30,0
2026-07-21 18:45,0
2026-07-21 19:00,0
2026-07-21 20:01,0
2026-07-21 20:26,0
2026-07-21 20:30,0
2026-07-21 21:15,0
2026-07-21 21:30,0
2026-07-21 21:58,0
2026-07-21 22:00,0
2026-07-21 22:43,0
2026-07-21 22:45,0
2026-07-21 23:15,0
2026-07-21 23:45,0
2026-07-22 00:13,0
2026-07-22 00:30,0
2026-07-22 00:59,0
2026-07-22 01:30,0
2026-07-22 01:45,0
2026-07-22 02:15,0
2026-07-22 02:43,0
2026-07-22 02:45,0
2026-07-22 03:30,0
2026-07-22 04:00,0
2026-07-22 04:15,0
2026-07-22 04:18,0
2026-07-22 05:02,0
2026-07-22 05:15,0
2026-07-22 05:45,0
2026-07-22 06:00,0
2026-07-22 06:28,0
2026-07-22 07:47,0
2026-07-22 08:00,0
2026-07-22 08:30,0
2026-07-22 08:45,0
2026-07-22 09:19,0
2026-07-22 10:02,0
2026-07-22 10:18,0
2026-07-22 10:33,0
2026-07-22 10:48,0
2026-07-22 11:03,0
2026-07-22 11:15,0
2026-07-22 11:45,0
2026-07-22 12:00,0
2026-07-22 12:15,0
2026-07-22 12:30,0
2026-07-22 12:45,0
2026-07-22 13:00,0
2026-07-22 13:48,0
2026-07-22 14:00,0
2026-07-22 14:30,0.25
2026-07-22 14:45,0.25
2026-07-22 15:57,0.36
2026-07-22 16:00,0.32
2026-07-22 16:15,0.32
2026-07-22 16:45,0.32
2026-07-22 17:00,0.04
2026-07-22 17:15,0
2026-07-22 17:30,0
2026-07-22 18:00,0
2026-07-22 18:15,0
2026-07-22 18:30,0
2026-07-22 19:17,0
2026-07-22 19:30,0
2026-07-22 20:15,0
2026-07-22 20:30,0
2026-07-22 21:03,0
2026-07-22 21:15,0
2026-07-22 21:59,0
2026-07-22 22:15,0
2026-07-22 22:16,0
2026-07-22 22:30,0
2026-07-22 23:01,0
2026-07-22 23:15,0
2026-07-22 23:58,0
2026-07-23 00:00,0
2026-07-23 00:30,0
2026-07-23 00:45,0
2026-07-23 01:00,0
2026-07-23 01:15,0
2026-07-23 01:30,0
2026-07-23 02:04,0
2026-07-23 02:30,0
2026-07-23 02:45,0
2026-07-23 03:00,0
2026-07-23 03:15,0
2026-07-23 03:30,0
2026-07-23 03:45,0
2026-07-23 04:00,0
2026-07-23 04:30,0
2026-07-23 04:45,0
2026-07-23 05:15,0
2026-07-23 06:04,0
2026-07-23 06:30,0
2026-07-23 07:03,0
2026-07-23 07:15,0
2026-07-23 07:30,0
2026-07-23 07:45,0
2026-07-23 08:00,0
2026-07-23 08:30,0
2026-07-23 10:00,0
2026-07-23 10:15,0
2026-07-23 10:45,0
2026-07-23 11:00,0
2026-07-23 11:15,0
2026-07-23 12:05,0
2026-07-23 12:15,0
2026-07-23 12:30,0
2026-07-23 13:00,0
2026-07-23 13:15,0
2026-07-23 14:12,0
2026-07-23 14:15,0
2026-07-23 14:30,0
2026-07-23 15:15,0
2026-07-23 16:20,0
2026-07-23 16:30,0
2026-07-23 17:21,0
2026-07-23 17:30,0
2026-07-23 18:00,0
2026-07-23 18:15,0
2026-07-23 18:30,0
2026-07-23 18:45,0
2026-07-23 19:00,0
2026-07-23 19:46,0
2026-07-23 20:23,0
2026-07-23 20:30,0
2026-07-23 21:08,0
2026-07-23 21:47,0
2026-07-23 22:05,0
2026-07-23 22:15,0
2026-07-23 22:30,0
2026-07-23 22:45,0
2026-07-23 23:00,0
2026-07-23 23:15,0
2026-07-24 00:58,0
2026-07-24 01:00,0
2026-07-24 01:15,0
2026-07-24 01:45,0
2026-07-24 02:00,0
2026-07-24 02:37,0
2026-07-24 02:45,0
2026-07-24 03:00,0
2026-07-24 03:38,0
2026-07-24 03:45,0
2026-07-24 04:21,0
2026-07-24 04:30,0
2026-07-24 05:00,0
2026-07-24 05:15,0
2026-07-24 05:51,0
2026-07-24 06:18,0
2026-07-24 06:45,0
2026-07-24 07:00,0
2026-07-24 07:15,0
2026-07-24 07:30,0
2026-07-24 07:45,0
2026-07-24 08:00,0
2026-07-24 08:15,0
2026-07-24 09:04,0
2026-07-24 09:22,0
2026-07-24 10:00,0
2026-07-24 10:15,0
2026-07-24 10:30,0
2026-07-24 10:45,0
2026-07-24 11:23,0
2026-07-24 11:30,0
2026-07-24 11:45,0
2026-07-24 12:21,0
2026-07-24 12:37,0
2026-07-24 12:45,0
2026-07-24 13:00,0
2026-07-24 13:39,0
2026-07-24 14:06,0
2026-07-24 14:30,0
2026-07-24 15:36,0
2026-07-24 16:05,0
2026-07-24 16:15,0
2026-07-24 16:30,0
2026-07-24 16:45,0
2026-07-24 17:00,0
2026-07-24 17:30,0
2026-07-24 17:45,0
2026-07-24 18:20,0
2026-07-24 18:30,0
2026-07-24 18:45,0
2026-07-24 19:00,0
2026-07-24 19:15,0
2026-07-24 19:30,0
2026-07-24 20:05,0
2026-07-24 20:36,0
2026-07-24 21:06,0
2026-07-24 21:15,0
2026-07-24 21:49,0
2026-07-24 22:05,0
2026-07-24 22:15,0
2026-07-25 00:14,0
2026-07-25 00:15,0
2026-07-25 00:30,0
2026-07-25 01:00,0
2026-07-25 01:15,0
2026-07-25 01:50,0
2026-07-25 02:00,0
2026-07-25 02:34,0
2026-07-25 02:45,0
2026-07-25 03:00,0
2026-07-25 03:15,0
2026-07-25 03:45,0
2026-07-25 04:00,0
2026-07-25 04:35,0
2026-07-25 04:45,0
2026-07-25 05:00,0
2026-07-25 05:15,0
2026-07-25 05:45,0
2026-07-25 06:00,0
2026-07-25 06:30,0
2026-07-25 06:45,0
2026-07-25 07:20,0
2026-07-25 07:30,0
2026-07-25 07:45,0
2026-07-25 08:00,0
2026-07-25 08:30,0
2026-07-25 09:00,0
2026-07-25 09:15,0
2026-07-25 09:30,0
2026-07-25 09:45,0
2026-07-25 10:15,0
2026-07-25 10:30,0
2026-07-25 11:00,0
2026-07-25 11:15,0
2026-07-25 11:30,0
2026-07-25 11:45,0
2026-07-25 12:00,0
2026-07-25 12:15,0
2026-07-25 13:05,0
2026-07-25 13:45,0
2026-07-25 14:00,0
2026-07-25 14:15,0
2026-07-25 14:30,0
2026-07-25 14:45,0
2026-07-25 15:00,0
2026-07-25 15:30,0
2026-07-25 15:45,0
2026-07-25 16:23,0
2026-07-25 16:30,0
2026-07-25 16:45,0
2026-07-25 17:00,0
2026-07-25 17:30,0
2026-07-25 17:45,0
2026-07-25 18:00,0
2026-07-25 18:15,0
2026-07-25 18:30,0
2026-07-25 18:45,0
2026-07-25 19:15,0
2026-07-25 19:30,0
2026-07-25 19:45,0
2026-07-25 20:00,0
2026-07-25 20:15,0
2026-07-25 20:30,0
2026-07-25 20:45,0
2026-07-25 21:23,0
2026-07-25 21:30,0
2026-07-25 22:08,0
2026-07-25 22:15,0
2026-07-25 22:53,0
2026-07-25 23:00,0
2026-07-25 23:15,0
2026-07-25 23:30,0
2026-07-25 23:45,0
2026-07-26 00:00,0
2026-07-26 00:38,0
2026-07-26 00:45,0
2026-07-26 01:15,0
2026-07-26 01:30,0
2026-07-26 01:45,0
2026-07-26 02:00,0
2026-07-26 02:15,0
2026-07-26 02:45,0
2026-07-26 03:00,0
2026-07-26 03:15,0
2026-07-26 03:30,0
2026-07-26 03:45,0
2026-07-26 04:22,0
2026-07-26 04:30,0
2026-07-26 04:45,0
2026-07-26 05:00,0
2026-07-26 05:38,0
2026-07-26 05:45,0
2026-07-26 06:00,0
2026-07-26 06:30,0
2026-07-26 06:45,0
2026-07-26 07:00,0
2026-07-26 07:15,0
2026-07-26 07:30,0
2026-07-26 08:15,0
2026-07-26 09:15,0
2026-07-26 09:30,0
2026-07-26 09:45,0
2026-07-26 10:15,0
2026-07-26 10:30,0
2026-07-26 10:45,0
2026-07-26 11:00,0
2026-07-26 11:15,0
2026-07-26 11:30,0
2026-07-26 11:45,0
2026-07-26 12:15,0
2026-07-26 12:30,0
2026-07-26 13:00,0
2026-07-26 13:15,0
2026-07-26 14:18,0
2026-07-26 14:30,0
2026-07-26 15:24,0
2026-07-26 15:45,0
2026-07-26 16:00,0
2026-07-26 16:15,0
2026-07-26 16:45,0
2026-07-26 17:25,0
2026-07-26 17:30,0
2026-07-26 18:10,0
2026-07-26 18:15,0
2026-07-26 18:30,0
2026-07-26 19:00,0
2026-07-26 19:40,0
2026-07-26 19:45,0
2026-07-26 20:15,0
2026-07-26 20:54,0
2026-07-26 21:00,0
2026-07-26 21:15,0
2026-07-26 21:30,0
2026-07-26 22:45,0
2026-07-26 23:37,0
2026-07-26 23:45,0
2026-07-27 00:00,0
2026-07-27 00:38,0
2026-07-27 00:45,0
2026-07-27 01:00,0
2026-07-27 02:03,0
2026-07-27 02:15,0
2026-07-27 02:30,0
2026-07-27 02:45,0
2026-07-27 03:00,0
2026-07-27 03:15,0
2026-07-27 03:30,0
2026-07-27 04:08,0
2026-07-27 04:15,0
2026-07-27 04:30,0
2026-07-27 04:45,0
2026-07-27 05:00,0
2026-07-27 05:15,0
2026-07-27 05:30,0
2026-07-27 05:45,0
2026-07-27 06:00,0
2026-07-27 06:15,0
2026-07-27 06:30,0
2026-07-27 06:45,0
2026-07-27 07:00,0
2026-07-27 07:15,0
2026-07-27 07:45,0
2026-07-27 08:15,0
2026-07-27 08:30,0
2026-07-27 08:45,0
2026-07-27 09:00,0
2026-07-27 09:15,0
2026-07-27 09:30,0
2026-07-27 09:45,0
2026-07-27 10:00,0
2026-07-27 10:15,0
2026-07-27 10:30,0
2026-07-27 10:45,0
2026-07-27 11:00,0
2026-07-27 11:15,0
2026-07-27 11:45,0
2026-07-27 12:00,0
2026-07-27 12:15,0
2026-07-27 12:30,0
2026-07-27 13:00,0
2026-07-27 14:10,0
2026-07-27 14:15,0
2026-07-27 14:30,0
2026-07-27 15:35,0
2026-07-27 15:45,0
2026-07-27 16:00,0
2026-07-27 16:15,0
2026-07-27 16:30,0
2026-07-27 16:45,0
2026-07-27 17:40,0
2026-07-27 17:45,0
2026-07-27 18:15,0
2026-07-27 18:30,0
2026-07-27 19:00,0
2026-07-27 19:15,0
2026-07-27 19:30,0
2026-07-27 20:10,0
2026-07-27 20:15,0
2026-07-27 20:30,0
2026-07-27 21:08,0
2026-07-27 21:30,0
2026-07-27 21:45,0
2026-07-27 22:00,0
2026-07-27 22:45,0
2026-07-27 23:30,0
2026-07-27 23:45,0
2026-07-28 00:23,0
2026-07-28 00:30,0
2026-07-28 00:45,0
2026-07-28 01:00,0
2026-07-28 01:15,0
2026-07-28 01:30,0
2026-07-28 01:45,0
2026-07-28 02:00,0
2026-07-28 02:30,0
2026-07-28 02:45,0
2026-07-28 03:00,0
2026-07-28 03:15,0
2026-07-28 04:05,0
2026-07-28 04:52,0
2026-07-28 05:36,0
2026-07-28 05:45,0
2026-07-28 06:00,0
2026-07-28 06:15,0
2026-07-28 06:30,0
2026-07-28 07:07,0
2026-07-28 07:21,0
2026-07-28 07:30,0
2026-07-28 07:45,0
2026-07-28 08:00,0
2026-07-28 08:15,0
2026-07-28 08:30,0
2026-07-28 08:45,0
2026-07-28 09:24,0
2026-07-28 09:30,0
2026-07-28 09:45,0
2026-07-28 10:15,0
2026-07-28 10:55,0
2026-07-28 11:37,0
2026-07-28 12:45,0
2026-07-28 13:00,0
2026-07-28 13:30,0
2026-07-28 13:45,0
2026-07-28 14:19,0
2026-07-28 14:35,0
2026-07-28 14:51,0
2026-07-28 15:00,0
2026-07-28 16:45,0
2026-07-29 08:45,0
2026-07-29 09:00,0
2026-07-29 09:30,0
2026-07-29 09:36,0
2026-07-29 09:45,0
2026-07-29 10:00,0
2026-07-29 10:35,0
2026-07-29 10:45,0
2026-07-29 11:00,0
2026-07-29 11:15,0
2026-07-29 11:50,0
2026-07-29 12:00,0
2026-07-29 12:47,0
2026-07-29 13:00,0
2026-07-29 13:07,0
2026-07-29 13:15,0
2026-07-29 13:30,0
2026-07-29 14:06,0
2026-07-29 14:15,0
2026-07-29 15:15,0
2026-07-29 15:52,0
2026-07-29 16:00,0
2026-07-29 16:15,0
2026-07-29 16:30,0
2026-07-29 17:00,0
2026-07-29 17:15,0
2026-07-29 17:30,0
2026-07-29 17:45,0
2026-07-29 18:21,0
2026-07-29 18:36,0
2026-07-29 18:45,0
2026-07-29 19:00,0
2026-07-29 19:15,0
2026-07-29 19:30,0
2026-07-29 19:45,0
2026-07-29 20:15,0
2026-07-29 20:30,0
2026-07-29 20:45,0
2026-07-29 21:34,0
2026-07-29 22:06,0
2026-07-29 22:15,0
2026-07-29 22:30,0
2026-07-29 23:05,0
2026-07-29 23:15,0
2026-07-29 23:45,0
2026-07-30 00:00,0
2026-07-30 00:15,0
2026-07-30 00:51,0
2026-07-30 01:00,0
2026-07-30 01:15,0
2026-07-30 01:51,0
2026-07-30 02:00,0
2026-07-30 02:15,0
2026-07-30 02:30,0
2026-07-30 03:00,0
2026-07-30 03:30,0
2026-07-30 03:45,0
2026-07-30 04:00,0
2026-07-30 04:30,0
2026-07-30 04:45,0
2026-07-30 05:00,0
2026-07-30 05:15,0
2026-07-30 05:30,0
2026-07-30 05:45,0
2026-07-30 06:20,0
2026-07-30 06:30,0
2026-07-30 07:05,0
2026-07-30 07:32,0
2026-07-30 08:30,0
2026-07-30 08:45,0
2026-07-30 09:00,0
2026-07-30 09:34,0
2026-07-30 09:45,0
2026-07-30 10:00,0
2026-07-30 10:30,0
2026-07-30 11:00,0
2026-07-30 11:15,0
2026-07-30 11:30,0
2026-07-30 11:45,0
2026-07-30 12:00,0
2026-07-30 12:15,0
2026-07-30 12:30,0
2026-07-30 13:00,0
2026-07-30 13:15,0
2026-07-30 13:30,0
2026-07-30 13:45,0
2026-07-30 14:00,0
2026-07-30 14:15,0
2026-07-30 14:30,0
2026-07-30 14:45,0
2026-07-30 15:00,0
2026-07-30 15:37,0
2026-07-30 15:45,0
2026-07-30 17:00,0
2026-07-30 17:15,0
2026-07-30 17:30,0
2026-07-30 17:45,0
2026-07-30 18:35,0
2026-07-30 18:45,0
2026-07-30 19:00,0
2026-07-30 19:30,0
2026-07-30 19:45,0
2026-07-30 20:19,0
2026-07-30 20:30,0
2026-07-30 20:45,0
2026-07-30 21:15,0
2026-07-30 21:30,0
2026-07-30 22:00,0
2026-07-30 22:15,0
2026-07-30 22:30,0
2026-07-30 23:00,0
2026-07-31 00:06,0
2026-07-31 00:15,0
2026-07-31 00:30,0
2026-07-31 00:45,0
2026-07-31 01:19,0
2026-07-31 01:30,0
2026-07-31 02:45,0
2026-07-31 03:21,0
2026-07-31 03:30,0
2026-07-31 04:07,0
2026-07-31 04:15,0
2026-07-31 04:45,0
2026-07-31 05:00,0
2026-07-31 05:36,0
2026-07-31 05:45,0
2026-07-31 06:15,0
2026-07-31 06:30,0
2026-07-31 06:45,0
2026-07-31 07:00,0
2026-07-31 07:30,0
2026-07-31 08:04,0
2026-07-31 08:37,0
2026-07-31 08:45,0
2026-07-31 09:19,0
2026-07-31 09:30,0
2026-07-31 09:45,0
2026-07-31 10:00,0
2026-07-31 10:15,0
2026-07-31 10:53,0
2026-07-31 11:30,0
2026-07-31 11:45,0
2026-07-31 12:00,0
2026-07-31 12:15,0
2026-07-31 13:20,0
2026-07-31 13:30,0
2026-07-31 13:45,0
2026-07-31 14:00,0
2026-07-31 14:30,0
2026-07-31 15:10,0
2026-07-31 15:26,0
2026-07-31 15:30,0
2026-07-31 15:45,0
2026-07-31 16:30,0
2026-07-31 16:45,0
2026-07-31 17:00,0
2026-07-31 17:15,0
2026-07-31 17:30,0
2026-07-31 18:09,0
2026-07-31 18:15,0
2026-07-31 18:30,0
2026-07-31 18:45,0
2026-07-31 19:00,0
2026-07-31 19:30,0
2026-07-31 20:09,0
2026-07-31 20:15,0
2026-07-31 20:30,0
2026-07-31 21:00,0
2026-07-31 21:15,0
2026-07-31 21:45,0
2026-07-31 22:00,0
2026-07-31 22:15,0
2026-07-31 22:55,0
2026-07-31 23:00,0
2026-07-31 23:15,0
2026-07-31 23:55,0
2026-08-01 00:00,0
2026-08-01 00:15,0
2026-08-01 00:30,0
2026-08-01 00:45,0
2026-08-01 01:00,0
2026-08-01 01:15,0
2026-08-01 01:30,0
2026-08-01 03:15,0
2026-08-01 03:30,0
2026-08-01 03:45,0
2026-08-01 04:00,0
2026-08-01 04:15,0
2026-08-01 04:30,0
2026-08-01 04:45,0
2026-08-01 05:30,0
2026-08-01 05:45,0
2026-08-01 06:00,0
2026-08-01 06:15,0
2026-08-01 06:30,0
2026-08-01 07:00,0
2026-08-01 07:38,0
2026-08-01 07:54,0
2026-08-01 08:30,0
2026-08-01 08:45,0
2026-08-01 09:00,0
2026-08-01 09:15,0
2026-08-01 09:30,0
2026-08-01 09:45,0
2026-08-01 10:00,0
2026-08-01 10:15,0
2026-08-01 10:30,0
2026-08-01 10:45,0
2026-08-01 11:00,0
2026-08-01 11:15,0
2026-08-01 11:30,0
2026-08-01 12:11,0
2026-08-01 12:15,0
2026-08-01 12:30,0
2026-08-01 12:45,0
2026-08-01 13:00,0
2026-08-01 13:15,0
2026-08-01 13:30,0
2026-08-01 13:45,0
2026-08-01 14:00,0
2026-08-01 14:15,0
2026-08-01 14:30,0
2026-08-01 14:45,0
2026-08-01 15:00,0
2026-08-01 15:15,0
2026-08-01 15:30,0
2026-08-01 15:45,0
2026-08-01 16:00,0
2026-08-01 16:38,0
2026-08-01 16:45,0
2026-08-01 17:00,0
2026-08-01 18:08,0
2026-08-01 18:15,0
2026-08-01 19:19,0
2026-08-01 19:30,0
2026-08-01 19:45,0
2026-08-01 20:00,0
2026-08-01 20:15,0
2026-08-01 20:30,0
2026-08-01 20:45,0
2026-08-01 21:23,0
2026-08-01 21:30,0
2026-08-01 21:45,0
2026-08-01 23:08,0
2026-08-01 23:15,0
2026-08-01 23:53,0
2026-08-02 00:00,0
2026-08-02 00:39,0
2026-08-02 00:45,0
2026-08-02 01:00,0
2026-08-02 01:15,0
2026-08-02 01:30,0
2026-08-02 01:45,0
2026-08-02 02:00,0
2026-08-02 02:15,0
2026-08-02 02:51,0
2026-08-02 03:08,0
2026-08-02 03:38,0
2026-08-02 03:45,0
2026-08-02 04:00,0
2026-08-02 04:30,0
2026-08-02 04:45,0
2026-08-02 05:00,0
2026-08-02 05:15,0
2026-08-02 05:45,0
2026-08-02 06:00,0
2026-08-02 06:15,0
2026-08-02 06:30,0
2026-08-02 07:15,0
2026-08-02 07:45,0
2026-08-02 08:15,0
2026-08-02 08:30,0
2026-08-02 09:08,0
2026-08-02 09:30,0
2026-08-02 10:10,0
2026-08-02 10:15,0
2026-08-02 10:45,0
2026-08-02 11:00,0
2026-08-02 11:41,0
2026-08-02 11:55,0
2026-08-02 12:00,0
2026-08-02 12:30,0
2026-08-02 12:45,0
2026-08-02 13:00,0
2026-08-02 13:15,0
2026-08-02 13:30,0
2026-08-02 13:45,0
2026-08-02 14:00,0
2026-08-02 14:15,0
2026-08-02 14:30,0
2026-08-02 14:45,0
2026-08-02 15:00,0
2026-08-02 16:07,0
2026-08-02 16:27,0
2026-08-02 16:30,0
2026-08-02 17:00,0
2026-08-02 17:41,0
2026-08-02 18:00,0
2026-08-02 18:15,0
2026-08-02 18:45,0
2026-08-02 19:26,0
2026-08-02 19:52,0
2026-08-02 20:00,0
2026-08-02 20:15,0
2026-08-02 20:55,0
2026-08-02 21:15,0
2026-08-02 21:30,0
2026-08-02 22:11,0
2026-08-02 22:15,0
2026-08-02 22:45,0
2026-08-02 23:24,0
2026-08-02 23:30,0
2026-08-02 23:45,0
2026-08-03 00:35,0
2026-08-03 00:45,0
2026-08-03 01:00,0
2026-08-03 01:15,0
2026-08-03 01:45,0
2026-08-03 02:15,0
2026-08-03 02:45,0
2026-08-03 03:25,0
2026-08-03 04:24,0
2026-08-03 04:57,0
2026-08-03 05:00,0
2026-08-03 05:15,0
2026-08-03 05:55,0
2026-08-03 06:00,0
2026-08-03 06:15,0
2026-08-03 06:45,0
