timestamp,discharge_cfs
2026-03-01 00:15,0
2026-03-01 00:59,0
2026-03-01 01:00,0
2026-03-01 01:30,0
2026-03-01 01:45,0
2026-03-01 02:15,0
2026-03-01 02:30,0
2026-03-01 03:00,0
2026-03-01 03:15,0
2026-03-01 03:45,0
2026-03-01 04:00,0
2026-03-01 04:30,0
2026-03-01 05:00,0
2026-03-01 05:15,0
2026-03-01 05:45,0
2026-03-01 06:15,0
2026-03-01 06:30,0
2026-03-01 08:18,0
2026-03-01 08:30,0
2026-03-01 09:00,0
2026-03-01 09:30,0
2026-03-01 09:45,0
2026-03-01 10:00,0
2026-03-01 10:30,0
2026-03-01 10:45,0
2026-03-01 11:15,0
2026-03-01 11:30,0
2026-03-01 12:00,0
2026-03-01 12:15,0
2026-03-01 12:45,0
2026-03-01 13:00,0
2026-03-01 13:57,0
2026-03-01 14:15,0
2026-03-01 14:45,0
2026-03-01 15:00,0
2026-03-01 15:30,0
2026-03-01 15:45,0
2026-03-01 16:15,0
2026-03-01 16:45,0
2026-03-01 17:00,0
2026-03-01 17:30,0
2026-03-01 17:45,0
2026-03-01 18:15,0
2026-03-01 18:45,0
2026-03-01 19:00,0
2026-03-01 19:30,0
2026-03-01 20:00,0
2026-03-01 20:15,0
2026-03-01 20:45,0
2026-03-01 21:00,0
2026-03-01 21:30,0
2026-03-01 22:00,0
2026-03-01 22:15,0
2026-03-01 22:45,0
2026-03-01 23:00,0
2026-03-01 23:30,0
2026-03-01 23:45,0
2026-03-02 00:15,0
2026-03-02 00:45,0
2026-03-02 01:00,0
2026-03-02 01:30,0
2026-03-02 02:00,0
2026-03-02 02:15,0
2026-03-02 02:45,0
2026-03-02 03:32,0
2026-03-02 04:00,0
2026-03-02 04:15,0
2026-03-02 04:45,0
2026-03-02 05:15,0
2026-03-02 05:30,0
2026-03-02 06:00,0
2026-03-02 06:30,0
2026-03-02 06:45,0
2026-03-02 07:15,0
2026-03-02 07:30,0
2026-03-02 08:00,0
2026-03-02 08:30,0
2026-03-02 08:45,0
2026-03-02 09:15,0
2026-03-02 09:30,0
2026-03-02 10:00,0
2026-03-02 10:30,0
2026-03-02 11:00,0
2026-03-02 11:15,0
2026-03-02 11:45,0
2026-03-02 12:00,0
2026-03-02 12:30,0
2026-03-02 13:00,0
2026-03-02 13:15,0
2026-03-02 13:45,0
2026-03-02 14:00,0
2026-03-02 14:15,0
2026-03-02 14:45,0
2026-03-02 15:15,0
2026-03-02 15:45,0
2026-03-02 16:00,0
2026-03-02 16:30,0
2026-03-02 17:00,0
2026-03-02 17:15,0
2026-03-02 17:45,0
2026-03-02 18:00,0
2026-03-02 18:30,0
2026-03-02 18:45,0
2026-03-02 19:15,0
2026-03-02 19:45,0
2026-03-02 20:00,0
2026-03-02 20:30,0
2026-03-02 20:45,0
2026-03-02 21:15,0
2026-03-02 21:45,0
2026-03-02 22:15,0
2026-03-02 22:30,0
2026-03-02 23:00,0
2026-03-02 23:15,0
2026-03-02 23:45,0
2026-03-03 00:15,0
2026-03-03 00:45,0
2026-03-03 01:00,0
2026-03-03 01:30,0
2026-03-03 01:45,0
2026-03-03 02:00,0
2026-03-03 02:30,0
2026-03-03 03:00,0
2026-03-03 03:15,0
2026-03-03 03:45,0
2026-03-03 04:00,0
2026-03-03 04:30,0
2026-03-03 05:00,0
2026-03-03 05:15,0
2026-03-03 05:45,0
2026-03-03 06:15,0
2026-03-03 06:30,0
2026-03-03 07:40,0
2026-03-03 07:45,0
2026-03-03 08:00,0
2026-03-03 08:30,0
2026-03-03 08:45,0
2026-03-03 09:15,0
2026-03-03 09:30,0
2026-03-03 10:00,0
2026-03-03 10:15,0
2026-03-03 10:45,0
2026-03-03 11:00,0
2026-03-03 11:15,0
2026-03-03 11:45,0
2026-03-03 12:39,0
2026-03-03 13:00,0
2026-03-03 13:15,0
2026-03-03 13:45,0
2026-03-03 14:00,0
2026-03-03 14:30,0
2026-03-03 15:15,0
2026-03-03 15:45,0
2026-03-03 16:00,0
2026-03-03 16:30,0
2026-03-03 17:38,0
2026-03-03 18:00,0
2026-03-03 18:30,0
2026-03-03 18:45,0
2026-03-03 19:15,0
2026-03-03 19:30,0
2026-03-03 20:00,0
2026-03-03 20:30,0
2026-03-03 20:45,0
2026-03-03 21:00,0
2026-03-03 21:30,0
2026-03-03 22:00,0
2026-03-03 22:15,0
2026-03-03 22:45,0
2026-03-03 23:00,0
2026-03-03 23:30,0
2026-03-04 00:00,0
2026-03-04 00:15,0
2026-03-04 00:45,0
2026-03-04 01:15,0
2026-03-04 01:30,0
2026-03-04 02:00,0
2026-03-04 02:30,0
2026-03-04 02:45,0
2026-03-04 03:15,0
2026-03-04 03:45,0
2026-03-04 04:00,0
2026-03-04 04:30,0
2026-03-04 05:00,0
2026-03-04 05:15,0
2026-03-04 05:45,0
2026-03-04 06:15,0
2026-03-04 06:30,0
2026-03-04 07:00,0
2026-03-04 07:30,0
2026-03-04 07:45,0
2026-03-04 08:00,0
2026-03-04 08:30,0
2026-03-04 09:00,0
2026-03-04 09:15,0
2026-03-04 09:45,0
2026-03-04 10:00,0
2026-03-04 10:30,0
2026-03-04 10:45,0
2026-03-04 11:15,0
2026-03-04 11:30,0
2026-03-04 12:00,0
2026-03-04 12:30,0
2026-03-04 12:45,0
2026-03-04 13:15,0
2026-03-04 13:45,0
2026-03-04 14:00,0
2026-03-04 14:30,0
2026-03-04 15:00,0
2026-03-04 15:15,0
2026-03-04 15:45,0
2026-03-04 16:15,0
2026-03-04 16:30,0
2026-03-04 17:00,0
2026-03-04 17:30,0
2026-03-04 17:45,0
2026-03-04 18:15,0
2026-03-04 18:30,0
2026-03-04 19:00,0
2026-03-04 19:30,0
2026-03-04 20:00,0
2026-03-04 20:15,0
2026-03-04 20:45,0
2026-03-04 22:00,0
2026-03-04 22:30,0
2026-03-04 22:45,0
2026-03-04 23:15,0
2026-03-04 23:45,0
2026-03-05 00:00,0
2026-03-05 00:30,0
2026-03-05 01:00,0
2026-03-05 01:45,0
2026-03-05 02:00,0
2026-03-05 02:30,0
2026-03-05 02:45,0
2026-03-05 03:15,0
2026-03-05 03:45,0
2026-03-05 04:00,0
2026-03-05 04:30,0
2026-03-05 05:00,0
2026-03-05 05:51,0
2026-03-05 06:15,0
2026-03-05 06:30,0
2026-03-05 07:00,0
2026-03-05 07:30,0
2026-03-05 08:00,0
2026-03-05 08:15,0
2026-03-05 08:45,0
2026-03-05 09:15,0
2026-03-05 09:45,0
2026-03-05 10:00,0
2026-03-05 10:30,0
2026-03-05 10:45,0
2026-03-05 11:39,0
2026-03-05 12:00,0
2026-03-05 12:15,0
2026-03-05 12:45,0
2026-03-05 13:00,0
2026-03-05 13:30,0
2026-03-05 13:45,0
2026-03-05 14:15,0
2026-03-05 14:45,0
2026-03-05 15:00,0
2026-03-05 15:15,0
2026-03-05 15:45,0
2026-03-05 16:15,0
2026-03-05 16:45,0
2026-03-05 17:28,0
2026-03-05 17:30,0
2026-03-05 17:45,0
2026-03-05 18:15,0
2026-03-05 18:45,0
2026-03-05 19:00,0
2026-03-05 19:15,0
2026-03-05 19:45,0
2026-03-05 20:15,0
2026-03-05 20:45,0
2026-03-05 21:00,0
2026-03-05 21:30,0
2026-03-05 21:45,0
2026-03-05 23:19,0
2026-03-05 23:30,0
2026-03-05 23:45,0
2026-03-06 00:15,0
2026-03-06 00:30,0
2026-03-06 01:00,0
2026-03-06 01:44,0
2026-03-06 01:45,0
2026-03-06 02:15,0
2026-03-06 02:30,0
2026-03-06 03:00,0
2026-03-06 03:30,0
2026-03-06 03:45,0
2026-03-06 04:15,0
2026-03-06 04:30,0
2026-03-06 05:00,0
2026-03-06 05:30,0
2026-03-06 05:45,0
2026-03-06 06:15,0
2026-03-06 06:30,0
2026-03-06 07:00,0
2026-03-06 07:15,0
2026-03-06 07:45,0
2026-03-06 08:15,0
2026-03-06 08:30,0
2026-03-06 09:00,0
2026-03-06 09:15,0
2026-03-06 09:45,0
2026-03-06 10:15,0
2026-03-06 10:30,0
2026-03-06 11:00,0
2026-03-06 11:15,0
2026-03-06 11:45,0
2026-03-06 12:00,0
2026-03-06 12:30,0
2026-03-06 13:21,0
2026-03-06 13:45,0
2026-03-06 14:00,0
2026-03-06 14:30,0
2026-03-06 15:16,0
2026-03-06 15:59,0
2026-03-06 16:00,0
2026-03-06 16:15,0
2026-03-06 16:45,0
2026-03-06 17:00,0
2026-03-06 17:30,0
2026-03-06 18:00,0
2026-03-06 18:15,0
2026-03-06 18:45,0
2026-03-06 19:15,0
2026-03-06 19:30,0
2026-03-06 20:00,0
2026-03-06 20:15,0
2026-03-06 20:45,0
2026-03-06 21:15,0
2026-03-06 21:45,0
2026-03-06 22:00,0
2026-03-06 22:30,0
2026-03-06 23:00,0
2026-03-06 23:15,0
2026-03-06 23:45,0
2026-03-07 00:15,0
2026-03-07 00:45,0
2026-03-07 01:00,0
2026-03-07 01:30,0
2026-03-07 02:00,0
2026-03-07 02:15,0
2026-03-07 02:45,0
2026-03-07 03:00,0
2026-03-07 03:30,0
2026-03-07 04:00,0
2026-03-07 04:30,0
2026-03-07 04:45,0
2026-03-07 05:15,0
2026-03-07 05:45,0
2026-03-07 06:00,0
2026-03-07 06:30,0
2026-03-07 06:45,0
2026-03-07 07:15,0
2026-03-07 07:45,0
2026-03-07 08:00,0
2026-03-07 08:30,0
2026-03-07 08:45,0
2026-03-07 09:15,0
2026-03-07 09:45,0
2026-03-07 10:00,0
2026-03-07 10:30,0
2026-03-07 11:00,0
2026-03-07 11:15,0
2026-03-07 11:45,0
2026-03-07 12:15,0
2026-03-07 12:45,0
2026-03-07 13:00,0
2026-03-07 13:30,0
2026-03-07 14:00,0
2026-03-07 14:15,0
2026-03-07 14:45,0
2026-03-07 15:15,0
2026-03-07 15:45,0
2026-03-07 16:00,0
2026-03-07 16:30,0
2026-03-07 17:00,0
2026-03-07 17:15,0
2026-03-07 17:45,0
2026-03-07 18:15,0
2026-03-07 18:45,0
2026-03-07 19:00,0
2026-03-07 19:30,0
2026-03-07 19:45,0
2026-03-07 20:15,0
2026-03-07 20:45,0
2026-03-07 21:00,0
2026-03-07 21:30,0
2026-03-07 21:45,0
2026-03-07 22:15,0
2026-03-07 22:45,0
2026-03-07 23:00,0
2026-03-07 23:30,0
2026-03-08 00:00,0
2026-03-08 00:15,0
2026-03-08 00:45,0
2026-03-08 01:15,0
2026-03-08 01:45,0
2026-03-08 03:00,0
2026-03-08 03:30,0
2026-03-08 03:45,0
2026-03-08 04:15,0
2026-03-08 04:45,0
2026-03-08 05:00,0
2026-03-08 05:30,0
2026-03-08 05:45,0
2026-03-08 06:15,0
2026-03-08 06:45,0
2026-03-08 07:15,0
2026-03-08 07:30,0
2026-03-08 08:00,0
2026-03-08 08:15,0
2026-03-08 08:45,0
2026-03-08 09:00,0
2026-03-08 09:55,0
2026-03-08 10:00,0
2026-03-08 10:15,0
2026-03-08 10:45,0
2026-03-08 11:15,0
2026-03-08 11:30,0
2026-03-08 12:00,0
2026-03-08 12:30,0
2026-03-08 12:45,0
2026-03-08 13:15,0
2026-03-08 13:45,0
2026-03-08 14:00,0
2026-03-08 14:54,0
2026-03-08 15:15,0
2026-03-08 15:45,0
2026-03-08 16:00,0
2026-03-08 16:30,0
2026-03-08 17:00,0
2026-03-08 17:15,0
2026-03-08 17:45,0
2026-03-08 18:30,0
2026-03-08 19:00,0
2026-03-08 19:15,0
2026-03-08 19:45,0
2026-03-08 20:15,0
2026-03-08 20:30,0
2026-03-08 21:00,0
2026-03-08 21:15,0
2026-03-08 21:45,0
2026-03-08 22:15,0
2026-03-08 22:30,0
2026-03-08 23:00,0
2026-03-08 23:30,0
2026-03-08 23:45,0
2026-03-09 00:15,0
2026-03-09 00:30,0
2026-03-09 01:00,0
2026-03-09 01:30,0
2026-03-09 01:45,0
2026-03-09 02:15,0
2026-03-09 02:30,0
2026-03-09 03:15,0
2026-03-09 03:45,0
2026-03-09 04:00,0
2026-03-09 04:30,0
2026-03-09 05:00,0
2026-03-09 05:15,0
2026-03-09 05:45,0
2026-03-09 06:15,0
2026-03-09 06:30,0
2026-03-09 07:00,0
2026-03-09 07:30,0
2026-03-09 07:45,0
2026-03-09 08:15,0
2026-03-09 08:30,0
2026-03-09 09:00,0
2026-03-09 09:15,0
2026-03-09 09:45,0
2026-03-09 10:00,0
2026-03-09 10:15,0
2026-03-09 10:45,0
2026-03-09 11:15,0
2026-03-09 11:30,0
2026-03-09 11:45,0
2026-03-09 12:15,0
2026-03-09 12:45,0
2026-03-09 13:00,0
2026-03-09 13:30,0
2026-03-09 13:45,0
2026-03-09 14:15,0
2026-03-09 14:45,0
2026-03-09 15:00,0
2026-03-09 15:30,0
2026-03-09 15:45,0
2026-03-09 16:15,0
2026-03-09 16:45,0
2026-03-09 17:31,0
2026-03-09 17:45,0
2026-03-09 18:15,0
2026-03-09 18:45,0
2026-03-09 19:00,0
2026-03-09 19:30,0
2026-03-09 19:45,0
2026-03-09 20:15,0
2026-03-09 21:01,0
2026-03-09 21:30,0
2026-03-09 21:45,0
2026-03-09 22:15,0
2026-03-09 22:45,0
2026-03-09 23:00,0
2026-03-09 23:30,0
2026-03-10 00:00,0
2026-03-10 00:15,0
2026-03-10 00:45,0
2026-03-10 01:00,0
2026-03-10 01:30,0
2026-03-10 02:00,0
2026-03-10 02:15,0
2026-03-10 02:30,0
2026-03-10 03:00,0
2026-03-10 03:30,0
2026-03-10 03:45,0
2026-03-10 04:15,0
2026-03-10 04:45,0
2026-03-10 05:00,0
2026-03-10 05:30,0
2026-03-10 06:00,0
2026-03-10 06:15,0
2026-03-10 06:45,0
2026-03-10 07:00,0
2026-03-10 07:30,0
2026-03-10 08:00,0
2026-03-10 08:15,0
2026-03-10 08:45,0
2026-03-10 09:00,0
2026-03-10 09:30,0
2026-03-10 09:45,0
2026-03-10 10:15,0
2026-03-10 10:45,0
2026-03-10 11:00,0
2026-03-10 11:15,0
2026-03-10 11:45,0
2026-03-10 12:15,0
2026-03-10 12:45,0
2026-03-10 13:00,0
2026-03-10 13:15,0
2026-03-10 13:45,0
2026-03-10 14:15,0
2026-03-10 14:30,0
2026-03-10 15:00,0
2026-03-10 15:15,0
2026-03-10 15:45,0
2026-03-10 16:15,0
2026-03-10 16:30,0
2026-03-10 16:45,0
2026-03-10 17:15,0
2026-03-10 17:45,0
2026-03-10 18:00,0
2026-03-10 18:30,0
2026-03-10 18:45,0
2026-03-10 19:15,0
2026-03-10 19:45,0
2026-03-10 20:00,0
2026-03-10 20:30,0
2026-03-10 21:00,0
2026-03-10 21:15,0
2026-03-10 21:45,0
2026-03-10 23:00,0
2026-03-10 23:15,0
2026-03-10 23:45,0
2026-03-11 00:15,0
2026-03-11 00:30,0
2026-03-11 01:00,0
2026-03-11 01:30,0
2026-03-11 01:45,0
2026-03-11 02:15,0
2026-03-11 02:45,0
2026-03-11 03:00,0
2026-03-11 03:30,0
2026-03-11 04:00,0
2026-03-11 04:15,0
2026-03-11 04:45,0
2026-03-11 05:15,0
2026-03-11 05:30,0
2026-03-11 06:00,0
2026-03-11 06:15,0
2026-03-11 06:45,0
2026-03-11 07:15,0
2026-03-11 07:30,0
2026-03-11 08:00,0
2026-03-11 08:30,0
2026-03-11 08:45,0
2026-03-11 09:15,0
2026-03-11 09:45,0
2026-03-11 10:00,0
2026-03-11 10:30,0
2026-03-11 11:00,0
2026-03-11 11:15,0
2026-03-11 12:30,0
2026-03-11 13:00,0
2026-03-11 13:15,0
2026-03-11 13:45,0
2026-03-11 14:15,0
2026-03-11 14:30,0
2026-03-11 14:45,0
2026-03-11 15:15,0
2026-03-11 15:30,0
2026-03-11 16:00,0
2026-03-11 16:15,0
2026-03-11 16:45,0
2026-03-11 17:15,0
2026-03-11 17:30,0
2026-03-11 18:00,0
2026-03-11 18:15,0
2026-03-11 18:45,0
2026-03-11 19:15,0
2026-03-11 19:30,0
2026-03-11 20:00,0
2026-03-11 20:30,0
2026-03-11 20:45,0
2026-03-11 21:15,0
2026-03-11 21:30,0
2026-03-11 22:00,0
2026-03-11 22:15,0
2026-03-11 22:45,0
2026-03-11 23:15,0
2026-03-11 23:30,0
2026-03-12 00:00,0
2026-03-12 00:15,0
2026-03-12 00:45,0
2026-03-12 01:15,0
2026-03-12 01:30,0
2026-03-12 02:00,0
2026-03-12 02:30,0
2026-03-12 02:45,0
2026-03-12 03:15,0
2026-03-12 03:45,0
2026-03-12 04:00,0
2026-03-12 04:30,0
2026-03-12 05:00,0
2026-03-12 05:15,0
2026-03-12 05:45,0
2026-03-12 06:00,0
2026-03-12 06:30,0
2026-03-12 06:45,0
2026-03-12 07:38,0
2026-03-12 07:45,0
2026-03-12 08:15,0
2026-03-12 08:45,0
2026-03-12 09:15,0
2026-03-12 09:30,0
2026-03-12 10:00,0
2026-03-12 10:15,0
2026-03-12 10:45,0
2026-03-12 11:00,0
2026-03-12 11:30,0
2026-03-12 12:00,0
2026-03-12 12:15,0
2026-03-12 13:11,0
2026-03-12 13:30,0
2026-03-12 14:16,0
2026-03-12 14:30,0
2026-03-12 15:00,0
2026-03-12 15:15,0
2026-03-12 15:45,0
2026-03-12 16:15,0
2026-03-12 16:30,0
2026-03-12 17:00,0
2026-03-12 17:15,0
2026-03-12 17:45,0
2026-03-12 18:00,0
2026-03-12 18:15,0
2026-03-12 18:45,0
2026-03-12 19:15,0
2026-03-12 19:45,0
2026-03-12 20:00,0
2026-03-12 20:30,0
2026-03-12 21:00,0
2026-03-12 21:15,0
2026-03-12 22:10,0
2026-03-12 22:15,0
2026-03-12 22:30,0
2026-03-12 23:00,0
2026-03-12 23:30,0
2026-03-12 23:45,0
2026-03-13 00:15,0
2026-03-13 00:45,0
2026-03-13 01:00,0
2026-03-13 01:30,0
2026-03-13 02:00,0
2026-03-13 02:15,0
2026-03-13 02:45,0
2026-03-13 03:15,0
2026-03-13 03:30,0
2026-03-13 04:00,0
2026-03-13 04:15,0
2026-03-13 04:45,0
2026-03-13 05:15,0
2026-03-13 05:30,0
2026-03-13 06:00,0
2026-03-13 06:15,0
2026-03-13 06:45,0
2026-03-13 07:00,0
2026-03-13 07:30,0
2026-03-13 08:00,0
2026-03-13 08:15,0
2026-03-13 08:45,0
2026-03-13 09:00,0
2026-03-13 09:30,0
2026-03-13 09:45,0
2026-03-13 10:00,0
2026-03-13 10:30,0
2026-03-13 11:00,0
2026-03-13 11:15,0
2026-03-13 11:30,0
2026-03-13 12:00,0
2026-03-13 12:15,0
2026-03-13 12:45,0
2026-03-13 13:00,0
2026-03-13 13:30,0
2026-03-13 13:45,0
2026-03-13 14:15,0
2026-03-13 14:45,0
2026-03-13 15:00,0
2026-03-13 15:30,0
2026-03-13 16:00,0
2026-03-13 16:15,0
2026-03-13 16:45,0
2026-03-13 17:15,0
2026-03-13 17:30,0
2026-03-13 18:00,0
2026-03-13 18:15,0
2026-03-13 18:45,0
2026-03-13 19:00,0
2026-03-13 19:30,0
2026-03-13 19:45,0
2026-03-13 20:15,0
2026-03-13 20:30,0
2026-03-13 21:00,0
2026-03-13 21:15,0
2026-03-13 21:45,0
2026-03-13 22:15,0
2026-03-13 22:30,0
2026-03-13 23:00,0
2026-03-13 23:30,0
2026-03-13 23:45,0
2026-03-14 00:15,0
2026-03-14 00:45,0
2026-03-14 01:00,0
2026-03-14 01:30,0
2026-03-14 01:45,0
2026-03-14 02:15,0
2026-03-14 02:30,0
2026-03-14 03:00,0
2026-03-14 03:15,0
2026-03-14 03:45,0
2026-03-14 04:15,0
2026-03-14 04:30,0
2026-03-14 04:45,0
2026-03-14 05:15,0
2026-03-14 05:45,0
2026-03-14 06:00,0
2026-03-14 06:30,0
2026-03-14 06:45,0
2026-03-14 07:15,0
2026-03-14 07:45,0
2026-03-14 08:00,0
2026-03-14 08:30,0
2026-03-14 09:00,0
2026-03-14 09:15,0
2026-03-14 09:45,0
2026-03-14 10:00,0
2026-03-14 10:30,0
2026-03-14 11:00,0
2026-03-14 11:15,0
2026-03-14 11:45,0
2026-03-14 12:15,0
2026-03-14 12:30,0
2026-03-14 13:00,0
2026-03-14 13:15,0
2026-03-14 13:45,0
2026-03-14 14:15,0
2026-03-14 14:30,0
2026-03-14 15:00,0
2026-03-14 15:15,0
2026-03-14 15:45,0
2026-03-14 16:15,0
2026-03-14 16:30,0
2026-03-14 17:00,0
2026-03-14 17:30,0
2026-03-14 17:45,0
2026-03-14 18:15,0
2026-03-14 18:30,0
2026-03-14 19:00,0
2026-03-14 19:30,0
2026-03-14 19:45,0
2026-03-14 20:15,0
2026-03-14 20:30,0
2026-03-14 21:18,0
2026-03-14 21:45,0
2026-03-14 22:15,0
2026-03-14 22:30,0
2026-03-14 22:45,0
2026-03-14 23:15,0
2026-03-14 23:45,0
2026-03-15 00:00,0
2026-03-15 00:30,0
2026-03-15 00:45,0
2026-03-15 01:15,0
2026-03-15 01:30,0
2026-03-15 02:00,0
2026-03-15 02:30,0
2026-03-15 02:45,0
2026-03-15 03:15,0
2026-03-15 03:45,0
2026-03-15 04:00,0
2026-03-15 04:30,0
2026-03-15 05:00,0
2026-03-15 05:15,0
2026-03-15 05:30,0
2026-03-15 06:00,0
2026-03-15 06:30,0
2026-03-15 06:45,0
2026-03-15 07:15,0
2026-03-15 07:45,0
2026-03-15 08:30,0
2026-03-15 09:00,0
2026-03-15 09:30,0
2026-03-15 09:45,0
2026-03-15 10:15,0
2026-03-15 10:45,0
2026-03-15 11:00,0
2026-03-15 11:30,0
2026-03-15 12:00,0
2026-03-15 12:15,0
2026-03-15 12:45,0
2026-03-15 13:15,0
2026-03-15 13:30,0
2026-03-15 14:00,0
2026-03-15 14:30,0
2026-03-15 14:45,0
2026-03-15 15:15,0
2026-03-15 15:45,0
2026-03-15 16:00,0
2026-03-15 16:30,0
2026-03-15 16:45,0
2026-03-15 17:15,0
2026-03-15 17:45,0
2026-03-15 18:00,0
2026-03-15 18:30,0
2026-03-15 19:00,0
2026-03-15 19:15,0
2026-03-15 19:45,0
2026-03-15 20:00,0
2026-03-15 20:30,0
2026-03-15 21:00,0
2026-03-15 21:15,0
2026-03-15 21:45,0
2026-03-15 22:00,0
2026-03-15 22:30,0
2026-03-15 23:00,0
2026-03-15 23:15,0
2026-03-15 23:45,0
2026-03-16 00:00,0
2026-03-16 00:30,0
2026-03-16 01:00,0
2026-03-16 01:15,0
2026-03-16 01:45,0
2026-03-16 02:15,0
2026-03-16 02:30,0
2026-03-16 03:00,0
2026-03-16 03:30,0
2026-03-16 03:45,0
2026-03-16 04:15,0
2026-03-16 04:45,0
2026-03-16 05:00,0
2026-03-16 05:30,0
2026-03-16 06:00,0
2026-03-16 06:15,0
2026-03-16 06:45,0
2026-03-16 07:15,0
2026-03-16 07:30,0
2026-03-16 08:00,0
2026-03-16 08:30,0
2026-03-16 08:45,0
2026-03-16 10:00,0
2026-03-16 10:30,0
2026-03-16 10:45,0
2026-03-16 11:15,0
2026-03-16 11:45,0
2026-03-16 12:00,0
2026-03-16 12:30,0
2026-03-16 12:45,0
2026-03-16 13:15,0
2026-03-16 13:45,0
2026-03-16 14:00,0
2026-03-16 14:30,0
2026-03-16 14:45,0
2026-03-16 15:15,0
2026-03-16 15:45,0
2026-03-16 16:00,0
2026-03-16 16:30,0
2026-03-16 17:00,0
2026-03-16 17:15,0
2026-03-16 17:45,0
2026-03-16 18:15,0
2026-03-16 18:30,0
2026-03-16 19:00,0
2026-03-16 19:30,0
2026-03-16 19:45,0
2026-03-16 20:15,0
2026-03-16 20:45,0
2026-03-16 21:00,0
2026-03-16 21:30,0
2026-03-16 21:45,0
2026-03-16 22:15,0
2026-03-16 22:45,0
2026-03-16 23:00,0
2026-03-16 23:30,0
2026-03-17 00:00,0
2026-03-17 00:15,0
2026-03-17 00:45,0
2026-03-17 01:15,0
2026-03-17 01:30,0
2026-03-17 02:00,0
2026-03-17 02:15,0
2026-03-17 02:45,0
2026-03-17 03:15,0
2026-03-17 03:30,0
2026-03-17 04:00,0
2026-03-17 04:30,0
2026-03-17 04:45,0
2026-03-17 05:15,0
2026-03-17 05:45,0
2026-03-17 06:00,0
2026-03-17 06:30,0
2026-03-17 06:45,0
2026-03-17 07:15,0
2026-03-17 07:45,0
2026-03-17 08:15,0
2026-03-17 08:30,0
2026-03-17 09:00,0
2026-03-17 09:15,0
2026-03-17 09:45,0
2026-03-17 10:15,0
2026-03-17 10:30,0
2026-03-17 11:00,0
2026-03-17 11:15,0
2026-03-17 11:45,0
2026-03-17 12:15,0
2026-03-17 12:30,0
2026-03-17 13:00,0
2026-03-17 13:30,0
2026-03-17 13:45,0
2026-03-17 14:15,0
2026-03-17 14:45,0
2026-03-17 15:00,0
2026-03-17 15:30,0
2026-03-17 15:45,0
2026-03-17 16:15,0
2026-03-17 16:45,0
2026-03-17 17:15,0
2026-03-17 17:30,0
2026-03-17 18:00,0
2026-03-17 18:15,0
2026-03-17 18:45,0
2026-03-17 19:15,0
2026-03-17 19:30,0
2026-03-17 20:00,0
2026-03-17 20:15,0
2026-03-17 20:45,0
2026-03-17 21:15,0
2026-03-17 21:30,0
2026-03-17 22:00,0
2026-03-17 22:15,0
2026-03-17 22:45,0
2026-03-17 23:00,0
2026-03-17 23:30,0
2026-03-17 23:45,0
2026-03-18 00:15,0
2026-03-18 00:45,0
2026-03-18 01:15,0
2026-03-18 01:30,0
2026-03-18 02:00,0
2026-03-18 02:15,0
2026-03-18 02:45,0
2026-03-18 03:15,0
2026-03-18 03:30,0
2026-03-18 04:00,0
2026-03-18 04:15,0
2026-03-18 04:45,0
2026-03-18 05:15,0
2026-03-18 05:30,0
2026-03-18 06:00,0
2026-03-18 06:30,0
2026-03-18 06:45,0
2026-03-18 07:15,0
2026-03-18 07:45,0
2026-03-18 08:15,0
2026-03-18 08:30,0
2026-03-18 09:00,0
2026-03-18 09:15,0
2026-03-18 09:45,0
2026-03-18 10:15,0
2026-03-18 10:30,0
2026-03-18 11:00,0
2026-03-18 11:30,0
2026-03-18 12:00,0
2026-03-18 12:15,0
2026-03-18 12:45,0
2026-03-18 13:30,0
2026-03-18 14:00,0
2026-03-18 14:30,0
2026-03-18 14:45,0
2026-03-18 15:15,0
2026-03-18 15:30,0
2026-03-18 16:00,0
2026-03-18 16:30,0
2026-03-18 16:45,0
2026-03-18 17:15,0
2026-03-18 17:45,0
2026-03-18 18:15,0
2026-03-18 18:30,0
2026-03-18 19:00,0
2026-03-18 19:30,0
2026-03-18 19:45,0
2026-03-18 20:15,0
2026-03-18 20:45,0
2026-03-18 21:00,0
2026-03-18 21:30,0
2026-03-18 22:00,0
2026-03-18 22:30,0
2026-03-18 22:45,0
2026-03-18 23:15,0
2026-03-18 23:45,0
2026-03-19 00:15,0
2026-03-19 00:30,0
2026-03-19 01:00,0
2026-03-19 01:15,0
2026-03-19 01:45,0
2026-03-19 02:15,0
2026-03-19 02:30,0
2026-03-19 03:00,0
2026-03-19 03:15,0
2026-03-19 03:45,0
2026-03-19 04:00,0
2026-03-19 04:30,0
2026-03-19 05:00,0
2026-03-19 05:30,0
2026-03-19 05:45,0
2026-03-19 06:15,0
2026-03-19 06:45,0
2026-03-19 07:00,0
2026-03-19 07:30,0
2026-03-19 08:00,0
2026-03-19 08:15,0
2026-03-19 08:45,0
2026-03-19 09:15,0
2026-03-19 09:30,0
2026-03-19 10:00,0
2026-03-19 10:30,0
2026-03-19 10:45,0
2026-03-19 11:15,0
2026-03-19 11:45,0
2026-03-19 12:00,0
2026-03-19 12:30,0
2026-03-19 13:00,0
2026-03-19 13:15,0
2026-03-19 13:45,0
2026-03-19 14:15,0
2026-03-19 14:30,0
2026-03-19 15:45,0
2026-03-19 16:15,0
2026-03-19 16:30,0
2026-03-19 17:00,0
2026-03-19 17:30,0
2026-03-19 18:00,0
2026-03-19 18:15,0
2026-03-19 18:45,0
2026-03-19 19:15,0
2026-03-19 19:30,0
2026-03-19 20:00,0
2026-03-19 20:30,0
2026-03-19 20:45,0
2026-03-19 21:15,0
2026-03-19 21:45,0
2026-03-19 22:00,0
2026-03-19 22:30,0
2026-03-19 22:45,0
2026-03-19 23:15,0
2026-03-19 23:45,0
2026-03-20 00:15,0
2026-03-20 00:30,0
2026-03-20 01:00,0
2026-03-20 01:15,0
2026-03-20 01:45,0
2026-03-20 02:15,0
2026-03-20 02:30,0
2026-03-20 03:00,0
2026-03-20 03:30,0
2026-03-20 03:45,0
2026-03-20 04:15,0
2026-03-20 04:45,0
2026-03-20 05:00,0
2026-03-20 05:30,0
2026-03-20 06:00,0
2026-03-20 06:15,0
2026-03-20 06:45,0
2026-03-20 07:15,0
2026-03-20 07:30,0
2026-03-20 08:00,0
2026-03-20 08:15,0
2026-03-20 08:45,0
2026-03-20 09:15,0
2026-03-20 09:30,0
2026-03-20 10:00,0
2026-03-20 10:15,0
2026-03-20 10:45,0
2026-03-20 11:00,0
2026-03-20 11:30,0
2026-03-20 11:45,0
2026-03-20 12:15,0
2026-03-20 12:45,0
2026-03-20 13:15,0
2026-03-20 13:30,0
2026-03-20 14:00,0
2026-03-20 14:15,0
2026-03-20 14:45,0
2026-03-20 15:15,0
2026-03-20 15:45,0
2026-03-20 16:00,0
2026-03-20 16:30,0
2026-03-20 17:00,0
2026-03-20 17:15,0
2026-03-20 17:45,0
2026-03-20 18:15,0
2026-03-20 18:30,0
2026-03-20 19:00,0
2026-03-20 19:30,0
2026-03-20 20:00,0
2026-03-20 20:15,0
2026-03-20 20:45,0
2026-03-20 21:00,0
2026-03-20 21:30,0
2026-03-20 22:00,0
2026-03-20 22:30,0
2026-03-20 22:45,0
2026-03-20 23:00,0
2026-03-20 23:30,0
2026-03-21 00:00,0
2026-03-21 00:15,0
2026-03-21 00:45,0
2026-03-21 01:00,0
2026-03-21 01:30,0
2026-03-21 02:00,0
2026-03-21 02:30,0
2026-03-21 02:45,0
2026-03-21 03:15,0
2026-03-21 03:30,0
2026-03-21 04:00,0
2026-03-21 04:30,0
2026-03-21 04:45,0
2026-03-21 05:15,0
2026-03-21 05:30,0
2026-03-21 06:00,0
2026-03-21 06:15,0
2026-03-21 06:45,0
2026-03-21 07:15,0
2026-03-21 07:30,0
2026-03-23 08:30,0
2026-03-23 09:00,0
2026-03-23 09:15,0
2026-03-23 09:45,0
2026-03-23 10:15,0
2026-03-23 10:30,0
2026-03-23 11:00,0
2026-03-23 11:15,0
2026-03-23 11:45,0
2026-03-23 12:15,0
2026-03-23 12:30,0
2026-03-23 13:00,0
2026-03-23 13:15,0
2026-03-23 13:45,0
2026-03-23 14:00,0
2026-03-23 14:30,0
2026-03-23 15:23,0
2026-03-23 15:45,0
2026-03-23 16:00,0
2026-03-23 16:30,0
2026-03-23 17:00,0
2026-03-23 17:15,0
2026-03-23 17:45,0
2026-03-23 18:00,0
2026-03-23 18:30,0
2026-03-23 19:00,0
2026-03-23 19:15,0
2026-03-23 19:45,0
2026-03-23 20:00,0
2026-03-23 20:30,0
2026-03-23 20:45,0
2026-03-23 21:15,0
2026-03-23 21:45,0
2026-03-23 22:00,0
2026-03-23 22:30,0
2026-03-23 22:45,0
2026-03-23 23:15,0
2026-03-23 23:45,0
2026-03-24 00:00,0
2026-03-24 00:30,0
2026-03-24 00:45,0
2026-03-24 01:15,0
2026-03-24 01:45,0
2026-03-24 02:00,0
2026-03-24 02:15,0
2026-03-24 02:45,0
2026-03-24 03:15,0
2026-03-24 03:45,0
2026-03-24 04:00,0
2026-03-24 04:30,0
2026-03-24 04:45,0
2026-03-24 05:15,0
2026-03-24 05:45,0
2026-03-24 06:15,0
2026-03-24 06:30,0
2026-03-24 07:00,0
2026-03-24 07:15,0
2026-03-24 07:45,0
2026-03-24 08:00,0
2026-03-24 08:30,0
2026-03-24 09:00,0
2026-03-24 09:15,0
2026-03-24 09:45,0
2026-03-24 10:15,0
2026-03-24 10:30,0
2026-03-24 11:00,0
2026-03-24 11:30,0
2026-03-24 11:45,0
2026-03-24 12:00,0
2026-03-24 12:30,0
2026-03-24 13:00,0
2026-03-24 13:15,0
2026-03-24 13:45,0
2026-03-24 14:00,0
2026-03-24 14:30,0
2026-03-24 15:00,0
2026-03-24 15:15,0
2026-03-24 15:45,0
2026-03-24 16:15,0
2026-03-24 16:30,0
2026-03-24 17:00,0
2026-03-24 17:30,0
2026-03-24 17:45,0
2026-03-24 18:15,0
2026-03-24 18:30,0
2026-03-24 19:00,0
2026-03-24 19:30,0
2026-03-24 19:45,0
2026-03-24 20:15,0
2026-03-24 20:45,0
2026-03-24 21:00,0
2026-03-24 21:30,0
2026-03-24 21:45,0
2026-03-24 22:45,0
2026-03-24 23:15,0
2026-03-24 23:30,0
2026-03-25 00:00,0
2026-03-25 00:15,0
2026-03-25 00:45,0
2026-03-25 01:15,0
2026-03-25 01:30,0
2026-03-25 02:00,0
2026-03-25 02:30,0
2026-03-25 02:45,0
2026-03-25 03:15,0
2026-03-25 03:45,0
2026-03-25 04:00,0
2026-03-25 04:30,0
2026-03-25 05:00,0
2026-03-25 05:15,0
2026-03-25 05:45,0
2026-03-25 06:00,0
2026-03-25 06:30,0
2026-03-25 07:00,0
2026-03-25 07:30,0
2026-03-25 07:45,0
2026-03-25 08:15,0
2026-03-25 08:30,0
2026-03-25 09:00,0
2026-03-25 09:30,0
2026-03-25 09:45,0
2026-03-25 10:15,0
2026-03-25 10:30,0
2026-03-25 11:00,0
2026-03-25 11:15,0
2026-03-25 11:30,0
2026-03-25 12:00,0
2026-03-25 12:30,0
2026-03-25 12:45,0
2026-03-25 13:15,0
2026-03-25 13:30,0
2026-03-25 14:00,0
2026-03-25 14:30,0
2026-03-25 14:45,0
2026-03-25 15:15,0
2026-03-25 16:05,0
2026-03-25 16:30,0
2026-03-25 17:00,0
2026-03-25 17:15,0
2026-03-25 17:45,0
2026-03-25 18:00,0
2026-03-25 18:30,0
2026-03-25 19:00,0
2026-03-25 19:30,0
2026-03-25 19:45,0
2026-03-25 20:15,0
2026-03-25 20:30,0
2026-03-25 21:00,0
2026-03-25 21:30,0
2026-03-25 21:45,0
2026-03-25 22:15,0
2026-03-25 22:30,0
2026-03-25 22:45,0
2026-03-25 23:15,0
2026-03-25 23:45,0
2026-03-26 00:00,0
2026-03-26 00:30,0
2026-03-26 01:00,0
2026-03-26 01:15,0
2026-03-26 01:45,0
2026-03-26 02:00,0
2026-03-26 02:30,0
2026-03-26 03:00,0
2026-03-26 03:15,0
2026-03-26 03:45,0
2026-03-26 04:00,0
2026-03-26 04:30,0
2026-03-26 05:00,0
2026-03-26 05:15,0
2026-03-26 05:30,0
2026-03-26 06:00,0
2026-03-26 06:30,0
2026-03-26 07:00,0
2026-03-26 07:15,0
2026-03-26 07:45,0
2026-03-26 08:00,0
2026-03-26 08:30,0
2026-03-26 08:45,0
2026-03-26 09:15,0
2026-03-26 09:45,0
2026-03-26 10:00,0
2026-03-26 10:30,0
2026-03-26 10:45,0
2026-03-26 11:15,0
2026-03-26 11:45,0
2026-03-26 12:00,0
2026-03-26 12:15,0
2026-03-26 12:45,0
2026-03-26 13:00,0
2026-03-26 13:30,0
2026-03-26 13:45,0
2026-03-26 14:15,0
2026-03-26 14:30,0
2026-03-26 15:00,0
2026-03-26 15:15,0
2026-03-26 15:45,0
2026-03-26 16:00,0
2026-03-26 16:30,0
2026-03-26 16:45,0
2026-03-26 17:15,0
2026-03-26 17:30,0
2026-03-26 18:00,0
2026-03-26 18:15,0
2026-03-26 18:30,0
2026-03-26 19:00,0
2026-03-26 19:15,0
2026-03-26 19:30,0
2026-03-26 20:00,0
2026-03-26 20:15,0
2026-03-26 20:45,0
2026-03-26 21:00,0
2026-03-26 21:30,0
2026-03-26 21:45,0
2026-03-26 22:15,0
2026-03-26 22:30,0
2026-03-26 23:00,0
2026-03-26 23:15,0
2026-03-26 23:45,0
2026-03-27 00:15,0
2026-03-27 00:30,0
2026-03-27 01:00,0
2026-03-27 01:15,0
2026-03-27 01:45,0
2026-03-27 02:15,0
2026-03-27 02:30,0
2026-03-27 02:45,0
2026-03-27 03:15,0
2026-03-27 03:45,0
2026-03-27 04:00,0
2026-03-27 04:15,0
2026-03-27 04:45,0
2026-03-27 05:00,0
2026-03-27 05:30,0
2026-03-27 05:45,0
2026-03-27 06:15,0
2026-03-27 06:30,0
2026-03-27 07:00,0
2026-03-27 07:30,0
2026-03-27 07:45,0
2026-03-27 08:00,0
2026-03-27 08:30,0
2026-03-27 09:00,0
2026-03-27 09:15,0
2026-03-27 09:45,0
2026-03-27 10:00,0
2026-03-27 10:30,0
2026-03-27 10:45,0
2026-03-27 11:15,0
2026-03-27 11:30,0
2026-03-27 12:00,0
2026-03-27 12:15,0
2026-03-27 12:45,0
2026-03-27 13:00,0
2026-03-27 13:15,0
2026-03-27 13:45,0
2026-03-27 14:00,0
2026-03-27 14:30,0
2026-03-27 14:45,0
2026-03-27 15:15,0
2026-03-27 15:30,0
2026-03-27 15:45,0
2026-03-27 16:15,0
2026-03-27 16:30,0
2026-03-27 16:45,0
2026-03-27 17:00,0
2026-03-27 17:30,0
2026-03-27 17:45,0
2026-03-27 18:15,0
2026-03-27 18:30,0
2026-03-27 18:45,0
2026-03-27 19:15,0
2026-03-27 19:30,0
2026-03-27 20:00,0
2026-03-27 20:15,0
2026-03-27 20:45,0
2026-03-27 21:00,0
2026-03-27 21:15,0
2026-03-27 21:30,0
2026-03-27 22:00,0
2026-03-27 22:15,0
2026-03-27 22:30,0
2026-03-27 22:45,0
2026-03-27 23:15,0
2026-03-27 23:30,0
2026-03-28 00:00,0
2026-03-28 00:15,0
2026-03-28 00:45,0
2026-03-28 01:00,0
2026-03-28 01:15,0
2026-03-28 01:45,0
2026-03-28 02:00,0
2026-03-28 02:15,0
2026-03-28 02:45,0
2026-03-28 03:00,0
2026-03-28 03:15,0
2026-03-28 03:45,0
2026-03-28 04:00,0
2026-03-28 04:15,0
2026-03-28 04:30,0
2026-03-28 05:00,0
2026-03-28 05:15,0
2026-03-28 05:45,0
2026-03-28 06:00,0
2026-03-28 06:34,0
2026-03-28 06:45,0
2026-03-28 07:15,0
2026-03-28 07:30,0
2026-03-28 07:45,0
2026-03-28 08:08,0
2026-03-28 08:15,0
2026-03-28 08:30,0
2026-03-28 08:45,0
2026-03-28 09:15,0
2026-03-28 09:30,0
2026-03-28 09:45,0
2026-03-28 10:00,0
2026-03-28 10:30,0
2026-03-28 10:45,0
2026-03-28 11:00,0
2026-03-28 11:15,0
2026-03-28 11:30,0
2026-03-28 11:45,0
2026-03-28 12:15,0
2026-03-28 12:30,0
2026-03-28 13:00,0
2026-03-28 13:15,0
2026-03-28 13:30,0
2026-03-28 14:00,0
2026-03-28 14:15,0
2026-03-28 14:30,0
2026-03-28 15:00,0
2026-03-28 15:15,0
2026-03-28 15:30,0
2026-03-28 16:00,0
2026-03-28 16:15,0
2026-03-28 16:45,0
2026-03-28 17:00,0
2026-03-28 17:15,0
2026-03-28 17:30,0
2026-03-28 17:45,0
2026-03-28 18:00,0
2026-03-28 18:15,0
2026-03-28 18:45,0
2026-03-28 19:00,0
2026-03-28 19:30,0
2026-03-28 19:45,0
2026-03-28 20:00,0
2026-03-28 20:15,0
2026-03-28 20:45,0
2026-03-28 21:15,0
2026-03-28 21:30,0
2026-03-28 21:45,0
2026-03-28 22:15,0
2026-03-28 22:30,0
2026-03-28 23:00,0
2026-03-28 23:15,0
2026-03-28 23:45,0
2026-03-29 00:00,0
2026-03-29 00:15,0
2026-03-29 00:45,0
2026-03-29 01:00,0
2026-03-29 01:15,0
2026-03-29 01:45,0
2026-03-29 02:00,0
2026-03-29 02:30,0
2026-03-29 02:45,0
2026-03-29 03:00,0
2026-03-29 03:15,0
2026-03-29 03:45,0
2026-03-29 04:00,0
2026-03-29 04:30,0
2026-03-29 04:45,0
2026-03-29 05:00,0
2026-03-29 05:15,0
2026-03-29 05:45,0
2026-03-29 06:00,0
2026-03-29 06:15,0
2026-03-29 06:45,0
2026-03-29 07:00,0
2026-03-29 07:15,0
2026-03-29 07:45,0
2026-03-29 08:00,0
2026-03-29 08:15,0
2026-03-29 08:30,0
2026-03-29 08:45,0
2026-03-29 09:00,0
2026-03-29 09:15,0
2026-03-29 09:30,0
2026-03-29 09:45,0
2026-03-29 10:15,0
2026-03-29 10:30,0
2026-03-29 10:45,0
2026-03-29 11:00,0
2026-03-29 11:30,0
2026-03-29 11:45,0
2026-03-29 12:15,0
2026-03-29 12:30,0
2026-03-29 13:00,0
2026-03-29 13:15,0
2026-03-29 13:30,0
2026-03-29 14:00,0
2026-03-29 14:15,0
2026-03-29 14:30,0
2026-03-29 14:45,0
2026-03-29 15:00,0
2026-03-29 15:30,0
2026-03-29 15:45,0
2026-03-29 16:00,0
2026-03-29 16:15,0
2026-03-29 16:30,0
2026-03-29 16:45,0
2026-03-29 17:00,0
2026-03-29 17:15,0
2026-03-29 17:30,0
2026-03-29 17:45,0
2026-03-29 18:00,0
2026-03-29 18:15,0
2026-03-29 18:30,0
2026-03-29 18:45,0
2026-03-29 19:00,0
2026-03-29 19:15,0
2026-03-29 19:30,0
2026-03-29 19:45,0
2026-03-29 20:00,0
2026-03-29 20:15,0
2026-03-29 20:30,0
2026-03-29 20:45,0
2026-03-29 21:15,0
2026-03-29 21:30,0
2026-03-29 21:45,0
2026-03-29 22:15,0
2026-03-29 22:30,0
2026-03-29 22:45,0
2026-03-29 23:00,0
2026-03-29 23:15,0
2026-03-29 23:30,0
2026-03-30 00:00,0
2026-03-30 00:15,0
2026-03-30 00:30,0
2026-03-30 01:00,0
2026-03-30 01:15,0
2026-03-30 01:45,0
2026-03-30 02:00,0
2026-03-30 02:15,0
2026-03-30 02:30,0
2026-03-30 02:45,0
2026-03-30 03:15,0
2026-03-30 03:45,0
2026-03-30 04:00,0
2026-03-30 04:30,0
2026-03-30 04:45,0
2026-03-30 05:00,0
2026-03-30 05:30,0
2026-03-30 05:45,0
2026-03-30 06:00,0
2026-03-30 06:30,0
2026-03-30 06:45,0
2026-03-30 07:00,0
2026-03-30 07:15,0
2026-03-30 07:30,0
2026-03-30 07:45,0
2026-03-30 08:00,0
2026-03-30 08:15,0
2026-03-30 08:45,0
2026-03-30 09:00,0
2026-03-30 09:15,0
2026-03-30 09:30,0
2026-03-30 09:45,0
2026-03-30 10:00,0
2026-03-30 10:30,0
2026-03-30 10:45,0
2026-03-30 11:00,0
2026-03-30 11:30,0
2026-03-30 11:45,0
2026-03-30 12:00,0
2026-03-30 12:15,0
2026-03-30 12:30,0
2026-03-30 13:00,0
2026-03-30 13:15,0
2026-03-30 13:30,0
2026-03-30 13:45,0
2026-03-30 14:20,0
2026-03-30 14:30,0
2026-03-30 14:45,0
2026-03-30 15:15,0
2026-03-30 15:30,0
2026-03-30 15:45,0
2026-03-30 16:15,0
2026-03-30 16:30,0
2026-03-30 16:45,0
2026-03-30 17:00,0
2026-03-30 17:15,0
2026-03-30 17:30,0
2026-03-30 17:45,0
2026-03-30 18:15,0
2026-03-30 18:30,0
2026-03-30 18:45,0
2026-03-30 19:00,0
2026-03-30 19:15,0
2026-03-30 19:30,0
2026-03-30 19:45,0
2026-03-30 20:00,0
2026-03-30 20:15,0
2026-03-30 20:30,0
2026-03-30 20:45,0
2026-03-30 21:00,0
2026-03-30 21:15,0
2026-03-30 21:30,0
2026-03-30 22:00,0
2026-03-30 22:15,0
2026-03-30 22:30,0
2026-03-30 22:45,0
2026-03-30 23:00,0
2026-03-30 23:30,0
2026-03-30 23:45,0
2026-03-31 00:00,0
2026-03-31 00:15,0
2026-03-31 00:30,0
2026-03-31 00:45,0
2026-03-31 01:15,0
2026-03-31 01:30,0
2026-03-31 01:45,0
2026-03-31 02:15,0
2026-03-31 02:30,0
2026-03-31 02:45,0
2026-03-31 03:00,0
2026-03-31 03:15,0
2026-03-31 03:30,0
2026-03-31 03:45,0
2026-03-31 04:15,0
2026-03-31 04:30,0
2026-03-31 04:45,0
2026-03-31 05:00,0
2026-03-31 05:15,0
2026-03-31 05:45,0
2026-03-31 06:00,0
2026-03-31 06:15,0
2026-03-31 06:45,0
2026-03-31 07:00,0
2026-03-31 07:15,0
2026-03-31 07:30,0
2026-03-31 08:00,0
2026-03-31 08:15,0
2026-03-31 08:45,0
2026-03-31 09:00,0
2026-03-31 09:15,0
2026-03-31 09:30,0
2026-03-31 10:00,0
2026-03-31 10:15,0
2026-03-31 10:45,0
2026-03-31 11:00,0
2026-03-31 11:30,0
2026-03-31 11:45,0
2026-03-31 12:15,0
2026-03-31 12:30,0
2026-03-31 13:06,0
2026-03-31 13:15,0
2026-03-31 13:30,0
2026-03-31 13:45,0
2026-03-31 14:00,0
2026-03-31 14:30,0
2026-03-31 14:45,0
2026-03-31 15:00,0
2026-03-31 15:15,0
2026-03-31 15:30,0
2026-03-31 15:45,0
2026-03-31 16:00,0
2026-03-31 16:15,0
2026-03-31 16:30,0
2026-03-31 16:45,0
2026-03-31 17:00,0
2026-03-31 17:30,0
2026-03-31 17:45,0
2026-03-31 18:00,0
2026-03-31 18:15,0
2026-03-31 18:30,0
2026-03-31 19:00,0
2026-03-31 19:15,0
2026-03-31 19:30,0
2026-03-31 20:00,0
2026-03-31 20:15,0
2026-03-31 20:30,0
2026-03-31 21:00,0
2026-03-31 21:15,0
2026-03-31 21:45,0
2026-03-31 22:00,0
2026-03-31 22:15,0
2026-03-31 22:45,0
2026-03-31 23:00,0
2026-03-31 23:30,0
2026-03-31 23:45,0
2026-04-01 00:00,0
2026-04-01 00:15,0
2026-04-01 00:30,0
2026-04-01 00:45,0
2026-04-01 01:15,0
2026-04-01 01:30,0
2026-04-01 02:00,0
2026-04-01 02:15,0
2026-04-01 02:30,0
2026-04-01 02:45,0
2026-04-01 03:15,0
2026-04-01 03:30,0
2026-04-01 03:45,0
2026-04-01 04:00,0
2026-04-01 04:30,0
2026-04-01 04:45,0
2026-04-01 05:00,0
2026-04-01 05:30,0
2026-04-01 05:45,0
2026-04-01 06:00,0
2026-04-01 06:30,0
2026-04-01 06:45,0
2026-04-01 07:15,0
2026-04-01 07:30,0
2026-04-01 07:45,0
2026-04-01 08:15,0
2026-04-01 08:30,0
2026-04-01 08:45,0
2026-04-01 09:15,0
2026-04-01 09:30,0
2026-04-01 09:45,0
2026-04-01 10:15,0
2026-04-01 10:30,0
2026-04-01 10:45,0
2026-04-01 11:15,0
2026-04-01 11:58,0
2026-04-01 12:00,0
2026-04-01 12:15,0
2026-04-01 12:30,0
2026-04-01 12:45,0
2026-04-01 13:00,0
2026-04-01 13:15,0
2026-04-01 13:30,0
2026-04-01 14:00,0
2026-04-01 14:30,0
2026-04-01 14:45,0
2026-04-01 15:00,0
2026-04-01 15:15,0
2026-04-01 15:30,0
2026-04-01 15:45,0
2026-04-01 16:15,0
2026-04-01 16:30,0
2026-04-01 16:45,0
2026-04-01 17:30,0
2026-04-01 17:45,0
2026-04-01 18:00,0
2026-04-01 18:30,0
2026-04-01 18:45,0
2026-04-01 19:31,0
2026-04-01 19:45,0
2026-04-01 20:15,0
2026-04-01 20:30,0
2026-04-01 20:45,0
2026-04-01 21:00,0
2026-04-01 21:30,0
2026-04-01 21:45,0
2026-04-01 22:00,0
2026-04-01 22:15,0
2026-04-01 22:30,0
2026-04-01 22:45,0
2026-04-01 23:00,0
2026-04-01 23:48,0
2026-04-02 00:00,0
2026-04-02 00:15,0
2026-04-02 00:45,0
2026-04-02 01:00,0
2026-04-02 01:15,0
2026-04-02 01:45,0
2026-04-02 02:00,0
2026-04-02 02:30,0
2026-04-02 02:45,0
2026-04-02 03:15,0
2026-04-02 03:30,0
2026-04-02 03:45,0
2026-04-02 04:00,0
2026-04-02 04:15,0
2026-04-02 04:30,0
2026-04-02 05:00,0
2026-04-02 05:15,0
2026-04-02 05:45,0
2026-04-02 06:00,0
2026-04-02 06:15,0
2026-04-02 06:45,0
2026-04-02 07:00,0
2026-04-02 07:15,0
2026-04-02 07:30,0
2026-04-02 08:42,0
2026-04-02 08:45,0
2026-04-02 09:32,0
2026-04-02 09:45,0
2026-04-02 10:35,0
2026-04-02 11:00,0
2026-04-02 11:15,0
2026-04-02 11:30,0
2026-04-02 11:45,0
2026-04-02 12:15,0
2026-04-02 12:30,0
2026-04-02 13:00,0
2026-04-02 13:15,0
2026-04-02 13:45,0
2026-04-02 14:00,0
2026-04-02 14:15,0
2026-04-02 14:30,0
2026-04-02 15:00,0
2026-04-02 15:15,0
2026-04-02 15:30,0
2026-04-02 16:00,0
2026-04-02 16:15,0
2026-04-02 16:30,0
2026-04-02 16:45,0
2026-04-02 17:00,0
2026-04-02 17:30,0
2026-04-02 17:45,0
2026-04-02 18:00,0
2026-04-02 18:30,0
2026-04-02 18:45,0
2026-04-02 19:00,0
2026-04-02 19:15,0
2026-04-02 19:45,0
2026-04-02 20:00,0
2026-04-02 20:15,0
2026-04-02 20:45,0
2026-04-02 21:00,0
2026-04-02 21:15,0
2026-04-02 21:30,0
2026-04-02 21:45,0
2026-04-02 22:15,0
2026-04-02 22:30,0
2026-04-02 22:45,0
2026-04-02 23:00,0
2026-04-02 23:15,0
2026-04-02 23:30,0
2026-04-02 23:45,0
2026-04-03 00:00,0
2026-04-03 00:15,0
2026-04-03 00:45,0
2026-04-03 01:00,0
2026-04-03 01:15,0
2026-04-03 01:58,0
2026-04-03 02:00,0
2026-04-03 02:15,0
2026-04-03 02:45,0
2026-04-03 03:00,0
2026-04-03 03:15,0
2026-04-03 03:57,0
2026-04-03 04:00,0
2026-04-03 04:15,0
2026-04-03 04:30,0
2026-04-03 05:00,0
2026-04-03 05:15,0
2026-04-03 05:30,0
2026-04-03 05:45,0
2026-04-03 06:00,0
2026-04-03 06:30,0
2026-04-03 07:00,0
2026-04-03 07:15,0
2026-04-03 07:45,0
2026-04-03 08:32,0
2026-04-03 08:45,0
2026-04-03 09:00,0
2026-04-03 09:15,0
2026-04-03 09:45,0
2026-04-03 10:00,0
2026-04-03 10:15,0
2026-04-03 10:30,0
2026-04-03 11:00,0
2026-04-03 11:15,0
2026-04-03 11:30,0
2026-04-03 11:45,0
2026-04-03 12:15,0
2026-04-03 12:30,0
2026-04-03 12:45,0
2026-04-03 13:00,0
2026-04-03 13:15,0
2026-04-03 13:30,0
2026-04-03 13:45,0
2026-04-03 14:15,0
2026-04-03 14:30,0
2026-04-03 14:45,0
2026-04-03 15:00,0
2026-04-03 15:15,0
2026-04-03 16:13,0
2026-04-03 16:30,0
2026-04-03 16:45,0
2026-04-03 17:00,0
2026-04-03 17:15,0
2026-04-03 17:30,0
2026-04-03 18:00,0
2026-04-03 18:30,0
2026-04-03 18:45,0
2026-04-03 19:15,0
2026-04-03 19:30,0
2026-04-03 19:45,0
2026-04-03 20:15,0
2026-04-03 20:30,0
2026-04-03 20:45,0
2026-04-03 21:00,0
2026-04-03 21:30,0
2026-04-03 21:45,0
2026-04-03 22:00,0
2026-04-03 22:15,0
2026-04-03 22:30,0
2026-04-03 22:45,0
2026-04-03 23:00,0
2026-04-03 23:15,0
2026-04-03 23:30,0
2026-04-04 00:00,0
2026-04-04 00:15,0
2026-04-04 00:45,0
2026-04-04 01:00,0
2026-04-04 01:15,0
2026-04-04 01:45,0
2026-04-04 02:00,0
2026-04-04 02:15,0
2026-04-04 02:30,0
2026-04-04 03:00,0
2026-04-04 03:15,0
2026-04-04 03:30,0
2026-04-04 03:45,0
2026-04-04 04:15,0
2026-04-04 04:30,0
2026-04-04 04:45,0
2026-04-04 05:15,0
2026-04-04 05:30,0
2026-04-04 06:00,0
2026-04-04 06:15,0
2026-04-04 06:30,0
2026-04-04 06:45,0
2026-04-04 07:15,0
2026-04-04 07:30,0
2026-04-04 07:45,0
2026-04-04 08:00,0
2026-04-04 08:15,0
2026-04-04 08:30,0
2026-04-04 09:00,0
2026-04-04 09:15,0
2026-04-04 09:30,0
2026-04-04 09:45,0
2026-04-04 10:00,0
2026-04-04 10:15,0
2026-04-04 10:45,0
2026-04-04 11:00,0
2026-04-04 11:15,0
2026-04-04 11:30,0
2026-04-04 11:45,0
2026-04-04 12:00,0
2026-04-04 12:15,0
2026-04-04 12:30,0
2026-04-04 12:45,0
2026-04-04 13:00,0
2026-04-04 13:30,0
2026-04-04 13:45,0
2026-04-04 14:00,0
2026-04-04 14:30,0
2026-04-04 14:45,0
2026-04-04 15:00,0
2026-04-04 15:15,0
2026-04-04 15:30,0
2026-04-04 15:45,0
2026-04-04 16:00,0
2026-04-04 16:15,0
2026-04-04 16:45,0
2026-04-04 17:00,0
2026-04-04 17:15,0
2026-04-04 17:30,0
2026-04-04 18:00,0
2026-04-04 18:15,0
2026-04-04 18:30,0
2026-04-04 18:45,0
2026-04-04 19:00,0
2026-04-04 19:15,0
2026-04-04 19:30,0
2026-04-04 19:45,0
2026-04-04 20:00,0
2026-04-04 20:15,0
2026-04-04 20:45,0
2026-04-04 21:00,0
2026-04-04 21:30,0
2026-04-04 21:45,0
2026-04-04 22:00,0
2026-04-04 22:30,0
2026-04-04 22:45,0
2026-04-04 23:00,0
2026-04-04 23:15,0
2026-04-04 23:30,0
2026-04-04 23:45,0
2026-04-05 00:00,0
2026-04-05 00:30,0
2026-04-05 00:45,0
2026-04-05 01:00,0
2026-04-05 01:15,0
2026-04-05 01:30,0
2026-04-05 01:45,0
2026-04-05 02:00,0
2026-04-05 02:15,0
2026-04-05 02:30,0
2026-04-05 02:45,0
2026-04-05 03:00,0
2026-04-05 03:15,0
2026-04-05 03:30,0
2026-04-05 03:45,0
2026-04-05 04:00,0
2026-04-05 04:15,0
2026-04-05 04:30,0
2026-04-05 04:45,0
2026-04-05 05:00,0
2026-04-05 05:15,0
2026-04-05 05:30,0
2026-04-05 05:45,0
2026-04-05 06:00,0
2026-04-05 06:15,0
2026-04-05 06:30,0
2026-04-05 06:45,0
2026-04-05 07:15,0
2026-04-05 07:30,0
2026-04-05 07:45,0
2026-04-05 08:15,0
2026-04-05 08:30,0
2026-04-05 08:45,0
2026-04-05 09:00,0
2026-04-05 09:15,0
2026-04-05 09:30,0
2026-04-05 09:45,0
2026-04-05 10:00,0
2026-04-05 10:15,0
2026-04-05 10:30,0
2026-04-05 10:45,0
2026-04-05 11:00,0
2026-04-05 11:15,0
2026-04-05 11:30,0
2026-04-05 11:45,0
2026-04-05 12:00,0
2026-04-05 12:15,0
2026-04-05 12:30,0
2026-04-05 12:45,0
2026-04-05 13:00,0
2026-04-05 13:15,0
2026-04-05 13:30,0
2026-04-05 13:45,0
2026-04-05 14:00,0
2026-04-05 14:15,0
2026-04-05 14:30,0
2026-04-05 14:45,0
2026-04-05 15:00,0
2026-04-05 15:15,0
2026-04-05 15:30,0
2026-04-05 15:45,0
2026-04-05 16:00,0
2026-04-05 16:15,0
2026-04-05 16:30,0
2026-04-05 16:45,0
2026-04-05 17:00,0
2026-04-05 17:15,0
2026-04-05 17:30,0
2026-04-05 17:45,0
2026-04-05 18:00,0
2026-04-05 18:15,0
2026-04-05 18:30,0
2026-04-05 18:45,0
2026-04-05 19:00,0
2026-04-05 19:15,0
2026-04-05 19:30,0
2026-04-05 19:45,0
2026-04-05 20:18,0
2026-04-05 20:30,0
2026-04-05 20:45,0
2026-04-05 21:00,0
2026-04-05 21:15,0
2026-04-05 21:30,0
2026-04-05 21:45,0
2026-04-05 22:15,0
2026-04-05 22:45,0
2026-04-05 23:00,0
2026-04-05 23:15,0
2026-04-05 23:45,0
2026-04-06 00:00,0
2026-04-06 00:15,0
2026-04-06 00:30,0
2026-04-06 00:45,0
2026-04-06 01:00,0
2026-04-06 01:15,0
2026-04-06 01:30,0
2026-04-06 01:45,0
2026-04-06 02:00,0
2026-04-06 02:47,0
2026-04-06 03:00,0
2026-04-06 03:15,0
2026-04-06 03:30,0
2026-04-06 03:45,0
2026-04-06 04:15,0
2026-04-06 04:30,0
2026-04-06 05:00,0
2026-04-06 05:15,0
2026-04-06 05:30,0
2026-04-06 06:00,0
2026-04-06 06:15,0
2026-04-06 06:30,0
2026-04-06 07:00,0
2026-04-06 07:15,0
2026-04-06 07:30,0
2026-04-06 07:45,0
2026-04-06 08:15,0
2026-04-06 08:30,0
2026-04-06 08:45,0
2026-04-06 09:21,0
2026-04-06 09:30,0
2026-04-06 09:45,0
2026-04-06 10:15,0
2026-04-06 10:30,0
2026-04-06 11:00,0
2026-04-06 11:15,0
2026-04-06 11:30,0
2026-04-06 11:45,0
2026-04-06 12:00,0
2026-04-06 12:15,0
2026-04-06 12:30,0
2026-04-06 12:45,0
2026-04-06 13:00,0
2026-04-06 13:15,0
2026-04-06 13:30,0
2026-04-06 13:45,0
2026-04-06 14:00,0
2026-04-06 14:15,0
2026-04-06 14:30,0
2026-04-06 15:00,0
2026-04-06 15:15,0
2026-04-06 15:30,0
2026-04-06 15:45,0
2026-04-06 16:00,0
2026-04-06 16:15,0
2026-04-06 16:30,0
2026-04-06 16:45,0
2026-04-06 17:00,0
2026-04-06 17:15,0
2026-04-06 17:30,0
2026-04-06 17:45,0
2026-04-06 18:00,0
2026-04-06 18:15,0
2026-04-06 18:30,0
2026-04-06 18:45,0
2026-04-06 19:15,0
2026-04-06 19:30,0
2026-04-06 19:45,0
2026-04-06 20:00,0
2026-04-06 20:15,0
2026-04-06 20:30,0
2026-04-06 20:45,0
2026-04-06 21:00,0
2026-04-06 21:15,0
2026-04-06 21:30,0
2026-04-06 21:45,0
2026-04-06 22:00,0
2026-04-06 22:15,0
2026-04-06 22:30,0
2026-04-06 22:45,0
2026-04-06 23:00,0
2026-04-06 23:15,0
2026-04-06 23:30,0
2026-04-06 23:45,0
2026-04-07 00:00,0
2026-04-07 00:15,0
2026-04-07 00:30,0
2026-04-07 00:45,0
2026-04-07 01:00,0
2026-04-07 01:15,0
2026-04-07 01:30,0
2026-04-07 01:45,0
2026-04-07 02:00,0
2026-04-07 02:15,0
2026-04-07 02:30,0
2026-04-07 02:45,0
2026-04-07 03:00,0
2026-04-07 03:15,0
2026-04-07 03:30,0
2026-04-07 03:45,0
2026-04-07 04:00,0
2026-04-07 04:15,0
2026-04-07 04:30,0
2026-04-07 04:45,0
2026-04-07 05:00,0
2026-04-07 05:15,0
2026-04-07 05:30,0
2026-04-07 05:45,0
2026-04-07 06:20,0
2026-04-07 06:30,0
2026-04-07 06:45,0
2026-04-07 07:00,0
2026-04-07 07:30,0
2026-04-07 07:45,0
2026-04-07 08:00,0
2026-04-07 08:15,0
2026-04-07 08:30,0
2026-04-07 08:45,0
2026-04-07 09:21,0
2026-04-07 09:30,0
2026-04-07 09:45,0
2026-04-07 10:00,0
2026-04-07 10:15,0
2026-04-07 10:30,0
2026-04-07 10:45,0
2026-04-07 11:00,0
2026-04-07 11:15,0
2026-04-07 11:30,0
2026-04-07 11:45,0
2026-04-07 12:15,0
2026-04-07 12:52,0
2026-04-07 13:00,0
2026-04-07 13:15,0
2026-04-07 13:30,0
2026-04-07 13:45,0
2026-04-07 14:00,0
2026-04-07 14:15,0
2026-04-07 14:30,0
2026-04-07 14:45,0
2026-04-07 15:00,0
2026-04-07 15:30,0
2026-04-07 15:45,0
2026-04-07 16:00,0
2026-04-07 16:15,0
2026-04-07 16:30,0
2026-04-07 16:45,0
2026-04-07 17:00,0
2026-04-07 17:15,0
2026-04-07 17:30,0
2026-04-07 17:45,0
2026-04-07 18:00,0
2026-04-07 18:15,0
2026-04-07 18:30,0
2026-04-07 18:45,0
2026-04-07 19:00,0
2026-04-07 19:15,0
2026-04-07 19:30,0
2026-04-07 20:00,0
2026-04-07 20:15,0
2026-04-07 20:30,0
2026-04-07 20:45,0
2026-04-07 21:00,0
2026-04-07 21:15,0
2026-04-07 21:30,0
2026-04-07 21:45,0
2026-04-07 22:00,0
2026-04-07 22:15,0
2026-04-07 22:30,0
2026-04-07 22:45,0
2026-04-07 23:00,0
2026-04-07 23:15,0
2026-04-07 23:30,0
2026-04-07 23:45,0
2026-04-08 00:20,0
2026-04-08 00:30,0
2026-04-08 00:45,0
2026-04-08 01:00,0
2026-04-08 01:15,0
2026-04-08 01:30,0
2026-04-08 01:45,0
2026-04-08 02:00,0
2026-04-08 02:15,0
2026-04-08 02:30,0
2026-04-08 02:45,0
2026-04-08 03:00,0
2026-04-08 03:15,0
2026-04-08 03:30,0
2026-04-08 04:05,0
2026-04-08 04:15,0
2026-04-08 04:30,0
2026-04-08 04:45,0
2026-04-08 05:15,0
2026-04-08 05:30,0
2026-04-08 05:45,0
2026-04-08 06:15,0
2026-04-08 06:30,0
2026-04-08 06:45,0
2026-04-08 07:00,0
2026-04-08 07:15,0
2026-04-08 07:30,0
2026-04-08 07:45,0
2026-04-08 08:00,0
2026-04-08 08:15,0
2026-04-08 08:30,0
2026-04-08 08:45,0
2026-04-08 09:00,0
2026-04-08 09:15,0
2026-04-08 09:45,0
2026-04-08 10:00,0
2026-04-08 10:30,0
2026-04-08 10:45,0
2026-04-08 11:15,0
2026-04-08 11:30,0
2026-04-08 12:00,0
2026-04-08 12:15,0
2026-04-08 12:30,0
2026-04-08 12:45,0
2026-04-08 13:15,0
2026-04-08 13:30,0
2026-04-08 13:45,0
2026-04-08 14:00,0
2026-04-08 14:30,0
2026-04-08 14:45,0
2026-04-08 15:15,0
2026-04-08 15:30,0
2026-04-08 15:45,0
2026-04-08 16:00,0
2026-04-08 16:30,0
2026-04-08 16:45,0
2026-04-08 17:00,0
2026-04-08 17:15,0
2026-04-08 17:30,0
2026-04-08 17:45,0
2026-04-08 18:00,0
2026-04-08 18:15,0
2026-04-08 18:30,0
2026-04-08 18:45,0
2026-04-08 19:00,0
2026-04-08 19:15,0
2026-04-08 19:30,0
2026-04-08 19:45,0
2026-04-08 20:00,0
2026-04-08 20:15,0
2026-04-08 20:30,0
2026-04-08 20:45,0
2026-04-08 21:00,0
2026-04-08 21:15,0
2026-04-08 21:30,0
2026-04-08 21:45,0
2026-04-08 22:00,0
2026-04-08 22:15,0
2026-04-08 22:30,0
2026-04-08 22:45,0
2026-04-08 23:30,0
2026-04-08 23:45,0
2026-04-09 00:00,0
2026-04-09 00:15,0
2026-04-09 00:30,0
2026-04-09 00:45,0
2026-04-09 01:00,0
2026-04-09 01:15,0
2026-04-09 01:30,0
2026-04-09 01:45,0
2026-04-09 02:00,0
2026-04-09 02:15,0
2026-04-09 02:30,0
2026-04-09 02:45,0
2026-04-09 03:00,0
2026-04-09 03:15,0
2026-04-09 03:30,0
2026-04-09 03:45,0
2026-04-09 04:00,0
2026-04-09 04:40,0
2026-04-09 04:45,0
2026-04-09 05:00,0
2026-04-09 05:15,0
2026-04-09 05:30,0
2026-04-09 05:45,0
2026-04-09 06:00,0
2026-04-09 06:15,0
2026-04-09 06:30,0
2026-04-09 06:45,0
2026-04-09 07:00,0
2026-04-09 07:15,0
2026-04-09 07:45,0
2026-04-09 08:00,0
2026-04-09 08:15,0
2026-04-09 08:30,0
2026-04-09 08:45,0
2026-04-09 09:00,0
2026-04-09 09:15,0
2026-04-09 09:30,0
2026-04-09 09:45,0
2026-04-09 10:00,0
2026-04-09 10:15,0
2026-04-09 10:30,0
2026-04-09 10:45,0
2026-04-09 11:00,0
2026-04-09 11:15,0
2026-04-09 11:30,0
2026-04-09 11:45,0
2026-04-09 12:00,0
2026-04-09 12:15,0
2026-04-09 12:45,0
2026-04-09 13:00,0
2026-04-09 13:15,0
2026-04-09 13:30,0
2026-04-09 13:45,0
2026-04-09 14:00,0
2026-04-09 14:30,0
2026-04-09 14:45,0
2026-04-09 15:00,0
2026-04-09 15:15,0
2026-04-09 15:30,0
2026-04-09 15:45,0
2026-04-09 16:00,0
2026-04-09 16:39,0
2026-04-09 16:45,0
2026-04-09 17:00,0
2026-04-09 17:15,0
2026-04-09 17:30,0
2026-04-09 17:45,0
2026-04-09 18:00,0
2026-04-09 18:15,0
2026-04-09 18:30,0
2026-04-09 18:45,0
2026-04-09 19:00,0
2026-04-09 19:15,0
2026-04-09 19:30,0
2026-04-09 19:45,0
2026-04-09 20:00,0
2026-04-09 20:15,0
2026-04-09 20:30,0
2026-04-09 20:45,0
2026-04-09 21:00,0
2026-04-09 21:15,0
2026-04-09 21:30,0
2026-04-09 21:45,0
2026-04-09 22:00,0
2026-04-09 22:15,0
2026-04-09 22:30,0
2026-04-09 22:45,0
2026-04-09 23:00,0
2026-04-09 23:15,0
2026-04-09 23:30,0
2026-04-09 23:45,0
2026-04-10 00:00,0
2026-04-10 00:15,0
2026-04-10 00:30,0
2026-04-10 00:45,0
2026-04-10 01:00,0
2026-04-10 01:15,0
2026-04-10 01:30,0
2026-04-10 01:45,0
2026-04-10 02:00,0
2026-04-10 02:30,0
2026-04-10 02:45,0
2026-04-10 03:00,0
2026-04-10 03:30,0
2026-04-10 03:45,0
2026-04-10 04:00,0
2026-04-10 04:15,0
2026-04-10 04:45,0
2026-04-10 05:00,0
2026-04-10 05:15,0
2026-04-10 05:45,0
2026-04-10 06:00,0
2026-04-10 06:15,0
2026-04-10 06:45,0
2026-04-10 07:00,0
2026-04-10 07:15,0
2026-04-10 07:30,0
2026-04-10 08:00,0
2026-04-10 08:15,0
2026-04-10 08:30,0
2026-04-10 08:45,0
2026-04-10 09:00,0
2026-04-10 09:15,0
2026-04-10 09:30,0
2026-04-10 09:45,0
2026-04-10 10:00,0
2026-04-10 10:15,0
2026-04-10 10:30,0
2026-04-10 10:45,0
2026-04-10 11:00,0
2026-04-10 11:15,0
2026-04-10 11:30,0
2026-04-10 11:45,0
2026-04-10 12:00,0
2026-04-10 12:15,0
2026-04-10 12:30,0
2026-04-10 12:45,0
2026-04-10 13:00,0
2026-04-10 13:15,0
2026-04-10 13:53,0
2026-04-10 14:00,0
2026-04-10 14:15,0
2026-04-10 14:30,0
2026-04-10 14:45,0
2026-04-10 15:00,0
2026-04-10 15:15,0
2026-04-10 15:30,0
2026-04-10 15:45,0
2026-04-10 16:00,0
2026-04-10 16:15,0
2026-04-10 16:30,0
2026-04-10 16:45,0
2026-04-10 17:00,0
2026-04-10 17:15,0
2026-04-10 17:30,0
2026-04-10 17:45,0
2026-04-10 18:00,0
2026-04-10 18:15,0
2026-04-10 18:30,0
2026-04-10 18:45,0
2026-04-10 19:00,0
2026-04-10 19:15,0
2026-04-10 19:30,0
2026-04-10 19:45,0
2026-04-10 20:00,0
2026-04-10 20:15,0
2026-04-10 20:30,0
2026-04-10 20:45,0
2026-04-10 21:00,0
2026-04-10 21:15,0
2026-04-10 21:30,0
2026-04-10 21:45,0
2026-04-10 22:00,0
2026-04-10 22:15,0
2026-04-10 22:30,0
2026-04-10 22:45,0
2026-04-10 23:00,0
2026-04-10 23:15,0
2026-04-10 23:30,0
2026-04-11 00:00,0
2026-04-11 00:15,0
2026-04-11 00:30,0
2026-04-11 01:10,0
2026-04-11 01:30,0
2026-04-11 01:45,0
2026-04-11 02:00,0
2026-04-11 02:15,0
2026-04-11 02:30,0
2026-04-11 02:45,0
2026-04-11 03:00,0
2026-04-11 03:15,0
2026-04-11 03:30,0
2026-04-11 03:45,0
2026-04-11 04:00,0
2026-04-11 04:30,0
2026-04-11 05:08,0
2026-04-11 05:15,0
2026-04-11 05:30,0
2026-04-11 05:45,0
2026-04-11 06:00,0
2026-04-11 06:15,0
2026-04-11 06:30,0
2026-04-11 06:45,0
2026-04-11 07:30,0
2026-04-11 07:45,0
2026-04-11 08:15,0
2026-04-11 08:30,0
2026-04-11 08:45,0
2026-04-11 09:00,0
2026-04-11 09:15,0
2026-04-11 09:30,0
2026-04-11 09:45,0
2026-04-11 10:00,0
2026-04-11 10:15,0
2026-04-11 10:30,0
2026-04-11 10:45,0
2026-04-11 11:00,0
2026-04-11 11:15,0
2026-04-11 11:30,0
2026-04-11 11:45,0
2026-04-11 12:00,0
2026-04-11 12:15,0
2026-04-11 12:30,0
2026-04-11 12:45,0
2026-04-11 13:00,0
2026-04-11 13:15,0
2026-04-11 13:30,0
2026-04-11 13:45,0
2026-04-11 14:00,0
2026-04-11 14:15,0
2026-04-11 14:30,0
2026-04-11 14:45,0
2026-04-11 15:00,0
2026-04-11 15:15,0
2026-04-11 15:30,0
2026-04-11 15:45,0
2026-04-11 16:00,0
2026-04-11 16:15,0
2026-04-11 16:30,0
2026-04-11 16:45,0
2026-04-11 17:00,0
2026-04-11 17:15,0
2026-04-11 17:30,0
2026-04-11 17:45,0
2026-04-11 18:00,0
2026-04-11 18:15,0
2026-04-11 18:30,0
2026-04-11 18:45,0
2026-04-11 19:15,0
2026-04-11 19:30,0
2026-04-11 20:15,0
2026-04-11 20:30,0
2026-04-11 20:45,0
2026-04-11 21:15,0
2026-04-11 21:30,0
2026-04-11 21:45,0
2026-04-11 22:00,0
2026-04-11 22:15,0
2026-04-11 22:30,0
2026-04-11 22:45,0
2026-04-11 23:15,0
2026-04-11 23:30,0
2026-04-12 00:00,0
2026-04-12 00:15,0
2026-04-12 00:30,0
2026-04-12 00:45,0
2026-04-12 01:40,0
2026-04-12 01:45,0
2026-04-12 02:15,0
2026-04-12 02:30,0
2026-04-12 03:00,0
2026-04-12 03:15,0
2026-04-12 03:45,0
2026-04-12 04:00,0
2026-04-12 04:15,0
2026-04-12 04:30,0
2026-04-12 04:45,0
2026-04-12 05:00,0
2026-04-12 05:30,0
2026-04-12 05:45,0
2026-04-12 06:00,0
2026-04-12 06:15,0
2026-04-12 06:30,0
2026-04-12 06:45,0
2026-04-12 07:00,0
2026-04-12 07:15,0
2026-04-12 07:48,0
2026-04-12 08:15,0
2026-04-12 08:30,0
2026-04-12 08:45,0
2026-04-12 09:00,0
2026-04-12 09:30,0
2026-04-12 09:45,0
2026-04-12 10:00,0
2026-04-12 10:15,0
2026-04-12 10:45,0
2026-04-12 11:00,0
2026-04-12 11:15,0
2026-04-12 11:45,0
2026-04-12 12:00,0
2026-04-12 12:15,0
2026-04-12 12:45,0
2026-04-12 13:00,0
2026-04-12 13:15,0
2026-04-12 13:45,0
2026-04-12 14:00,0
2026-04-12 14:15,0
2026-04-12 14:30,0
2026-04-12 15:00,0
2026-04-12 15:15,0
2026-04-12 15:30,0.37
2026-04-12 15:45,0.35
2026-04-12 16:15,0.29
2026-04-12 16:30,0.29
2026-04-12 16:45,0.27
2026-04-12 17:15,0.26
2026-04-12 17:30,0.23
2026-04-12 17:45,0.26
2026-04-12 18:15,0.24
2026-04-12 18:30,0.24
2026-04-12 18:45,0.26
2026-04-12 19:00,0.29
2026-04-12 19:30,0.25
2026-04-12 19:45,0.23
2026-04-12 20:00,0.22
2026-04-12 20:15,0.22
2026-04-12 20:30,0.21
2026-04-12 20:45,0.24
2026-04-12 21:00,0.23
2026-04-12 21:30,0.22
2026-04-12 21:45,0.24
2026-04-12 22:00,0.24
2026-04-12 22:15,0.28
2026-04-12 22:45,0.23
2026-04-12 23:00,0.23
2026-04-12 23:30,0.22
2026-04-13 00:00,0.24
2026-04-13 00:15,0.22
2026-04-13 00:30,0.25
2026-04-13 00:45,0.23
2026-04-13 01:00,0.24
2026-04-13 01:30,0.29
2026-04-13 01:45,0.23
2026-04-13 02:00,0.25
2026-04-13 02:15,0.22
2026-04-13 02:45,0.24
2026-04-13 03:00,0.25
2026-04-13 03:15,0.23
2026-04-13 03:30,0.25
2026-04-13 04:15,0.25
2026-04-13 04:30,0.26
2026-04-13 04:45,0.24
2026-04-13 05:15,0.24
2026-04-13 05:30,0.24
2026-04-13 05:45,0.26
2026-04-13 06:00,0.27
2026-04-13 06:15,0.23
2026-04-13 06:45,0.24
2026-04-13 07:00,0.27
2026-04-13 07:15,0.23
2026-04-13 07:30,0.25
2026-04-13 07:45,0.27
2026-04-13 08:00,0.23
2026-04-13 08:15,0.25
2026-04-13 08:30,0.23
2026-04-13 08:45,0.23
2026-04-13 09:00,0.22
2026-04-13 09:15,0.23
2026-04-13 09:30,0.23
2026-04-13 09:45,0.23
2026-04-13 10:00,0.21
2026-04-13 10:15,0.23
2026-04-13 10:30,0.22
2026-04-13 10:45,0.2
2026-04-13 11:15,0.21
2026-04-13 11:30,0.21
2026-04-13 11:45,0.24
2026-04-13 12:00,0.21
2026-04-13 12:15,0.23
2026-04-13 12:30,0.22
2026-04-13 12:45,0.2
2026-04-13 13:15,0.22
2026-04-13 13:30,0.22
2026-04-13 13:45,0.23
2026-04-13 14:00,0.23
2026-04-13 14:15,0.21
2026-04-13 14:45,0.22
2026-04-13 15:00,0.2
2026-04-13 15:15,0.23
2026-04-13 15:30,0.21
2026-04-13 15:45,0.23
2026-04-13 16:15,0.22
2026-04-13 16:30,0.22
2026-04-13 16:45,0.22
2026-04-13 17:00,0.22
2026-04-13 17:15,0.21
2026-04-13 17:30,0.2
2026-04-13 17:45,0.22
2026-04-13 18:00,0.22
2026-04-13 18:15,0.22
2026-04-13 18:30,0.22
2026-04-13 18:45,0.23
2026-04-13 19:00,0.25
2026-04-13 19:15,0.24
2026-04-13 19:30,0.24
2026-04-13 19:45,0.25
2026-04-13 20:00,0.24
2026-04-13 20:30,0.22
2026-04-13 20:45,0.25
2026-04-13 21:00,0.23
2026-04-13 21:15,0.22
2026-04-13 21:30,0.22
2026-04-13 21:45,0.2
2026-04-13 22:00,0.24
2026-04-13 22:15,0.21
2026-04-13 22:30,0.22
2026-04-13 22:45,0.22
2026-04-13 23:15,0.23
2026-04-13 23:30,0.25
2026-04-13 23:45,0.24
2026-04-14 00:00,0.25
2026-04-14 00:15,0.23
2026-04-14 00:30,0.25
2026-04-14 00:45,0.23
2026-04-14 01:00,0.23
2026-04-14 01:15,0.23
2026-04-14 01:30,0.24
2026-04-14 01:45,0.26
2026-04-14 02:00,0.23
2026-04-14 02:15,0.24
2026-04-14 02:30,0.25
2026-04-14 02:45,0.23
2026-04-14 03:00,0.26
2026-04-14 03:15,0.23
2026-04-14 03:30,0.26
2026-04-14 04:00,0.25
2026-04-14 04:35,0.23
2026-04-14 04:45,0.24
2026-04-14 05:00,0.23
2026-04-14 05:15,0.23
2026-04-14 05:30,0.25
2026-04-14 05:45,0.24
2026-04-14 06:00,0.23
2026-04-14 06:15,0.24
2026-04-14 06:30,0.24
2026-04-14 07:00,0.22
2026-04-14 07:15,0.24
2026-04-14 07:30,0.24
2026-04-14 08:00,0.23
2026-04-14 08:15,0.22
2026-04-14 08:30,0.22
2026-04-14 08:45,0.21
2026-04-14 09:00,0.23
2026-04-14 09:15,0.22
2026-04-14 09:30,0.23
2026-04-14 10:06,0.22
2026-04-14 10:15,0.21
2026-04-14 10:30,0.2
2026-04-14 10:45,0.2
2026-04-14 11:00,0.2
2026-04-14 11:15,0.2
2026-04-14 11:30,0.22
2026-04-14 12:07,0.22
2026-04-14 12:15,0.22
2026-04-14 12:45,0.22
2026-04-14 13:00,0.21
2026-04-14 13:15,0.23
2026-04-14 13:30,0.21
2026-04-14 13:45,0.21
2026-04-14 14:00,0.21
2026-04-14 14:30,0.19
2026-04-14 14:45,0.21
2026-04-14 15:00,0.21
2026-04-14 15:30,0.23
2026-04-14 15:45,0.22
2026-04-14 16:00,0.2
2026-04-14 16:15,0.22
2026-04-14 16:30,0.24
2026-04-14 16:45,0.21
2026-04-14 17:00,0.2
2026-04-14 17:15,0.21
2026-04-14 17:30,0.2
2026-04-14 17:45,0.2
2026-04-14 18:15,0.22
2026-04-14 18:30,0.21
2026-04-14 18:45,0.23
2026-04-14 19:00,0.21
2026-04-14 19:15,0.22
2026-04-14 19:30,0.21
2026-04-14 19:45,0.2
2026-04-14 20:00,0.22
2026-04-14 20:15,0.23
2026-04-14 20:30,0.22
2026-04-14 20:45,0.22
2026-04-14 21:00,0.2
2026-04-14 21:15,0.21
2026-04-14 21:30,0.22
2026-04-14 21:45,0.22
2026-04-14 22:00,0.21
2026-04-14 22:15,0.21
2026-04-14 22:30,0.22
2026-04-14 22:45,0.22
2026-04-14 23:00,0.21
2026-04-14 23:15,0.2
2026-04-14 23:30,0.22
2026-04-14 23:45,0.23
2026-04-15 00:00,0.21
2026-04-15 00:15,0.21
2026-04-15 00:30,0.21
2026-04-15 00:45,0.21
2026-04-15 01:00,0.22
2026-04-15 01:15,0.23
2026-04-15 01:30,0.23
2026-04-15 01:45,0.24
2026-04-15 02:00,0.25
2026-04-15 02:15,0.22
2026-04-15 02:30,0.22
2026-04-15 02:45,0.24
2026-04-15 03:00,0.25
2026-04-15 03:30,0.24
2026-04-15 03:45,0.22
2026-04-15 04:23,0.22
2026-04-15 04:38,0
2026-04-15 04:45,0.22
2026-04-15 05:00,0.23
2026-04-15 05:15,0.2
2026-04-15 05:30,0.24
2026-04-15 05:45,0.25
2026-04-15 06:00,0.23
2026-04-15 06:15,0.23
2026-04-15 06:30,0.21
2026-04-15 06:45,0.22
2026-04-15 07:00,0.23
2026-04-15 07:15,0.23
2026-04-15 07:30,0.23
2026-04-15 07:45,0.23
2026-04-15 08:00,0.24
2026-04-15 08:15,0.24
2026-04-15 08:30,0.23
2026-04-15 08:45,0.22
2026-04-15 09:00,0.23
2026-04-15 09:15,0.24
2026-04-15 09:30,0.22
2026-04-15 09:45,0.21
2026-04-15 10:00,0.23
2026-04-15 10:15,0.22
2026-04-15 10:30,0.21
2026-04-15 10:45,0.22
2026-04-15 11:00,0.21
2026-04-15 11:37,0.2
2026-04-15 11:45,0.23
2026-04-15 12:00,0.2
2026-04-15 12:15,0.22
2026-04-15 12:30,0.22
2026-04-15 12:45,0.22
2026-04-15 13:00,0.21
2026-04-15 13:30,0.22
2026-04-15 13:45,0.22
2026-04-15 14:00,0.21
2026-04-15 14:15,0.22
2026-04-15 14:45,0.25
2026-04-15 15:00,0.22
2026-04-15 15:15,0.22
2026-04-15 15:30,0.22
2026-04-15 15:45,0.23
2026-04-15 16:15,0.23
2026-04-15 16:30,0.23
2026-04-15 16:45,0.21
2026-04-15 17:00,0.24
2026-04-15 17:30,0.25
2026-04-15 17:45,0.23
2026-04-15 18:00,0.26
2026-04-15 18:15,0.25
2026-04-15 18:30,0.23
2026-04-15 19:00,0.25
2026-04-15 19:15,0.22
2026-04-15 19:30,0.27
2026-04-15 19:45,0.23
2026-04-15 20:00,0.25
2026-04-15 20:15,0.22
2026-04-15 20:30,0.23
2026-04-15 20:45,0.23
2026-04-15 21:00,0.24
2026-04-15 21:15,0.24
2026-04-15 21:30,0.23
2026-04-15 21:45,0.23
2026-04-15 22:00,0.23
2026-04-15 22:15,0.23
2026-04-15 22:30,0.26
2026-04-15 22:45,0.24
2026-04-15 23:00,0.25
2026-04-15 23:15,0.25
2026-04-15 23:30,0.25
2026-04-15 23:45,0.24
2026-04-16 00:00,0.25
2026-04-16 00:15,0.25
2026-04-16 00:30,0.24
2026-04-16 00:45,0.23
2026-04-16 01:00,0.24
2026-04-16 01:15,0.24
2026-04-16 01:30,0.23
2026-04-16 01:45,0.24
2026-04-16 02:00,0.26
2026-04-16 02:15,0.24
2026-04-16 02:30,0.24
2026-04-16 02:45,0.25
2026-04-16 03:00,0.23
2026-04-16 03:15,0.23
2026-04-16 03:30,0.21
2026-04-16 03:45,0.23
2026-04-16 04:00,0.22
2026-04-16 04:15,0.22
2026-04-16 04:30,0.21
2026-04-16 04:45,0.22
2026-04-16 05:00,0.21
2026-04-16 05:15,0.24
2026-04-16 05:30,0.24
2026-04-16 06:00,0.23
2026-04-16 06:15,0.23
2026-04-16 06:30,0.22
2026-04-16 07:00,0.23
2026-04-16 07:30,0.24
2026-04-16 07:45,0.23
2026-04-16 08:00,0.24
2026-04-16 08:15,0.21
2026-04-16 08:30,0.24
2026-04-16 08:45,0.24
2026-04-16 09:00,0.2
2026-04-16 09:15,0.22
2026-04-16 09:30,0.22
2026-04-16 09:45,0.2
2026-04-16 10:20,0.23
2026-04-16 10:30,0.21
2026-04-16 10:45,0.21
2026-04-16 11:00,0.22
2026-04-16 11:15,0.21
2026-04-16 11:30,0.22
2026-04-16 11:45,0.23
2026-04-16 12:00,0.22
2026-04-16 12:15,0.21
2026-04-16 12:30,0.2
2026-04-16 12:45,0.21
2026-04-16 13:00,0.2
2026-04-16 13:15,0.22
2026-04-16 13:30,0.21
2026-04-16 13:45,0.2
2026-04-16 14:00,0.21
2026-04-16 14:15,0.21
2026-04-16 14:30,0.23
2026-04-16 14:45,0.2
2026-04-16 15:21,0.22
2026-04-16 15:30,0.21
2026-04-16 15:45,0.21
2026-04-16 16:00,0.21
2026-04-16 16:15,0.21
2026-04-16 16:30,0.23
2026-04-16 16:45,0.21
2026-04-16 17:00,0.21
2026-04-16 17:15,0.22
2026-04-16 17:30,0.23
2026-04-16 17:45,0.22
2026-04-16 18:00,0.21
2026-04-16 18:15,0.23
2026-04-16 18:30,0.21
2026-04-16 18:45,0.22
2026-04-16 19:00,0.24
2026-04-16 19:15,0.22
2026-04-16 19:30,0.23
2026-04-16 19:45,0.23
2026-04-16 20:00,0.25
2026-04-16 20:15,0.23
2026-04-16 20:30,0.22
2026-04-16 20:45,0.23
2026-04-16 21:00,0.23
2026-04-16 21:15,0.22
2026-04-16 21:30,0.22
2026-04-16 21:45,0.22
2026-04-16 22:00,0.24
2026-04-16 22:15,0.21
2026-04-16 22:30,0.22
2026-04-16 22:45,0.22
2026-04-16 23:00,0.22
2026-04-16 23:15,0.21
2026-04-16 23:30,0.22
2026-04-16 23:45,0.23
2026-04-17 00:00,0.24
2026-04-17 00:15,0.24
2026-04-17 00:30,0.24
2026-04-17 00:45,0.25
2026-04-17 01:00,0.23
2026-04-17 01:15,0.22
2026-04-17 01:30,0.25
2026-04-17 01:45,0.22
2026-04-17 02:00,0.23
2026-04-17 02:15,0.23
2026-04-17 02:30,0.22
2026-04-17 02:45,0.25
2026-04-17 03:00,0.25
2026-04-17 03:15,0.22
2026-04-17 03:30,0.24
2026-04-17 03:45,0.24
2026-04-17 04:00,0.26
2026-04-17 04:15,0.25
2026-04-17 04:30,0.22
2026-04-17 04:45,0.24
2026-04-17 05:00,0.25
2026-04-17 05:15,0.24
2026-04-17 05:30,0.23
2026-04-17 05:45,0.22
2026-04-17 06:00,0.23
2026-04-17 06:15,0.23
2026-04-17 06:30,0.23
2026-04-17 06:45,0.23
2026-04-17 07:15,0.22
2026-04-17 07:30,0.24
2026-04-17 07:45,0.21
2026-04-17 08:00,0.23
2026-04-17 08:15,0.23
2026-04-17 08:30,0.2
2026-04-17 08:45,0.21
2026-04-17 09:00,0.21
2026-04-17 09:15,0.21
2026-04-17 09:30,0.22
2026-04-17 09:45,0.22
2026-04-17 10:00,0.23
2026-04-17 10:15,0.2
2026-04-17 10:30,0.2
2026-04-17 10:45,0.22
2026-04-17 11:00,0.19
2026-04-17 11:15,0.19
2026-04-17 11:48,0.2
2026-04-17 11:55,0
2026-04-17 12:00,0.19
2026-04-17 12:15,0.23
2026-04-17 12:30,0.2
2026-04-17 12:45,0.21
2026-04-17 13:00,0.23
2026-04-17 13:15,0.2
2026-04-17 13:30,0.19
2026-04-17 13:45,0.2
2026-04-17 14:00,0.19
2026-04-17 14:15,0.21
2026-04-17 14:30,0.22
2026-04-17 14:45,0.22
2026-04-17 15:00,0.21
2026-04-17 15:15,0.22
2026-04-17 15:52,0.23
2026-04-17 16:00,0.22
2026-04-17 16:15,0.22
2026-04-17 16:30,0.21
2026-04-17 16:45,0.22
2026-04-17 17:21,0.22
2026-04-17 17:30,0.23
2026-04-17 17:45,0.23
2026-04-17 18:00,0.21
2026-04-17 18:15,0.24
2026-04-17 18:30,0.22
2026-04-17 18:45,0.23
2026-04-17 19:00,0.2
2026-04-17 19:15,0.22
2026-04-17 19:30,0.22
2026-04-17 19:45,0.23
2026-04-17 20:00,0.21
2026-04-17 20:15,0.21
2026-04-17 20:30,0.22
2026-04-17 20:45,0.23
2026-04-17 21:00,0.21
2026-04-17 21:15,0.23
2026-04-17 21:30,0.2
2026-04-17 21:45,0.21
2026-04-17 22:00,0.21
2026-04-17 22:15,0.23
2026-04-17 22:30,0.21
2026-04-17 22:45,0.21
2026-04-17 23:00,0.21
2026-04-17 23:15,0.2
2026-04-17 23:30,0.21
2026-04-17 23:45,0.22
2026-04-18 00:00,0.23
2026-04-18 00:15,0.23
2026-04-18 00:30,0.23
2026-04-18 00:45,0.23
2026-04-18 01:00,0.23
2026-04-18 01:15,0.24
2026-04-18 01:30,0.22
2026-04-18 01:45,0.23
2026-04-18 02:00,0.23
2026-04-18 02:15,0.22
2026-04-18 02:30,0.23
2026-04-18 02:45,0.2
2026-04-18 03:00,0.23
2026-04-18 03:15,0.22
2026-04-18 03:30,0.23
2026-04-18 03:45,0.21
2026-04-18 04:00,0.23
2026-04-18 04:15,0.24
2026-04-18 04:30,0.25
2026-04-18 04:45,0.2
2026-04-18 05:00,0.21
2026-04-18 05:15,0.21
2026-04-18 05:30,0.24
2026-04-18 05:45,0.23
2026-04-18 06:00,0.21
2026-04-18 06:15,0.2
2026-04-18 06:30,0.23
2026-04-18 06:45,0.22
2026-04-18 07:00,0.22
2026-04-18 07:15,0.21
2026-04-18 07:30,0.22
2026-04-18 07:45,0.22
2026-04-18 08:00,0.24
2026-04-18 08:15,0.22
2026-04-18 08:30,0.23
2026-04-18 08:45,0.22
2026-04-18 09:00,0.22
2026-04-18 09:15,0.23
2026-04-18 09:30,0.22
2026-04-18 09:45,0.22
2026-04-18 10:00,0.2
2026-04-18 10:15,0.21
2026-04-18 10:30,0.21
2026-04-18 10:45,0.2
2026-04-18 11:00,0.21
2026-04-18 11:15,0.22
2026-04-18 11:30,0.21
2026-04-18 11:45,0.22
2026-04-18 12:00,0.21
2026-04-18 12:15,0.21
2026-04-18 12:30,0.22
2026-04-18 12:45,0.22
2026-04-18 13:00,0.23
2026-04-18 13:30,0.21
2026-04-18 13:45,0.21
2026-04-18 14:00,0.21
2026-04-18 14:15,0.22
2026-04-18 14:30,0.2
2026-04-18 14:45,0.22
2026-04-18 15:00,0.21
2026-04-18 15:15,0.21
2026-04-18 15:30,0.23
2026-04-18 15:45,0.24
2026-04-18 16:00,0.22
2026-04-18 16:15,0.24
2026-04-18 16:30,0.21
2026-04-18 16:45,0.22
2026-04-18 17:00,0.21
2026-04-18 17:15,0.21
2026-04-18 17:30,0.22
2026-04-18 17:45,0.22
2026-04-18 18:00,0.22
2026-04-18 18:15,0.23
2026-04-18 18:30,0.25
2026-04-18 18:45,0.23
2026-04-18 19:00,0.23
2026-04-18 19:15,0.22
2026-04-18 19:30,0.23
2026-04-18 19:45,0.21
2026-04-18 20:00,0.22
2026-04-18 20:15,0.22
2026-04-18 20:30,0.22
2026-04-18 20:45,0.23
2026-04-18 21:00,0.21
2026-04-18 21:15,0.21
2026-04-18 21:30,0.2
2026-04-18 21:45,0.21
2026-04-18 22:00,0.21
2026-04-18 22:15,0.22
2026-04-18 22:30,0.22
2026-04-18 22:45,0.21
2026-04-18 23:00,0.22
2026-04-18 23:15,0.21
2026-04-18 23:30,0.22
2026-04-18 23:45,0.23
2026-04-19 00:00,0.23
2026-04-19 00:15,0.22
2026-04-19 00:30,0.22
2026-04-19 00:45,0.23
2026-04-19 01:00,0.24
2026-04-19 01:15,0.22
2026-04-19 01:30,0.22
2026-04-19 01:45,0.24
2026-04-19 02:00,0.25
2026-04-19 02:15,0.22
2026-04-19 02:30,0.22
2026-04-19 02:45,0.24
2026-04-19 03:00,0.23
2026-04-19 03:30,0.24
2026-04-19 03:45,0.23
2026-04-19 04:00,0.23
2026-04-19 04:15,0.23
2026-04-19 04:30,0.24
2026-04-19 04:45,0.23
2026-04-19 05:00,0.23
2026-04-19 05:15,0.24
2026-04-19 05:30,0.23
2026-04-19 05:45,0.21
2026-04-19 06:00,0.23
2026-04-19 06:15,0.21
2026-04-19 06:30,0.22
2026-04-19 06:45,0.23
2026-04-19 07:00,0.22
2026-04-19 07:15,0.24
2026-04-19 07:30,0.21
2026-04-19 07:45,0.24
2026-04-19 08:00,0.22
2026-04-19 08:15,0.25
2026-04-19 08:30,0.24
2026-04-19 08:45,0.22
2026-04-19 09:00,0.24
2026-04-19 09:15,0.22
2026-04-19 09:30,0.22
2026-04-19 09:45,0.22
2026-04-19 10:00,0.22
2026-04-19 10:15,0.21
2026-04-19 10:30,0.21
2026-04-19 10:45,0.22
2026-04-19 11:00,0.2
2026-04-19 11:15,0.23
2026-04-19 11:30,0.21
2026-04-19 11:45,0.22
2026-04-19 12:00,0.22
2026-04-19 12:15,0.23
2026-04-19 12:30,0.22
2026-04-19 12:45,0.21
2026-04-19 13:00,0.2
2026-04-19 13:15,0.21
2026-04-19 13:30,0.21
2026-04-19 13:45,0.21
2026-04-19 14:00,0.19
2026-04-19 14:15,0.22
2026-04-19 14:30,0.19
2026-04-19 14:45,0.2
2026-04-19 15:00,0.21
2026-04-19 15:15,0.22
2026-04-19 15:30,0.21
2026-04-19 15:45,0.22
2026-04-19 16:00,0.21
2026-04-19 16:15,0.21
2026-04-19 16:30,0.21
2026-04-19 16:45,0.21
2026-04-19 17:00,0.22
2026-04-19 17:15,0.21
2026-04-19 17:30,0.21
2026-04-19 17:45,0.23
2026-04-19 18:00,0.21
2026-04-19 18:15,0.22
2026-04-19 18:30,0.2
2026-04-19 18:45,0.21
2026-04-19 19:00,0.2
2026-04-19 19:15,0.21
2026-04-19 19:30,0.22
2026-04-19 19:45,0.21
2026-04-19 20:00,0.21
2026-04-19 20:15,0.2
2026-04-19 20:30,0.21
2026-04-19 20:45,0.2
2026-04-19 21:00,0.22
2026-04-19 21:15,0.19
2026-04-19 21:30,0.21
2026-04-19 21:45,0.21
2026-04-19 22:00,0.22
2026-04-19 22:15,0.21
2026-04-19 22:30,0.24
2026-04-19 22:45,0.21
2026-04-19 23:00,0.21
2026-04-19 23:15,0.21
2026-04-19 23:30,0.23
2026-04-19 23:45,0.22
2026-04-20 00:00,0.23
2026-04-20 00:15,0.21
2026-04-20 00:30,0.21
2026-04-20 00:45,0.22
2026-04-20 01:00,0.21
2026-04-20 01:15,0.21
2026-04-20 01:30,0.2
2026-04-20 01:45,0.24
2026-04-20 02:22,0.22
2026-04-20 02:30,0.22
2026-04-20 02:45,0.23
2026-04-20 03:00,0.22
2026-04-20 03:15,0.23
2026-04-20 03:30,0.22
2026-04-20 03:45,0.21
2026-04-20 04:00,0.22
2026-04-20 04:15,0.22
2026-04-20 04:30,0.22
2026-04-20 04:45,0.22
2026-04-20 05:00,0.22
2026-04-20 05:15,0.23
2026-04-20 05:30,0.24
2026-04-20 05:45,0.22
2026-04-20 06:00,0.2
2026-04-20 06:15,0.21
2026-04-20 06:30,0.24
2026-04-20 06:45,0.21
2026-04-20 07:00,0.22
2026-04-20 07:15,0.22
2026-04-20 07:30,0.24
2026-04-20 07:45,0.23
2026-04-20 08:00,0.23
2026-04-20 08:15,0.23
2026-04-20 08:30,0.22
2026-04-20 08:45,0.23
2026-04-20 09:00,0.25
2026-04-20 09:15,0.21
2026-04-20 09:30,0.21
2026-04-20 09:45,0.21
2026-04-20 10:00,0.21
2026-04-20 10:15,0.19
2026-04-20 10:30,0.21
2026-04-20 10:45,0.22
2026-04-20 11:30,0.23
2026-04-20 11:45,0.21
2026-04-20 12:00,0.22
2026-04-20 12:15,0.2
2026-04-20 12:30,0.2
2026-04-20 12:45,0.21
2026-04-20 13:00,0.21
2026-04-20 13:15,0.19
2026-04-20 13:30,0.23
2026-04-20 13:45,0.2
2026-04-20 14:00,0.19
2026-04-20 14:15,0.22
2026-04-20 14:30,0.21
2026-04-20 14:45,0.2
2026-04-20 15:00,0.21
2026-04-20 15:15,0.2
2026-04-20 15:30,0.2
2026-04-20 15:45,0.21
2026-04-20 16:00,0.21
2026-04-20 16:15,0.22
2026-04-20 16:30,0.22
2026-04-20 16:45,0.22
2026-04-20 17:00,0.22
2026-04-20 17:15,0.21
2026-04-20 17:30,0.2
2026-04-20 17:45,0.2
2026-04-20 18:00,0.21
2026-04-20 18:15,0.21
2026-04-20 18:30,0.22
2026-04-20 18:45,0.22
2026-04-20 19:00,0.22
2026-04-20 19:15,0.22
2026-04-20 19:30,0.22
2026-04-20 19:45,0.22
2026-04-20 20:00,0.21
2026-04-20 20:15,0.23
2026-04-20 20:30,0.21
2026-04-20 20:45,0.2
2026-04-20 21:00,0.21
2026-04-20 21:15,0.21
2026-04-20 21:30,0.22
2026-04-20 21:45,0.22
2026-04-20 22:00,0.23
2026-04-20 22:15,0.19
2026-04-20 22:30,0.21
2026-04-20 23:04,0.22
2026-04-20 23:35,0.21
2026-04-20 23:50,0.22
2026-04-21 00:05,0.22
2026-04-21 00:20,0.23
2026-04-21 00:30,0.21
2026-04-21 00:45,0.21
2026-04-21 01:00,0.23
2026-04-21 01:15,0.23
2026-04-21 01:30,0.23
2026-04-21 01:45,0.2
2026-04-21 02:00,0.22
2026-04-21 02:15,0.21
2026-04-21 02:45,0.22
2026-04-21 03:00,0.2
2026-04-21 03:15,0.21
2026-04-21 03:30,0.21
2026-04-21 03:45,0.21
2026-04-21 04:00,0.22
2026-04-21 04:15,0.21
2026-04-21 04:30,0.22
2026-04-21 04:45,0.22
2026-04-21 05:00,0.23
2026-04-21 05:15,0.22
2026-04-21 05:30,0.22
2026-04-21 05:45,0.21
2026-04-21 06:00,0.22
2026-04-21 06:15,0.22
2026-04-21 06:30,0.22
2026-04-21 06:45,0.22
2026-04-21 07:00,0.22
2026-04-21 07:15,0.22
2026-04-21 07:30,0.22
2026-04-21 07:45,0.24
2026-04-21 08:00,0.23
2026-04-21 08:15,0.21
2026-04-21 08:30,0.23
2026-04-21 08:45,0.22
2026-04-21 09:00,0.21
2026-04-21 09:15,0.21
2026-04-21 09:30,0.21
2026-04-21 09:45,0.24
2026-04-21 10:00,0.22
2026-04-21 10:15,0.21
2026-04-21 10:30,0.21
2026-04-21 10:45,0.21
2026-04-21 11:00,0.21
2026-04-21 11:15,0.22
2026-04-21 11:30,0.22
2026-04-21 11:45,0.22
2026-04-21 12:00,0.21
2026-04-21 12:15,0.22
2026-04-21 12:30,0.22
2026-04-21 12:45,0.21
2026-04-21 13:00,0.2
2026-04-21 13:15,0.19
2026-04-21 13:30,0.19
2026-04-21 13:45,0.19
2026-04-21 14:00,0.2
2026-04-21 14:15,0.21
2026-04-21 14:30,0.21
2026-04-21 14:45,0.22
2026-04-21 15:00,0.2
2026-04-21 15:15,0.22
2026-04-21 15:30,0.21
2026-04-21 15:45,0.21
2026-04-21 16:00,0.21
2026-04-21 16:15,0.2
2026-04-21 16:30,0.22
2026-04-21 16:59,0
2026-04-21 17:00,0.2
2026-04-21 17:15,0.21
2026-04-21 17:30,0.2
2026-04-21 17:45,0.2
2026-04-21 18:00,0.2
2026-04-21 18:15,0.2
2026-04-21 18:30,0.22
2026-04-21 18:45,0.19
2026-04-21 19:00,0.21
2026-04-21 19:32,0.22
2026-04-21 19:45,0.2
2026-04-21 20:00,0.23
2026-04-21 20:15,0.21
2026-04-21 20:30,0.22
2026-04-21 20:45,0.21
2026-04-21 21:19,0.21
2026-04-21 21:30,0.21
2026-04-21 21:45,0.2
2026-04-21 22:00,0.19
2026-04-21 22:15,0.21
2026-04-21 22:30,0.2
2026-04-21 22:45,0.22
2026-04-21 23:00,0.2
2026-04-21 23:15,0.22
2026-04-21 23:30,0.21
2026-04-21 23:45,0.21
2026-04-22 00:00,0.22
2026-04-22 00:15,0.21
2026-04-22 00:30,0.22
2026-04-22 00:45,0.21
2026-04-22 01:00,0.22
2026-04-22 01:15,0.21
2026-04-22 01:30,0.21
2026-04-22 01:45,0.21
2026-04-22 02:19,0.21
2026-04-22 02:30,0.2
2026-04-22 02:45,0.23
2026-04-22 03:00,0.21
2026-04-22 03:15,0.21
2026-04-22 03:30,0.19
2026-04-22 03:45,0.21
2026-04-22 04:00,0.22
2026-04-22 04:45,0.22
2026-04-22 05:45,0.21
2026-04-22 06:00,0.2
2026-04-22 06:15,0.21
2026-04-22 06:30,0.21
2026-04-22 06:45,0.22
2026-04-22 07:00,0.2
2026-04-22 07:15,0.21
2026-04-22 07:30,0.21
2026-04-22 07:45,0.21
2026-04-22 08:00,0.22
2026-04-22 08:15,0.21
2026-04-22 08:30,0.21
2026-04-22 08:45,0.21
2026-04-22 09:00,0.22
2026-04-22 09:15,0.22
2026-04-22 09:30,0.21
2026-04-22 09:45,0.19
2026-04-22 10:00,0.23
2026-04-22 10:15,0.2
2026-04-22 10:30,0.2
2026-04-22 10:45,0.19
2026-04-22 11:00,0.19
2026-04-22 11:15,0.2
2026-04-22 11:30,0.19
2026-04-22 12:05,0.18
2026-04-22 12:15,0.19
2026-04-22 12:30,0.2
2026-04-22 12:45,0.2
2026-04-22 13:00,0.21
2026-04-22 13:15,0.19
2026-04-22 13:30,0.2
2026-04-22 13:45,0.2
2026-04-22 14:00,0.2
2026-04-22 14:15,0.2
2026-04-22 14:30,0.22
2026-04-22 14:45,0.22
2026-04-22 15:00,0.22
2026-04-22 15:15,0.2
2026-04-22 15:30,0.23
2026-04-22 15:45,0.21
2026-04-22 16:00,0.22
2026-04-22 16:15,0.21
2026-04-22 16:30,0.21
2026-04-22 16:45,0.21
2026-04-22 17:00,0.2
2026-04-22 17:15,0.22
2026-04-22 17:30,0.21
2026-04-22 17:45,0.2
2026-04-22 18:00,0.19
2026-04-22 18:15,0.2
2026-04-22 18:30,0.21
2026-04-22 18:45,0.21
2026-04-22 19:00,0.21
2026-04-22 19:15,0.2
2026-04-22 19:30,0.2
2026-04-22 19:45,0.21
2026-04-22 20:00,0.21
2026-04-22 20:15,0.21
2026-04-22 20:30,0.2
2026-04-22 20:45,0.19
2026-04-22 21:00,0.2
2026-04-22 21:15,0.19
2026-04-22 21:30,0.21
2026-04-22 21:45,0.2
2026-04-22 22:00,0.19
2026-04-22 22:15,0.19
2026-04-22 22:30,0.2
2026-04-22 22:45,0.21
2026-04-22 23:00,0.2
2026-04-22 23:15,0.2
2026-04-22 23:30,0.2
2026-04-22 23:45,0.21
2026-04-23 00:00,0.2
2026-04-23 00:15,0.18
2026-04-23 00:30,0.2
2026-04-23 00:45,0.2
2026-04-23 01:00,0.2
2026-04-23 01:15,0.19
2026-04-23 01:30,0.19
2026-04-23 01:45,0.19
2026-04-23 02:00,0.2
2026-04-23 02:15,0.2
2026-04-23 02:30,0.22
2026-04-23 02:45,0.21
2026-04-23 03:00,0.2
2026-04-23 03:34,0.19
2026-04-23 03:45,0.2
2026-04-23 04:00,0.21
2026-04-23 04:15,0.2
2026-04-23 04:30,0.19
2026-04-23 04:45,0.21
2026-04-23 05:00,0.2
2026-04-23 05:15,0.21
2026-04-23 05:30,0.23
2026-04-23 05:45,0.2
2026-04-23 06:20,0.2
2026-04-23 06:30,0.2
2026-04-23 06:45,0.21
2026-04-23 07:00,0.22
2026-04-23 07:15,0.21
2026-04-23 07:30,0.2
2026-04-23 07:45,0.21
2026-04-23 08:00,0.2
2026-04-23 08:15,0.22
2026-04-23 08:30,0.2
2026-04-23 08:45,0.2
2026-04-23 09:00,0.21
2026-04-23 09:15,0.22
2026-04-23 09:30,0.21
2026-04-23 09:45,0.2
2026-04-23 10:00,0.23
2026-04-23 10:30,0.07
2026-04-23 10:45,0.02
2026-04-23 11:00,0.02
2026-04-23 11:15,0.01
2026-04-23 11:30,0.39
2026-04-23 11:45,0.34
2026-04-23 12:00,0.26
2026-04-23 12:15,0.26
2026-04-23 12:30,0.26
2026-04-23 12:45,0.26
2026-04-23 13:00,0.25
2026-04-23 13:15,0.24
2026-04-23 13:45,0.24
2026-04-23 14:00,0.25
2026-04-23 14:15,0.24
2026-04-23 14:50,0.24
2026-04-23 15:00,0.24
2026-04-23 15:15,0.26
2026-04-23 15:30,0.24
2026-04-23 15:45,0.26
2026-04-23 16:00,0.25
2026-04-23 16:15,0.25
2026-04-23 16:30,0.26
2026-04-23 16:45,0.24
2026-04-23 17:00,0.26
2026-04-23 17:15,0.23
2026-04-23 17:30,0.24
2026-04-23 17:45,0.25
2026-04-23 18:00,0.23
2026-04-23 18:15,0.26
2026-04-23 18:30,0.25
2026-04-23 18:45,0.24
2026-04-23 19:00,0.24
2026-04-23 19:15,0.23
2026-04-23 19:30,0.24
2026-04-23 19:45,0.24
2026-04-23 20:00,0.24
2026-04-23 20:15,0.25
2026-04-23 20:30,0.24
2026-04-23 20:45,0.24
2026-04-23 21:00,0.24
2026-04-23 21:15,0.24
2026-04-23 21:30,0.23
2026-04-23 21:45,0.22
2026-04-23 22:00,0.21
2026-04-23 22:15,0.24
2026-04-23 22:30,0.22
2026-04-23 22:45,0.24
2026-04-23 23:00,0.22
2026-04-23 23:15,0.22
2026-04-23 23:30,0.22
2026-04-23 23:45,0.22
2026-04-24 00:00,0.23
2026-04-24 00:15,0.25
2026-04-24 00:30,0.26
2026-04-24 00:45,0.22
2026-04-24 01:30,0.21
2026-04-24 01:45,0.21
2026-04-24 02:00,0.22
2026-04-24 02:15,0.24
2026-04-24 02:30,0.24
2026-04-24 02:45,0.23
2026-04-24 03:00,0.24
2026-04-24 03:15,0.23
2026-04-24 03:30,0.23
2026-04-24 03:45,0.23
2026-04-24 04:00,0.23
2026-04-24 04:44,0.22
2026-04-24 04:45,0.22
2026-04-24 05:00,0.21
2026-04-24 05:15,0.22
2026-04-24 05:30,0.21
2026-04-24 05:45,0.22
2026-04-24 06:00,0.22
2026-04-24 06:15,0.25
2026-04-24 06:30,0.22
2026-04-24 06:45,0.22
2026-04-24 07:00,0.22
2026-04-24 07:15,0.23
2026-04-24 07:30,0.21
2026-04-24 08:27,0.22
2026-04-24 08:30,0.21
2026-04-24 08:45,0.22
2026-04-24 09:00,0.21
2026-04-24 09:15,0.21
2026-04-24 09:30,0.22
2026-04-24 09:45,0.2
2026-04-24 10:00,0.2
2026-04-24 10:15,0.2
2026-04-24 10:30,0.22
2026-04-24 10:45,0.22
2026-04-24 11:00,0.2
2026-04-24 11:15,0.2
2026-04-24 11:30,0.2
2026-04-24 11:45,0.21
2026-04-24 12:00,0.21
2026-04-24 12:15,0.2
2026-04-24 12:30,0.23
2026-04-24 12:45,0.22
2026-04-24 13:00,0.21
2026-04-24 13:15,0.22
2026-04-24 13:30,0.2
2026-04-24 13:45,0.24
2026-04-24 14:00,0.24
2026-04-24 14:15,0.3
2026-04-24 14:30,0.24
2026-04-24 14:45,0.24
2026-04-24 15:30,0.28
2026-04-24 15:45,0.25
2026-04-24 16:00,0.24
2026-04-24 16:15,0
2026-04-24 16:30,0.05
2026-04-24 16:45,0.04
2026-04-24 17:00,0
2026-04-24 17:15,0.05
2026-04-24 17:30,0.05
2026-04-24 17:45,0.05
2026-04-24 18:00,0.04
2026-04-24 18:15,0.05
2026-04-24 18:30,0.04
2026-04-24 18:45,0.05
2026-04-24 19:00,0.04
2026-04-24 19:15,0.05
2026-04-24 19:30,0.05
2026-04-24 19:45,0.04
2026-04-24 20:00,0.05
2026-04-24 20:15,0.04
2026-04-24 20:48,0.05
2026-04-24 21:00,0.05
2026-04-24 21:15,0.05
2026-04-24 21:30,0.05
2026-04-24 21:45,0.05
2026-04-24 22:00,0.04
2026-04-24 22:15,0.04
2026-04-24 22:30,0.05
2026-04-24 22:45,0.04
2026-04-24 23:00,0.06
2026-04-24 23:15,0.05
2026-04-24 23:49,0.05
2026-04-25 00:00,0.05
2026-04-25 00:15,0.03
2026-04-25 00:30,0.05
2026-04-25 00:45,0
2026-04-25 01:00,0.05
2026-04-25 01:15,0.05
2026-04-25 01:30,0.05
2026-04-25 01:45,0.04
2026-04-25 02:00,0.03
2026-04-25 02:15,0.05
2026-04-25 02:30,0
2026-04-25 02:45,0.05
2026-04-25 03:00,0.05
2026-04-25 03:15,0
2026-04-25 03:30,0.05
2026-04-25 03:45,0.05
2026-04-25 04:15,0.05
2026-04-25 04:30,0.05
2026-04-25 04:45,0
2026-04-25 05:00,0.05
2026-04-25 05:15,0
2026-04-25 05:30,0
2026-04-25 05:45,0.05
2026-04-25 06:00,0.04
2026-04-25 06:15,0
2026-04-25 06:30,0.05
2026-04-25 06:45,0.05
2026-04-25 07:00,0.05
2026-04-25 07:15,0
2026-04-25 07:30,0.03
2026-04-25 08:02,0
2026-04-25 08:15,0.05
2026-04-25 08:30,0.04
2026-04-25 08:45,0.05
2026-04-25 09:00,0.05
2026-04-25 09:15,0.04
2026-04-25 09:30,0.05
2026-04-25 09:45,0
2026-04-25 10:00,0
2026-04-25 10:15,0.04
2026-04-25 10:30,0.05
2026-04-25 10:45,0.05
2026-04-25 11:00,0.05
2026-04-25 11:15,0.05
2026-04-25 11:30,0.05
2026-04-25 11:45,0.04
2026-04-25 12:00,0.05
2026-04-25 12:15,0.05
2026-04-25 12:30,0
2026-04-25 12:45,0.04
2026-04-25 13:00,0.05
2026-04-25 13:15,0.04
2026-04-25 13:30,0.05
2026-04-25 13:45,0.05
2026-04-25 14:00,0
2026-04-25 14:15,0.04
2026-04-25 14:30,0.04
2026-04-25 14:45,0.06
2026-04-25 15:00,0.06
2026-04-25 15:15,0.05
2026-04-25 15:30,0
2026-04-25 15:45,0.04
2026-04-25 16:00,0.03
2026-04-25 16:15,0.08
2026-04-25 16:30,0.05
2026-04-25 16:45,0.04
2026-04-25 17:00,0.05
2026-04-25 17:15,0.05
2026-04-25 17:30,0.05
2026-04-25 17:45,0.03
2026-04-25 18:19,0.05
2026-04-25 18:30,0
2026-04-25 18:45,0.05
2026-04-25 19:00,0.04
2026-04-25 19:15,0.04
2026-04-25 19:30,0
2026-04-25 19:45,0.05
2026-04-25 20:00,0.05
2026-04-25 20:30,0
2026-04-25 20:45,0.05
2026-04-25 21:00,0.05
2026-04-25 21:15,0
2026-04-25 21:30,0
2026-04-25 22:05,0.05
2026-04-25 22:45,0.05
2026-04-25 23:21,0.06
2026-04-25 23:30,0.06
2026-04-25 23:45,0.05
2026-04-26 00:00,0.05
2026-04-26 00:15,0.05
2026-04-26 00:30,0.05
2026-04-26 00:45,0.05
2026-04-26 01:00,0.05
2026-04-26 01:15,0.05
2026-04-26 01:30,0.04
2026-04-26 01:45,0.04
2026-04-26 02:00,0.05
2026-04-26 02:15,0.05
2026-04-26 02:30,0.05
2026-04-26 02:45,0.04
2026-04-26 03:18,0.05
2026-04-26 03:30,0.05
2026-04-26 03:45,0.05
2026-04-26 04:00,0.05
2026-04-26 04:44,0.05
2026-04-26 04:45,0.05
2026-04-26 05:00,0.05
2026-04-26 05:15,0.05
2026-04-26 05:30,0.05
2026-04-26 05:45,0.05
2026-04-26 06:30,0.05
2026-04-26 06:45,0.05
2026-04-26 07:18,0.03
2026-04-26 07:30,0.05
2026-04-26 07:45,0.05
2026-04-26 08:00,0.05
2026-04-26 08:15,0.06
2026-04-26 08:30,0.05
2026-04-26 08:45,0.05
2026-04-26 09:00,0.05
2026-04-26 09:15,0.05
2026-04-26 09:30,0.05
2026-04-26 09:45,0.06
2026-04-26 10:00,0.79
2026-04-26 10:15,0.94
2026-04-26 10:30,1.01
2026-04-26 10:45,1.02
2026-04-26 11:00,0.98
2026-04-26 11:15,0.93
2026-04-26 11:30,0.84
2026-04-26 11:45,0.77
2026-04-26 12:00,0.86
2026-04-26 12:15,0.93
2026-04-26 12:30,0.98
2026-04-26 12:45,0.98
2026-04-26 13:00,1
2026-04-26 13:15,1.01
2026-04-26 13:30,1.02
2026-04-26 13:45,1.03
2026-04-26 14:00,1.39
2026-04-26 14:15,1.29
2026-04-26 14:50,1.11
2026-04-26 15:06,1.02
2026-04-26 15:36,0.98
2026-04-26 15:45,0.99
2026-04-26 16:00,0.97
2026-04-26 16:15,0.94
2026-04-26 16:30,0.9
2026-04-26 16:45,0.87
2026-04-26 17:00,0.86
2026-04-26 17:15,0.83
2026-04-26 17:45,0.82
2026-04-26 18:00,0.79
2026-04-26 18:15,0.74
2026-04-26 18:30,0.71
2026-04-26 18:45,0.75
2026-04-26 19:00,0.98
2026-04-26 19:15,1.01
2026-04-26 19:30,1.04
2026-04-26 19:45,1.17
2026-04-26 20:00,1.2
2026-04-26 20:15,1.21
2026-04-26 20:45,1.18
2026-04-26 21:00,1.18
2026-04-26 21:15,1.15
2026-04-26 21:30,1.16
2026-04-26 21:45,1.15
2026-04-26 22:00,1.23
2026-04-26 22:15,1.36
2026-04-26 22:30,1.36
2026-04-26 22:45,1.31
2026-04-26 23:00,1.28
2026-04-26 23:15,1.36
2026-04-26 23:30,1.36
2026-04-26 23:45,1.42
2026-04-27 00:00,1.46
2026-04-27 00:15,1.51
2026-04-27 00:30,1.68
2026-04-27 00:45,1.75
2026-04-27 01:00,1.79
2026-04-27 01:15,1.81
2026-04-27 01:30,1.83
2026-04-27 01:45,1.89
2026-04-27 02:00,1.94
2026-04-27 02:15,1.98
2026-04-27 02:30,1.97
2026-04-27 02:45,2
2026-04-27 03:00,2
2026-04-27 03:15,2.1
2026-04-27 03:30,2.02
2026-04-27 03:45,1.98
2026-04-27 04:00,1.98
2026-04-27 04:15,2
2026-04-27 04:30,2
2026-04-27 04:45,2.03
2026-04-27 05:00,2.1
2026-04-27 05:15,2.12
2026-04-27 05:30,2.1
2026-04-27 05:45,2.17
2026-04-27 06:00,2.17
2026-04-27 06:15,2.18
2026-04-27 06:30,2.25
2026-04-27 06:45,2.11
2026-04-27 07:00,2.23
2026-04-27 07:15,2.27
2026-04-27 07:30,2.29
2026-04-27 07:45,2.27
2026-04-27 08:00,2.32
2026-04-27 08:15,2.3
2026-04-27 08:30,2.32
2026-04-27 08:45,2.32
2026-04-27 09:00,2.34
2026-04-27 09:15,2.36
2026-04-27 09:30,2.3
2026-04-27 09:45,2.38
2026-04-27 10:00,2.36
2026-04-27 10:15,1.87
2026-04-27 10:30,1.24
2026-04-27 10:45,0.87
2026-04-27 11:00,0.65
2026-04-27 11:15,0.51
2026-04-27 11:30,2.42
2026-04-27 11:45,2.94
2026-04-27 12:00,3.36
2026-04-27 12:15,3.34
2026-04-27 12:30,3.43
2026-04-27 12:45,3.43
2026-04-27 13:22,3.3
2026-04-27 13:30,2.53
2026-04-27 13:45,1.85
2026-04-27 14:00,1.8
2026-04-27 14:15,1.43
2026-04-27 14:30,1.14
2026-04-27 14:45,1
2026-04-27 15:00,0.91
2026-04-27 15:15,0.78
2026-04-27 15:30,0.77
2026-04-27 15:45,0.87
2026-04-27 16:00,0.97
2026-04-27 16:15,1
2026-04-27 16:30,1
2026-04-27 16:45,1.02
2026-04-27 17:00,1.08
2026-04-27 17:15,1.13
2026-04-27 17:30,1.22
2026-04-27 17:45,1.39
2026-04-27 18:00,1.41
2026-04-27 18:15,1.41
2026-04-27 18:30,1.39
2026-04-27 18:45,1.37
2026-04-27 19:00,1.41
2026-04-27 19:15,1.45
2026-04-27 19:30,1.59
2026-04-27 19:45,1.63
2026-04-27 20:00,1.74
2026-04-27 20:15,1.76
2026-04-27 20:30,1.85
2026-04-27 20:45,1.86
2026-04-27 21:00,1.92
2026-04-27 21:15,1.9
2026-04-27 21:30,1.91
2026-04-27 21:45,1.89
2026-04-27 22:00,1.9
2026-04-27 22:15,1.83
2026-04-27 22:30,1.78
2026-04-27 22:45,2.21
2026-04-27 23:00,2.46
2026-04-27 23:15,2.51
2026-04-27 23:30,2.5
2026-04-27 23:45,2.63
2026-04-28 00:00,2.67
2026-04-28 00:15,2.69
2026-04-28 00:30,2.8
2026-04-28 00:45,2.98
2026-04-28 01:00,3.1
2026-04-28 01:15,3.14
2026-04-28 01:30,3.36
2026-04-28 01:45,3.29
2026-04-28 02:00,3.31
2026-04-28 02:15,3.36
2026-04-28 02:30,3.52
2026-04-28 02:45,3.56
2026-04-28 03:00,3.51
2026-04-28 03:15,3.59
2026-04-28 03:30,3.53
2026-04-28 03:45,3.67
2026-04-28 04:00,3.78
2026-04-28 04:15,3.82
2026-04-28 04:30,3.76
2026-04-28 04:45,3.87
2026-04-28 05:00,3.85
2026-04-28 05:15,4.01
2026-04-28 05:30,3.75
2026-04-28 05:45,3.84
2026-04-28 06:00,3.88
2026-04-28 06:15,4.01
2026-04-28 06:30,4.08
2026-04-28 06:45,4.14
2026-04-28 07:00,4.22
2026-04-28 07:15,4.21
2026-04-28 07:30,4.21
2026-04-28 07:45,4.36
2026-04-28 08:00,4.47
2026-04-28 08:15,4.4
2026-04-28 08:30,4.37
2026-04-28 08:45,4.44
2026-04-28 09:00,4.59
2026-04-28 09:15,4.42
2026-04-28 09:45,4.73
2026-04-28 10:00,4.62
2026-04-28 10:15,4.12
2026-04-28 10:30,3.19
2026-04-28 11:15,3.17
2026-04-28 11:30,3.41
2026-04-28 11:45,3.55
2026-04-28 12:00,3.65
2026-04-28 12:15,3.65
2026-04-28 12:30,3.56
2026-04-28 12:45,3.53
2026-04-28 13:00,3.57
2026-04-28 13:15,3.53
2026-04-28 13:30,3.89
2026-04-28 13:45,3.86
2026-04-28 14:00,3.86
2026-04-28 14:15,3.85
2026-04-28 14:30,2.97
2026-04-28 14:45,2.45
2026-04-28 15:00,2.13
2026-04-28 15:15,2.03
2026-04-28 15:45,1.94
2026-04-28 16:00,1.99
2026-04-28 16:15,1.94
2026-04-28 16:30,1.8
2026-04-28 16:45,1.57
2026-04-28 17:00,1.41
2026-04-28 17:15,1.27
2026-04-28 17:30,1.28
2026-04-28 17:45,1.25
2026-04-28 18:00,1.19
2026-04-28 18:15,1.21
2026-04-28 18:30,1.23
2026-04-28 18:45,1.23
2026-04-28 19:00,1.35
2026-04-28 19:15,1.35
2026-04-28 19:30,1.4
2026-04-28 19:45,1.42
2026-04-28 20:00,1.43
2026-04-28 20:15,1.39
2026-04-28 20:30,1.34
2026-04-28 20:45,1.37
2026-04-28 21:00,1.38
2026-04-28 21:15,1.14
2026-04-28 21:30,0.97
2026-04-28 21:45,0.91
2026-04-28 22:00,0.87
2026-04-28 22:15,0.9
2026-04-28 22:30,0.95
2026-04-28 22:45,1.04
2026-04-28 23:00,1.05
2026-04-28 23:15,1.07
2026-04-28 23:30,1.05
2026-04-28 23:45,1.06
2026-04-29 00:00,1.08
2026-04-29 00:15,1.07
2026-04-29 00:30,1.08
2026-04-29 00:45,1.14
2026-04-29 01:00,1.18
2026-04-29 01:15,1.19
2026-04-29 01:30,1.27
2026-04-29 01:45,1.29
2026-04-29 02:00,1.32
2026-04-29 02:15,1.42
2026-04-29 02:30,1.39
2026-04-29 02:45,1.43
2026-04-29 03:00,1.46
2026-04-29 03:15,1.48
2026-04-29 03:30,1.51
2026-04-29 03:45,1.47
2026-04-29 04:00,1.48
2026-04-29 04:15,1.44
2026-04-29 04:30,1.47
2026-04-29 04:45,1.48
2026-04-29 05:00,1.6
2026-04-29 05:15,1.62
2026-04-29 05:30,1.61
2026-04-29 05:45,1.59
2026-04-29 06:00,1.6
2026-04-29 06:15,1.61
2026-04-29 06:30,1.65
2026-04-29 06:45,1.66
2026-04-29 07:00,1.63
2026-04-29 07:15,1.71
2026-04-29 07:30,1.63
2026-04-29 07:45,1.7
2026-04-29 08:00,1.73
2026-04-29 08:15,1.71
2026-04-29 08:30,1.73
2026-04-29 08:45,1.74
2026-04-29 09:00,1.73
2026-04-29 09:15,1.83
2026-04-29 09:30,1.89
2026-04-29 09:45,1.88
2026-04-29 10:00,1.88
2026-04-29 10:15,1.9
2026-04-29 10:30,1.9
2026-04-29 10:45,1.89
2026-04-29 11:00,1.89
2026-04-29 11:15,1.86
2026-04-29 11:30,1.81
2026-04-29 11:45,1.94
2026-04-29 12:00,2.04
2026-04-29 12:15,1.96
2026-04-29 12:30,2.33
2026-04-29 12:45,2.57
2026-04-29 13:00,2.48
2026-04-29 13:15,2.31
2026-04-29 13:30,2.25
2026-04-29 13:45,2.25
2026-04-29 14:00,2.22
2026-04-29 14:15,1.91
2026-04-29 14:30,1.68
2026-04-29 14:45,1.6
2026-04-29 15:00,1.57
2026-04-29 15:15,1.31
2026-04-29 15:30,1.05
2026-04-29 15:45,0.93
2026-04-29 16:00,1.21
2026-04-29 16:15,1.4
2026-04-29 16:30,1.42
2026-04-29 16:45,1.41
2026-04-29 17:00,1.4
2026-04-29 17:15,1.45
2026-04-29 17:30,1.47
2026-04-29 17:45,1.46
2026-04-29 18:00,1.48
2026-04-29 18:15,1.38
2026-04-29 18:30,1.48
2026-04-29 18:45,1.49
2026-04-29 19:00,1.46
2026-04-29 19:15,1.5
2026-04-29 19:30,1.53
2026-04-29 19:45,1.57
2026-04-29 20:00,1.6
2026-04-29 20:15,1.62
2026-04-29 20:30,1.61
2026-04-29 20:45,1.6
2026-04-29 21:00,1.63
2026-04-29 21:15,1.51
2026-04-29 21:30,1.37
2026-04-29 21:45,1.47
2026-04-29 22:00,1.44
2026-04-29 22:15,1.42
2026-04-29 22:30,1.49
2026-04-29 22:45,1.51
2026-04-29 23:00,1.55
2026-04-29 23:15,1.58
2026-04-29 23:30,1.61
2026-04-29 23:45,1.7
2026-04-30 00:00,1.71
2026-04-30 00:15,1.7
2026-04-30 00:30,1.74
2026-04-30 00:45,1.8
2026-04-30 01:00,1.83
2026-04-30 01:15,1.94
2026-04-30 01:30,2.05
2026-04-30 01:45,2.08
2026-04-30 02:00,2.18
2026-04-30 02:15,2.31
2026-04-30 02:30,2.38
2026-04-30 02:45,2.51
2026-04-30 03:18,2.92
2026-04-30 03:30,2.99
2026-04-30 03:45,3.17
2026-04-30 04:00,3.16
2026-04-30 04:15,3.26
2026-04-30 04:30,3.38
2026-04-30 04:45,3.47
2026-04-30 05:00,3.51
2026-04-30 05:15,3.71
2026-04-30 05:30,3.65
2026-04-30 05:45,3.62
2026-04-30 06:00,3.79
2026-04-30 06:15,3.82
2026-04-30 06:30,3.69
2026-04-30 06:45,3.77
2026-04-30 07:00,3.93
2026-04-30 07:15,3.87
2026-04-30 07:30,3.91
2026-04-30 07:45,3.98
2026-04-30 08:00,4.12
2026-04-30 08:15,4.19
2026-04-30 08:30,4.19
2026-04-30 08:45,4.39
2026-04-30 09:00,4.38
2026-04-30 09:15,4.37
2026-04-30 09:30,4.34
2026-04-30 09:45,4.28
2026-04-30 10:00,4.32
2026-04-30 10:15,4.4
2026-04-30 10:30,4.26
2026-04-30 10:45,4.22
2026-04-30 11:00,4.23
2026-04-30 11:15,4.05
2026-04-30 11:30,3.77
2026-04-30 11:45,3.58
2026-04-30 12:00,3.57
2026-04-30 12:15,3.37
2026-04-30 12:30,2.78
2026-04-30 12:45,2.56
2026-04-30 13:00,2.36
2026-04-30 13:15,2.32
2026-04-30 13:30,2.42
2026-04-30 13:45,2.59
2026-04-30 14:00,2.52
2026-04-30 14:15,2.54
2026-04-30 14:30,2.76
2026-04-30 15:04,3.01
2026-04-30 15:15,2.95
2026-04-30 15:30,2.97
2026-04-30 15:45,2.91
2026-04-30 16:00,2.76
2026-04-30 16:15,2.54
2026-04-30 16:30,2.35
2026-04-30 16:45,2.28
2026-04-30 17:00,2.13
2026-04-30 17:15,2.14
2026-04-30 17:30,2.07
2026-04-30 17:45,2.04
2026-04-30 18:00,1.99
2026-04-30 18:15,1.98
2026-04-30 18:30,1.99
2026-04-30 18:45,2
2026-04-30 19:00,2.17
2026-04-30 19:15,2.41
2026-04-30 19:30,2.56
2026-04-30 19:45,2.61
2026-04-30 20:00,2.71
2026-04-30 20:15,2.62
2026-04-30 20:30,2.68
2026-04-30 20:45,2.69
2026-04-30 21:00,2.76
2026-04-30 21:15,2.66
2026-04-30 21:30,2.64
2026-04-30 21:45,2.64
2026-04-30 22:00,2.6
2026-04-30 22:15,2.57
2026-04-30 22:30,2.66
2026-04-30 22:45,2.65
2026-04-30 23:00,2.69
2026-04-30 23:15,2.68
2026-04-30 23:30,2.81
2026-04-30 23:45,2.87
2026-05-01 00:00,2.78
2026-05-01 00:15,2.86
2026-05-01 00:30,2.91
2026-05-01 00:45,3.18
2026-05-01 01:00,3.5
2026-05-01 01:45,4.2
2026-05-01 02:00,4.29
2026-05-01 02:15,4.31
2026-05-01 02:30,4.43
2026-05-01 02:45,4.6
2026-05-01 03:00,4.68
2026-05-01 03:34,4.92
2026-05-01 03:45,4.92
2026-05-01 04:15,4.95
2026-05-01 04:30,4.99
2026-05-01 04:45,5.01
2026-05-01 05:00,5.18
2026-05-01 05:15,5.36
2026-05-01 05:30,5.56
2026-05-01 05:45,5.63
2026-05-01 06:00,5.62
2026-05-01 06:15,5.62
2026-05-01 06:30,5.67
2026-05-01 06:45,5.73
2026-05-01 07:00,5.67
2026-05-01 07:15,5.67
2026-05-01 07:30,5.62
2026-05-01 07:45,5.62
2026-05-01 08:20,5.54
2026-05-01 08:30,5.48
2026-05-01 08:45,5.52
2026-05-01 09:00,5.29
2026-05-01 09:15,4.92
2026-05-01 09:30,4.86
2026-05-01 09:45,4.91
2026-05-01 10:00,5
2026-05-01 10:35,4.96
2026-05-01 10:45,4.88
2026-05-01 11:00,4.75
2026-05-01 11:15,4.48
2026-05-01 11:50,3.97
2026-05-01 12:00,3.56
2026-05-01 12:15,3.42
2026-05-01 12:49,3.36
2026-05-01 13:00,3.38
2026-05-01 13:37,3.84
2026-05-01 13:45,4.17
2026-05-01 14:25,4.08
2026-05-01 14:30,3.69
2026-05-01 14:45,2.96
2026-05-01 15:00,2.66
2026-05-01 15:15,2.5
2026-05-01 15:30,2.37
2026-05-01 15:45,1.7
2026-05-01 16:00,1.7
2026-05-01 16:15,1.94
2026-05-01 16:30,1.79
2026-05-01 16:45,1.79
2026-05-01 17:00,1.52
2026-05-01 17:15,1.88
2026-05-01 17:30,2.27
2026-05-01 17:45,2.14
2026-05-01 18:00,1.98
2026-05-01 18:15,1.93
2026-05-01 18:30,1.95
2026-05-01 18:45,1.95
2026-05-01 19:00,1.92
2026-05-01 19:15,1.89
2026-05-01 19:30,1.9
2026-05-01 19:45,1.85
2026-05-01 20:00,1.85
2026-05-01 20:15,1.86
2026-05-01 20:30,1.68
2026-05-01 20:45,1.33
2026-05-01 21:00,1
2026-05-01 21:15,0.78
2026-05-01 21:30,0.69
2026-05-01 21:45,0.67
2026-05-01 22:00,0.66
2026-05-01 22:15,0.67
2026-05-01 22:30,0.63
2026-05-01 22:45,0.64
2026-05-01 23:00,0.74
2026-05-01 23:15,0.98
2026-05-01 23:30,0.98
2026-05-01 23:45,1.04
2026-05-02 00:00,1.55
2026-05-02 00:15,2.02
2026-05-02 00:30,2.4
2026-05-02 00:45,2.61
2026-05-02 01:00,2.61
2026-05-02 01:15,2.64
2026-05-02 01:30,2.62
2026-05-02 01:45,2.62
2026-05-02 02:00,2.53
2026-05-02 02:15,2.44
2026-05-02 02:30,2.43
2026-05-02 02:45,2.36
2026-05-02 03:00,2.39
2026-05-02 03:15,2.39
2026-05-02 03:30,2.37
2026-05-02 03:45,2.4
2026-05-02 04:00,2.33
2026-05-02 04:15,2.33
2026-05-02 04:30,2.35
2026-05-02 04:45,2.33
2026-05-02 05:00,2.39
2026-05-02 05:15,2.39
2026-05-02 05:30,2.38
2026-05-02 05:45,2.52
2026-05-02 06:00,2.59
2026-05-02 06:15,2.59
2026-05-02 06:30,2.59
2026-05-02 06:45,2.7
2026-05-02 07:00,3.08
2026-05-02 07:15,3.1
2026-05-02 07:30,3.2
2026-05-02 07:45,3.31
2026-05-02 08:00,3.34
2026-05-02 08:15,3.48
2026-05-02 08:30,3.53
2026-05-02 08:45,3.57
2026-05-02 09:00,3.58
2026-05-02 09:15,3.72
2026-05-02 09:30,3.78
2026-05-02 09:45,3.73
2026-05-02 10:00,3.58
2026-05-02 10:15,3.36
2026-05-02 10:30,3.22
2026-05-02 10:45,3.16
2026-05-02 11:00,3.11
2026-05-02 11:15,3.07
2026-05-02 11:30,2.84
2026-05-02 11:45,2.6
2026-05-02 12:00,2.51
2026-05-02 12:15,2.56
2026-05-02 12:30,2.44
2026-05-02 12:45,2.29
2026-05-02 13:00,2.14
2026-05-02 13:41,1.96
2026-05-02 13:45,1.74
2026-05-02 14:00,1.61
2026-05-02 14:15,1.95
2026-05-02 14:30,2.63
2026-05-02 14:45,2.79
2026-05-02 15:00,3.18
2026-05-02 15:15,3.44
2026-05-02 15:30,3.7
2026-05-02 15:45,3.74
2026-05-02 16:00,3.87
2026-05-02 16:15,3.98
2026-05-02 16:30,4.02
2026-05-02 16:45,4.05
2026-05-02 17:00,4.01
2026-05-02 17:15,4.2
2026-05-02 17:30,4.39
2026-05-02 17:45,4.32
2026-05-02 18:00,4.17
2026-05-02 18:15,4
2026-05-02 18:30,3.59
2026-05-02 18:45,3.37
2026-05-02 19:00,3.12
2026-05-02 19:15,2.84
2026-05-02 19:30,2.57
2026-05-02 19:45,2.42
2026-05-02 20:00,2.42
2026-05-02 20:15,2.4
2026-05-02 20:30,2.23
2026-05-02 20:45,2.2
2026-05-02 21:00,2.16
2026-05-02 21:15,2.15
2026-05-02 21:30,2.12
2026-05-02 21:45,2.1
2026-05-02 22:00,2.07
2026-05-02 22:15,2.07
2026-05-02 22:30,2.05
2026-05-02 22:45,1.98
2026-05-02 23:00,2
2026-05-02 23:15,1.99
2026-05-02 23:30,2.03
2026-05-02 23:45,1.98
2026-05-03 00:00,1.97
2026-05-03 00:15,1.97
2026-05-03 00:30,1.95
2026-05-03 00:45,1.95
2026-05-03 01:00,1.96
2026-05-03 01:15,1.96
2026-05-03 01:30,1.92
2026-05-03 01:45,1.96
2026-05-03 02:00,1.94
2026-05-03 02:15,1.93
2026-05-03 02:30,1.97
2026-05-03 02:45,1.96
2026-05-03 03:00,1.96
2026-05-03 03:15,1.94
2026-05-03 03:30,1.93
2026-05-03 03:45,2.01
2026-05-03 04:00,1.99
2026-05-03 04:15,1.95
2026-05-03 04:45,1.98
2026-05-03 05:00,2.01
2026-05-03 05:15,1.98
2026-05-03 05:45,2.01
2026-05-03 06:00,2.06
2026-05-03 06:15,1.98
2026-05-03 06:30,1.98
2026-05-03 06:45,2.01
2026-05-03 07:00,2.01
2026-05-03 07:15,2.03
2026-05-03 07:30,2.02
2026-05-03 07:45,2.01
2026-05-03 08:00,2.02
2026-05-03 08:45,2.06
2026-05-03 09:00,2.05
2026-05-03 09:15,2.03
2026-05-03 09:30,2.05
2026-05-03 09:45,2.04
2026-05-03 10:00,2.03
2026-05-03 10:15,2.01
2026-05-03 10:30,2.02
2026-05-03 10:45,1.99
2026-05-03 11:00,1.99
2026-05-03 11:15,2.03
2026-05-03 11:30,1.97
2026-05-03 11:45,1.94
2026-05-03 12:00,1.9
2026-05-03 12:15,1.92
2026-05-03 12:30,1.87
2026-05-03 12:45,1.82
2026-05-03 13:00,1.78
2026-05-03 13:15,1.83
2026-05-03 13:30,1.78
2026-05-03 13:45,1.7
2026-05-03 14:00,1.65
2026-05-03 14:15,1.65
2026-05-03 14:30,1.62
2026-05-03 14:45,1.62
2026-05-03 15:00,1.54
2026-05-03 15:15,1.5
2026-05-03 15:30,1.43
2026-05-03 15:45,1.37
2026-05-03 16:00,1.34
2026-05-03 16:15,1.3
2026-05-03 16:30,1.24
2026-05-03 16:45,1.21
2026-05-03 17:00,1.19
2026-05-03 17:15,1.14
2026-05-03 17:30,1.13
2026-05-03 17:45,1.11
2026-05-03 18:00,1.1
2026-05-03 18:15,1.06
2026-05-03 18:30,1.04
2026-05-03 18:45,1.03
2026-05-03 19:00,1.01
2026-05-03 19:15,1
2026-05-03 19:30,1
2026-05-03 19:45,0.99
2026-05-03 20:00,1
2026-05-03 20:15,0.96
2026-05-03 20:30,0.79
2026-05-03 20:45,0.83
2026-05-03 21:00,1.17
2026-05-03 21:35,1.11
2026-05-03 21:45,0.97
2026-05-03 22:00,0.9
2026-05-03 22:15,0.83
2026-05-03 22:30,0.78
2026-05-03 23:06,0.72
2026-05-03 23:32,0.72
2026-05-04 00:14,0.73
2026-05-04 00:15,0.73
2026-05-04 00:30,0.7
2026-05-04 00:45,0.71
2026-05-04 01:00,0.71
2026-05-04 01:35,0.71
2026-05-04 01:45,0.72
2026-05-04 02:00,0.71
2026-05-04 02:15,0.71
2026-05-04 02:30,0.71
2026-05-04 03:05,0.71
2026-05-04 03:15,0.72
2026-05-04 03:50,0.7
2026-05-04 04:00,0.7
2026-05-04 04:15,0.71
2026-05-04 04:30,0.7
2026-05-04 04:45,0.71
2026-05-04 05:00,0.67
2026-05-04 05:15,0.7
2026-05-04 05:30,0.7
2026-05-04 05:45,0.71
2026-05-04 06:00,0.7
2026-05-04 06:15,0.71
2026-05-04 06:30,0.71
2026-05-04 06:45,0.71
2026-05-04 07:00,0.72
2026-05-04 07:15,0.71
2026-05-04 07:30,0.71
2026-05-04 07:45,0.71
2026-05-04 08:00,0.7
2026-05-04 08:15,0.7
2026-05-04 08:30,0.67
2026-05-04 08:45,0.68
2026-05-04 09:00,0.68
2026-05-04 09:15,0.71
2026-05-04 09:30,0.71
2026-05-04 09:45,0.68
2026-05-04 10:00,0.7
2026-05-04 10:15,0.7
2026-05-04 10:30,0.7
2026-05-04 10:45,0.7
2026-05-04 11:00,0.69
2026-05-04 11:15,0.69
2026-05-04 11:30,0.7
2026-05-04 11:45,0.69
2026-05-04 12:00,0.7
2026-05-04 12:15,0.7
2026-05-04 12:30,0.7
2026-05-04 12:45,0.69
2026-05-04 13:00,0.67
2026-05-04 13:15,0.69
2026-05-04 13:30,0.71
2026-05-04 13:45,0.7
2026-05-04 14:00,0.69
2026-05-04 14:15,0.67
2026-05-04 14:30,0.7
2026-05-04 14:45,0.68
2026-05-04 15:00,0.69
2026-05-04 15:15,0.69
2026-05-04 15:30,0.68
2026-05-04 15:45,0.68
2026-05-04 16:00,0.68
2026-05-04 16:15,0.68
2026-05-04 16:30,0.69
2026-05-04 16:45,0.68
2026-05-04 17:00,0.69
2026-05-04 17:15,0.68
2026-05-04 17:30,0.68
2026-05-04 17:45,0.69
2026-05-04 18:00,0.67
2026-05-04 18:15,0.68
2026-05-04 18:30,0.68
2026-05-04 18:45,0.68
2026-05-04 19:00,0.68
2026-05-04 19:15,0.68
2026-05-04 19:30,0.69
2026-05-04 19:45,0.69
2026-05-04 20:00,0.69
2026-05-04 20:15,0.66
2026-05-04 20:30,0.67
2026-05-04 20:45,0.66
2026-05-04 21:00,0.67
2026-05-04 21:15,0.66
2026-05-04 21:30,0.68
2026-05-04 21:45,0.67
2026-05-04 22:00,0.67
2026-05-04 22:15,0.66
2026-05-04 22:30,0.67
2026-05-04 22:45,0.66
2026-05-04 23:00,0.65
2026-05-04 23:15,0.67
2026-05-04 23:30,0.67
2026-05-04 23:45,0.67
2026-05-05 00:00,0.67
2026-05-05 00:35,0.65
2026-05-05 00:45,0.65
2026-05-05 01:00,0.67
2026-05-05 02:00,0.65
2026-05-05 02:15,0.64
2026-05-05 02:30,0.65
2026-05-05 02:45,0.64
2026-05-05 03:00,0.66
2026-05-05 03:15,0.62
2026-05-05 03:30,0.65
2026-05-05 03:45,0.66
2026-05-05 04:00,0.63
2026-05-05 04:15,0.66
2026-05-05 04:30,0.65
2026-05-05 04:45,0.64
2026-05-05 05:00,0.64
2026-05-05 05:15,0.63
2026-05-05 05:30,0.63
2026-05-05 05:45,0.65
2026-05-05 06:00,0.65
2026-05-05 06:15,0.63
2026-05-05 06:30,0.63
2026-05-05 07:05,0.63
2026-05-05 07:30,0.63
2026-05-05 07:45,0.62
2026-05-05 08:00,0.63
2026-05-05 08:15,0.63
2026-05-05 08:30,0.64
2026-05-05 08:45,0.63
2026-05-05 09:15,0.63
2026-05-05 09:49,0.62
2026-05-05 10:00,0.64
2026-05-05 10:35,0.61
2026-05-05 10:45,0.62
2026-05-05 11:00,0.61
2026-05-05 11:15,0.62
2026-05-05 11:30,0.62
2026-05-05 11:45,0.6
2026-05-05 12:00,0.59
2026-05-05 12:15,0.59
2026-05-05 12:30,0.59
2026-05-05 12:45,0.6
2026-05-05 13:00,0.62
2026-05-05 13:30,0.61
2026-05-05 13:45,0.51
2026-05-05 14:00,0.54
2026-05-05 14:15,0.5
2026-05-05 14:30,0.51
2026-05-05 14:45,0.53
2026-05-05 15:00,0.54
2026-05-05 15:15,0.5
2026-05-05 15:51,0.61
2026-05-05 16:00,0.61
2026-05-05 16:15,0.61
2026-05-05 16:30,0.63
2026-05-05 17:05,0.61
2026-05-05 17:15,0.61
2026-05-05 17:52,0.61
2026-05-05 18:00,0.61
2026-05-05 18:15,0.59
2026-05-05 18:30,0.6
2026-05-05 18:45,0.58
2026-05-05 19:00,0.6
2026-05-05 19:15,0.6
2026-05-05 19:30,0.6
2026-05-05 19:45,0.6
2026-05-05 20:15,0.53
2026-05-05 20:30,0.58
2026-05-05 20:45,0.6
2026-05-05 21:00,0.59
2026-05-05 21:30,0.59
2026-05-05 22:11,0.57
2026-05-05 22:15,0.59
2026-05-05 22:30,0.57
2026-05-05 23:12,0.58
2026-05-05 23:45,0.56
2026-05-06 00:00,0.58
2026-05-06 00:52,0.56
2026-05-06 01:00,0.57
2026-05-06 01:15,0.55
2026-05-06 01:30,0.58
2026-05-06 01:45,0.56
2026-05-06 02:15,0.57
2026-05-06 02:56,0.56
2026-05-06 03:28,0.57
2026-05-06 03:30,0.56
2026-05-06 03:45,0.56
2026-05-06 04:00,0.54
2026-05-06 04:15,0.55
2026-05-06 04:45,0.53
2026-05-06 05:00,0.51
2026-05-06 05:15,0.51
2026-05-06 05:30,0.51
2026-05-06 05:45,0.54
2026-05-06 06:15,0.5
2026-05-06 06:30,0.51
2026-05-06 06:45,0.52
2026-05-06 07:00,0.53
2026-05-06 07:15,0.53
2026-05-06 07:30,0.5
2026-05-06 07:45,0.5
2026-05-06 08:00,0.52
2026-05-06 08:15,0.48
2026-05-06 08:30,0.49
2026-05-06 08:45,0.47
2026-05-06 09:00,0.49
2026-05-06 09:15,0.43
2026-05-06 09:30,0.49
2026-05-06 09:45,0.48
2026-05-06 10:00,0.56
2026-05-06 10:15,0.56
2026-05-06 10:30,0.53
2026-05-06 10:45,0.51
2026-05-06 11:00,0.51
2026-05-06 11:15,0.53
2026-05-06 11:30,0.51
2026-05-06 11:45,0.47
2026-05-06 12:00,0.52
2026-05-06 12:15,0.51
2026-05-06 12:30,0.51
2026-05-06 12:45,0.45
2026-05-06 13:00,0.5
2026-05-06 13:15,0.44
2026-05-06 13:30,0.47
2026-05-06 13:45,0.48
2026-05-06 14:23,0.48
2026-05-06 14:30,0.46
2026-05-06 14:45,0.46
2026-05-06 15:00,0.48
2026-05-06 15:15,0.49
2026-05-06 15:30,0.46
2026-05-06 15:45,0.54
2026-05-06 16:00,0.5
2026-05-06 16:15,0.5
2026-05-06 16:30,0.48
2026-05-06 16:45,0.43
2026-05-06 17:00,0.46
2026-05-06 17:15,0.45
2026-05-06 17:30,0.44
2026-05-06 17:45,0.42
2026-05-06 18:00,0.44
2026-05-06 18:15,0.41
2026-05-06 18:30,0.41
2026-05-06 18:45,0.38
2026-05-06 19:00,0.41
2026-05-06 19:15,0.44
2026-05-06 19:30,0.41
2026-05-06 19:45,0.43
2026-05-06 20:00,0.44
2026-05-06 20:15,0.43
2026-05-06 20:30,0.39
2026-05-06 20:45,0.41
2026-05-06 21:00,0.4
2026-05-06 21:15,0.4
2026-05-06 21:30,0.4
2026-05-06 21:45,0.4
2026-05-06 22:00,0.48
2026-05-06 22:15,0.39
2026-05-06 22:30,0.41
2026-05-06 22:45,0.43
2026-05-06 23:15,0.42
2026-05-06 23:30,0.43
2026-05-06 23:45,0.4
2026-05-07 00:00,0.43
2026-05-07 00:15,0.4
2026-05-07 00:30,0.41
2026-05-07 00:45,0.43
2026-05-07 01:00,0.41
2026-05-07 01:15,0.41
2026-05-07 01:30,0.42
2026-05-07 01:45,0.38
2026-05-07 02:00,0.42
2026-05-07 02:15,0.36
2026-05-07 02:30,0.39
2026-05-07 02:45,0.37
2026-05-07 03:00,0.41
2026-05-07 03:15,0.41
2026-05-07 03:30,0.39
2026-05-07 03:45,0.41
2026-05-07 04:00,0.38
2026-05-07 04:15,0.44
2026-05-07 04:30,0.45
2026-05-07 04:45,0.45
2026-05-07 05:00,0.39
2026-05-07 05:15,0.43
2026-05-07 05:30,0.41
2026-05-07 05:45,0.41
2026-05-07 06:00,0.4
2026-05-07 06:15,0.39
2026-05-07 06:30,0.4
2026-05-07 06:45,0.37
2026-05-07 07:15,0.42
2026-05-07 07:30,0.43
2026-05-07 07:45,0.39
2026-05-07 08:00,0.39
2026-05-07 08:15,0.41
2026-05-07 08:30,0.4
2026-05-07 08:45,0.43
2026-05-07 09:00,0.39
2026-05-07 09:15,0.44
2026-05-07 09:30,0.43
2026-05-07 09:45,0.4
2026-05-07 10:00,0.39
2026-05-07 10:15,0.37
2026-05-07 10:30,0.38
2026-05-07 10:45,0.38
2026-05-07 11:00,0.34
2026-05-07 11:15,0.33
2026-05-07 11:45,0.4
2026-05-07 12:00,0.38
2026-05-07 12:15,0.35
2026-05-07 12:30,0.38
2026-05-07 12:45,0.39
2026-05-07 13:00,0.38
2026-05-07 13:15,0.4
2026-05-07 13:45,0.38
2026-05-07 14:26,0.37
2026-05-07 14:30,0.36
2026-05-07 14:45,0.36
2026-05-07 15:00,0.36
2026-05-07 15:15,0.35
2026-05-07 15:30,0.38
2026-05-07 15:45,0.38
2026-05-07 16:00,0.36
2026-05-07 16:15,0.36
2026-05-07 16:30,0.39
2026-05-07 16:45,0.39
2026-05-07 17:00,0.39
2026-05-07 17:15,0.37
2026-05-07 17:30,0.39
2026-05-07 17:45,0.39
2026-05-07 18:00,0.43
2026-05-07 18:15,0.38
2026-05-07 18:30,0.37
2026-05-07 18:45,0.38
2026-05-07 19:00,0.35
2026-05-07 19:15,0.43
2026-05-07 19:30,0.37
2026-05-07 19:45,0.34
2026-05-07 20:00,0.4
2026-05-07 20:15,0.4
2026-05-07 20:30,0.37
2026-05-07 20:45,0.41
2026-05-07 21:00,0.37
2026-05-07 21:15,0.41
2026-05-07 21:30,0.41
2026-05-07 21:45,0.42
2026-05-07 22:00,0.38
2026-05-07 22:15,0.36
2026-05-07 22:30,0.36
2026-05-07 22:45,0.31
2026-05-07 23:00,0.39
2026-05-07 23:15,0.33
2026-05-07 23:30,0.38
2026-05-07 23:45,0.39
2026-05-08 00:00,0.33
2026-05-08 00:15,0.34
2026-05-08 00:30,0.32
2026-05-08 00:45,0.34
2026-05-08 01:00,0.32
2026-05-08 01:15,0.37
2026-05-08 01:30,0.38
2026-05-08 01:45,0.35
2026-05-08 02:00,0.35
2026-05-08 02:15,0.38
2026-05-08 02:30,0.39
2026-05-08 02:45,0.35
2026-05-08 03:00,0.36
2026-05-08 03:15,0.38
2026-05-08 03:30,0.35
2026-05-08 03:45,0.32
2026-05-08 04:00,0.35
2026-05-08 04:41,0.32
2026-05-08 04:45,0.34
2026-05-08 05:00,0.34
2026-05-08 05:15,0.33
2026-05-08 05:30,0.32
2026-05-08 05:45,0.32
2026-05-08 06:00,0.35
2026-05-08 06:15,0.34
2026-05-08 06:30,0.36
2026-05-08 06:45,0.3
2026-05-08 07:00,0.33
2026-05-08 07:15,0.33
2026-05-08 08:07,0.32
2026-05-08 08:40,0.32
2026-05-08 08:45,0.29
2026-05-08 09:00,0.32
2026-05-08 09:15,0.32
2026-05-08 09:30,0.31
2026-05-08 09:45,0.35
2026-05-08 10:00,0.32
2026-05-08 10:15,0.33
2026-05-08 10:30,0.29
2026-05-08 10:45,0.36
2026-05-08 11:00,0.32
2026-05-08 11:15,0.34
2026-05-08 11:30,0.33
2026-05-08 11:45,0.3
2026-05-08 12:00,0.32
2026-05-08 12:15,0.3
2026-05-08 12:30,0.3
2026-05-08 13:00,0.32
2026-05-08 13:15,0.31
2026-05-08 13:30,0.27
2026-05-08 13:45,0.28
2026-05-08 14:15,0.31
2026-05-08 14:30,0.27
2026-05-08 15:00,0.31
2026-05-08 15:15,0.25
2026-05-08 15:30,0.3
2026-05-08 15:45,0.3
2026-05-08 16:00,0.28
2026-05-08 16:15,0.32
2026-05-08 16:30,0.31
2026-05-08 16:45,0.29
2026-05-08 17:00,0.28
2026-05-08 17:15,0.27
2026-05-08 17:30,0.26
2026-05-08 18:00,0.26
2026-05-08 18:30,0.3
2026-05-08 18:45,0.3
2026-05-08 19:00,0.29
2026-05-08 19:15,0.29
2026-05-08 19:30,0.3
2026-05-08 19:45,0.26
2026-05-08 20:00,0.27
2026-05-08 20:15,0.27
2026-05-08 20:30,0.27
2026-05-08 20:45,0.29
2026-05-08 21:00,0.27
2026-05-08 21:15,0.27
2026-05-08 21:30,0.3
2026-05-08 21:45,0.27
2026-05-08 22:00,0.27
2026-05-08 22:15,0.27
2026-05-08 22:30,0.28
2026-05-08 22:45,0.27
2026-05-08 23:00,0.26
2026-05-08 23:15,0.25
2026-05-08 23:30,0.26
2026-05-08 23:45,0.27
2026-05-09 00:00,0.29
2026-05-09 00:15,0.27
2026-05-09 00:30,0.27
2026-05-09 00:45,0.25
2026-05-09 01:00,0.27
2026-05-09 01:15,0.26
2026-05-09 01:30,0.26
2026-05-09 01:45,0.24
2026-05-09 02:00,0.25
2026-05-09 02:15,0.25
2026-05-09 02:30,0.27
2026-05-09 02:45,0.26
2026-05-09 03:00,0.27
2026-05-09 03:15,0.25
2026-05-09 03:30,0.24
2026-05-09 03:45,0.28
2026-05-09 04:00,0.27
2026-05-09 04:15,0.24
2026-05-09 04:30,0.26
2026-05-09 04:45,0.27
2026-05-09 05:00,0.3
2026-05-09 05:15,0.27
2026-05-09 05:30,0.28
2026-05-09 05:45,0.26
2026-05-09 06:00,0.26
2026-05-09 06:45,0.26
2026-05-09 07:00,0.28
2026-05-09 07:30,0.26
2026-05-09 08:00,0.25
2026-05-09 08:15,0.25
2026-05-09 08:30,0.25
2026-05-09 08:45,0.22
2026-05-09 09:00,0.27
2026-05-09 09:15,0.24
2026-05-09 09:30,0.24
2026-05-09 09:45,0.25
2026-05-09 10:00,0.23
2026-05-09 10:15,0.25
2026-05-09 10:30,0.24
2026-05-09 10:45,0.24
2026-05-09 11:00,0.23
2026-05-09 11:15,0.25
2026-05-09 11:30,0.21
2026-05-09 11:45,0.25
2026-05-09 12:00,0.27
2026-05-09 12:30,0.26
2026-05-09 12:45,0.27
2026-05-09 13:00,0.24
2026-05-09 13:15,0.22
2026-05-09 13:45,0.26
2026-05-09 14:00,0.23
2026-05-09 14:30,0.23
2026-05-09 14:45,0.24
2026-05-09 15:00,0.27
2026-05-09 15:15,0.24
2026-05-09 15:30,0.24
2026-05-09 16:00,0.25
2026-05-09 16:15,0.27
2026-05-09 16:30,0.26
2026-05-09 16:45,0.23
2026-05-09 17:00,0.23
2026-05-09 17:15,0.25
2026-05-09 17:30,0.23
2026-05-09 17:45,0.27
2026-05-09 18:00,0.23
2026-05-09 18:30,0.22
2026-05-09 18:45,0.23
2026-05-09 19:15,0.24
2026-05-09 19:30,0.24
2026-05-09 19:45,0.23
2026-05-09 20:00,0.24
2026-05-09 20:15,0.21
2026-05-09 20:30,0.24
2026-05-09 21:30,0.23
2026-05-09 21:45,0.22
2026-05-09 22:00,0.22
2026-05-09 22:41,0.24
2026-05-09 22:45,0.25
2026-05-09 23:00,0.24
2026-05-09 23:15,0.23
2026-05-09 23:30,0.23
2026-05-09 23:45,0.22
2026-05-10 00:00,0.24
2026-05-10 00:15,0.23
2026-05-10 00:56,0.23
2026-05-10 01:00,0.21
2026-05-10 01:15,0.23
2026-05-10 01:30,0.23
2026-05-10 01:45,0.22
2026-05-10 02:15,0.23
2026-05-10 02:30,0.23
2026-05-10 02:45,0.24
2026-05-10 03:00,0.24
2026-05-10 03:30,0.23
2026-05-10 03:45,0.24
2026-05-10 04:00,0.23
2026-05-10 04:15,0.25
2026-05-10 04:30,0.22
2026-05-10 04:45,0.23
2026-05-10 05:00,0.24
2026-05-10 05:15,0.23
2026-05-10 05:30,0.22
2026-05-10 05:45,0.21
2026-05-10 06:00,0.23
2026-05-10 06:15,0.22
2026-05-10 06:30,0.24
2026-05-10 06:45,0.23
2026-05-10 07:00,0.23
2026-05-10 07:15,0.21
2026-05-10 07:30,0.23
2026-05-10 07:45,0.23
2026-05-10 08:26,0.23
2026-05-10 08:30,0.23
2026-05-10 08:45,0.25
2026-05-10 09:00,0.23
2026-05-10 09:15,0.21
2026-05-10 09:30,0.24
2026-05-10 09:45,0.24
2026-05-10 10:00,0.22
2026-05-10 10:15,0.22
2026-05-10 10:30,0.22
2026-05-10 10:45,0.23
2026-05-10 11:00,0.22
2026-05-10 11:15,0.22
2026-05-10 11:30,0.22
2026-05-10 11:45,0.22
2026-05-10 12:00,0.22
2026-05-10 12:15,0.23
2026-05-10 12:30,0.25
2026-05-10 12:45,0.23
2026-05-10 13:00,0.24
2026-05-10 13:15,0.25
2026-05-10 13:30,0.3
2026-05-10 14:00,0.27
2026-05-10 14:15,0.26
2026-05-10 14:30,0.25
2026-05-10 14:45,0.24
2026-05-10 15:15,0.26
2026-05-10 15:30,0.21
2026-05-10 15:45,0.23
2026-05-10 16:00,0.23
2026-05-10 16:15,0.25
2026-05-10 16:30,0.24
2026-05-10 16:45,0.28
2026-05-10 17:00,0.25
2026-05-10 17:15,0.27
2026-05-10 17:30,0.26
2026-05-10 17:45,0.26
2026-05-10 18:00,0.24
2026-05-10 18:15,0.22
2026-05-10 18:30,0.21
2026-05-10 18:45,0.21
2026-05-10 19:00,0.23
2026-05-10 19:15,0.22
2026-05-10 19:30,0.26
2026-05-10 19:45,0.25
2026-05-10 20:00,0.23
2026-05-10 20:15,0.21
2026-05-10 20:30,0.22
2026-05-10 20:45,0.22
2026-05-10 21:00,0.22
2026-05-10 21:30,0.22
2026-05-10 21:45,0.22
2026-05-10 22:00,0.22
2026-05-10 22:45,0.22
2026-05-10 23:00,0.21
2026-05-10 23:15,0.23
2026-05-10 23:30,0.24
2026-05-11 00:14,0.22
2026-05-11 00:15,0.2
2026-05-11 00:30,0.21
2026-05-11 01:00,0.21
2026-05-11 01:15,0.22
2026-05-11 01:30,0.22
2026-05-11 01:45,0.2
2026-05-11 02:15,0.21
2026-05-11 02:30,0.2
2026-05-11 02:45,0.23
2026-05-11 03:15,0.21
2026-05-11 03:30,0.23
2026-05-11 03:45,0.23
2026-05-11 04:00,0.22
2026-05-11 04:15,0.22
2026-05-11 04:30,0.21
2026-05-11 04:45,0.2
2026-05-11 05:00,0.22
2026-05-11 05:15,0.24
2026-05-11 05:30,0.22
2026-05-11 05:45,0.21
2026-05-11 06:00,0.2
2026-05-11 06:15,0.22
2026-05-11 06:45,0.22
2026-05-11 07:15,0.22
2026-05-11 07:30,0.21
2026-05-11 07:45,0.21
2026-05-11 08:00,0.21
2026-05-11 08:30,0.23
2026-05-11 08:45,0.22
2026-05-11 09:00,0.22
2026-05-11 09:15,0.23
2026-05-11 09:30,0.22
2026-05-11 09:45,0.24
2026-05-11 10:00,0.21
2026-05-11 10:15,0.23
2026-05-11 10:48,0.23
2026-05-11 11:00,0.23
2026-05-11 11:15,0.21
2026-05-11 11:30,0.22
2026-05-11 11:45,0.22
2026-05-11 12:00,0.21
2026-05-11 12:15,0.22
2026-05-11 12:30,0.25
2026-05-11 12:45,0.21
2026-05-11 13:00,0.22
2026-05-11 13:15,0.21
2026-05-11 13:30,0.21
2026-05-11 14:26,0.22
2026-05-11 14:30,0.21
2026-05-11 14:45,0.21
2026-05-11 15:00,0.2
2026-05-11 15:15,0.22
2026-05-11 15:30,0.22
2026-05-11 15:45,0.22
2026-05-11 16:15,0.21
2026-05-11 16:30,0.22
2026-05-11 16:45,0.23
2026-05-11 17:00,0.21
2026-05-11 17:15,0.22
2026-05-11 17:30,0.22
2026-05-11 17:45,0.22
2026-05-11 18:00,0.22
2026-05-11 18:15,0.22
2026-05-11 18:30,0.21
2026-05-11 18:45,0.24
2026-05-11 19:00,0.2
2026-05-11 19:15,0.21
2026-05-11 19:30,0.2
2026-05-11 19:45,0.23
2026-05-11 20:00,0.21
2026-05-11 20:15,0.23
2026-05-11 20:30,0.21
2026-05-11 20:45,0.22
2026-05-11 21:00,0.21
2026-05-11 21:15,0.22
2026-05-11 21:30,0.2
2026-05-11 21:45,0.21
2026-05-11 22:00,0.2
2026-05-11 22:15,0.2
2026-05-11 22:30,0.22
2026-05-11 22:45,0.24
2026-05-11 23:00,0.22
2026-05-11 23:15,0.22
2026-05-11 23:30,0.22
2026-05-11 23:45,0.21
2026-05-12 00:00,0.22
2026-05-12 00:15,0.2
2026-05-12 00:30,0.21
2026-05-12 00:45,0.22
2026-05-12 01:00,0.22
2026-05-12 01:15,0.23
2026-05-12 01:30,0.21
2026-05-12 01:45,0.22
2026-05-12 02:19,0.22
2026-05-12 02:30,0.23
2026-05-12 02:45,0.21
2026-05-12 03:00,0.23
2026-05-12 03:15,0.24
2026-05-12 04:15,0.22
2026-05-12 04:30,0.22
2026-05-12 04:45,0.23
2026-05-12 05:00,0.22
2026-05-12 05:15,0.21
2026-05-12 05:30,0.23
2026-05-12 05:45,0.22
2026-05-12 06:00,0.24
2026-05-12 06:15,0.21
2026-05-12 06:30,0.22
2026-05-12 06:45,0.22
2026-05-12 07:00,0.22
2026-05-12 07:15,0.22
2026-05-12 07:30,0.21
2026-05-12 07:45,0.2
2026-05-12 08:00,0.21
2026-05-12 08:15,0.22
2026-05-12 08:30,0.22
2026-05-12 08:45,0.22
2026-05-12 09:00,0.21
2026-05-12 09:15,0.23
2026-05-12 09:30,0.22
2026-05-12 09:45,0.23
2026-05-12 10:00,0.21
2026-05-12 10:15,0.23
2026-05-12 10:30,0.24
2026-05-12 10:45,0.2
2026-05-12 11:00,0.21
2026-05-12 11:15,0.22
2026-05-12 11:30,0.21
2026-05-12 11:45,0.22
2026-05-12 12:00,0.22
2026-05-12 12:15,0.22
2026-05-12 12:30,0.21
2026-05-12 12:45,0.23
2026-05-12 13:00,0.2
2026-05-12 13:15,0.22
2026-05-12 13:30,0.23
2026-05-12 13:45,0.21
2026-05-12 14:00,0.21
2026-05-12 14:15,0.22
2026-05-12 14:30,0.23
2026-05-12 14:45,0.22
2026-05-12 15:15,0.21
2026-05-12 15:30,0.22
2026-05-12 15:45,0.21
2026-05-12 16:00,0.21
2026-05-12 16:15,0.22
2026-05-12 16:30,0.21
2026-05-12 16:45,0.22
2026-05-12 17:00,0.21
2026-05-12 17:15,0.2
2026-05-12 17:30,0.2
2026-05-12 17:45,0.22
2026-05-12 18:00,0.2
2026-05-12 18:15,0.21
2026-05-12 18:30,0.22
2026-05-12 18:45,0.21
2026-05-12 19:00,0.22
2026-05-12 19:15,0.21
2026-05-12 19:30,0.22
2026-05-12 19:45,0.21
2026-05-12 20:00,0.22
2026-05-12 20:15,0.21
2026-05-12 20:30,0.22
2026-05-12 20:45,0.23
2026-05-12 21:00,0.23
2026-05-12 21:15,0.22
2026-05-12 21:30,0.22
2026-05-12 21:45,0.2
2026-05-12 22:32,0.21
2026-05-12 22:45,0.22
2026-05-12 23:00,0.21
2026-05-12 23:15,0.22
2026-05-12 23:30,0.21
2026-05-12 23:45,0.23
2026-05-13 00:00,0.21
2026-05-13 00:15,0.22
2026-05-13 00:30,0.23
2026-05-13 00:45,0.23
2026-05-13 01:00,0.23
2026-05-13 01:15,0.21
2026-05-13 01:30,0.22
2026-05-13 01:45,0.22
2026-05-13 02:00,0.2
2026-05-13 02:15,0.22
2026-05-13 02:30,0.21
2026-05-13 02:45,0.22
2026-05-13 03:00,0.22
2026-05-13 03:15,0.22
2026-05-13 03:30,0.21
2026-05-13 03:45,0.2
2026-05-13 04:00,0.23
2026-05-13 04:15,0.21
2026-05-13 04:30,0.22
2026-05-13 04:45,0.22
2026-05-13 05:00,0.21
2026-05-13 05:15,0.21
2026-05-13 05:30,0.21
2026-05-13 05:45,0.22
2026-05-13 06:00,0.21
2026-05-13 06:15,0.22
2026-05-13 06:30,0.22
2026-05-13 06:45,0.23
2026-05-13 07:00,0.22
2026-05-13 07:15,0.24
2026-05-13 07:30,0.21
2026-05-13 07:45,0.21
2026-05-13 08:00,0.23
2026-05-13 08:15,0.21
2026-05-13 08:30,0.22
2026-05-13 08:45,0.21
2026-05-13 09:00,0.23
2026-05-13 09:15,0.21
2026-05-13 09:45,0.21
2026-05-13 10:00,0.21
2026-05-13 10:15,0.21
2026-05-13 10:30,0
2026-05-13 10:45,0.31
2026-05-13 11:17,0.12
2026-05-13 11:30,0
2026-05-13 11:45,0
2026-05-13 12:00,0.06
2026-05-13 12:15,0
2026-05-13 12:30,0
2026-05-13 12:45,0
2026-05-13 13:00,0.07
2026-05-13 13:15,0
2026-05-13 13:30,0
2026-05-13 13:45,0
2026-05-13 14:00,0.14
2026-05-13 14:15,0.12
2026-05-13 14:30,0.25
2026-05-13 14:45,0.16
2026-05-13 15:00,0
2026-05-13 15:15,0.32
2026-05-13 15:30,0.31
2026-05-13 15:45,0.31
2026-05-13 16:00,0.31
2026-05-13 16:15,0.31
2026-05-13 16:30,0
2026-05-13 16:45,0.2
2026-05-13 17:00,0.22
2026-05-13 17:15,0.2
2026-05-13 17:30,0.2
2026-05-13 17:45,0.23
2026-05-13 18:00,0.21
2026-05-13 18:15,0.22
2026-05-13 18:30,0.21
2026-05-13 18:45,0.21
2026-05-13 19:19,0.2
2026-05-13 19:30,0.22
2026-05-13 19:45,0.19
2026-05-13 20:00,0.22
2026-05-13 20:15,0.22
2026-05-13 20:30,0.22
2026-05-13 20:45,0.19
2026-05-13 21:00,0.2
2026-05-13 21:36,0.2
2026-05-13 21:45,0.2
2026-05-13 22:00,0.22
2026-05-13 22:15,0.22
2026-05-13 22:30,0.21
2026-05-13 22:45,0.23
2026-05-13 23:00,0.22
2026-05-13 23:15,0.22
2026-05-13 23:30,0.22
2026-05-13 23:45,0.23
2026-05-14 00:00,0.21
2026-05-14 00:15,0.23
2026-05-14 00:30,0.2
2026-05-14 00:45,0.2
2026-05-14 01:15,0.22
2026-05-14 01:30,0.2
2026-05-14 01:45,0.21
2026-05-14 02:00,0.21
2026-05-14 02:15,0.21
2026-05-14 02:30,0.22
2026-05-14 02:45,0.2
2026-05-14 03:00,0.23
2026-05-14 03:30,0.21
2026-05-14 03:45,0.22
2026-05-14 04:00,0.21
2026-05-14 04:15,0.22
2026-05-14 04:30,0.22
2026-05-14 04:45,0.21
2026-05-14 05:00,0.21
2026-05-14 05:15,0.21
2026-05-14 05:49,0.21
2026-05-14 06:00,0.22
2026-05-14 06:15,0.21
2026-05-14 06:30,0.22
2026-05-14 06:45,0.21
2026-05-14 07:19,0.22
2026-05-14 07:30,0.22
2026-05-14 07:45,0.21
2026-05-14 08:00,0.21
2026-05-14 08:15,0.22
2026-05-14 08:30,0.22
2026-05-14 08:45,0.22
2026-05-14 09:00,0.2
2026-05-14 09:15,0.22
2026-05-14 09:30,0.2
2026-05-14 09:45,0.21
2026-05-14 10:00,0.22
2026-05-14 10:15,0.21
2026-05-14 10:30,0.2
2026-05-14 10:45,0.22
2026-05-14 11:00,0.22
2026-05-14 11:34,0.21
2026-05-14 11:45,0.22
2026-05-14 12:00,0.22
2026-05-14 12:15,0.2
2026-05-14 12:30,0.22
2026-05-14 12:45,0.22
2026-05-14 13:00,0.22
2026-05-14 13:15,0.22
2026-05-14 13:30,0.22
2026-05-14 13:45,0.21
2026-05-14 14:00,0.21
2026-05-14 14:15,0.22
2026-05-14 14:30,0.23
2026-05-14 14:45,0.2
2026-05-14 15:00,0.23
2026-05-14 15:15,0.21
2026-05-14 15:30,0.22
2026-05-14 15:45,0.22
2026-05-14 16:00,0.22
2026-05-14 16:15,0.22
2026-05-14 16:30,0.22
2026-05-14 16:45,0.23
2026-05-14 17:00,0.22
2026-05-14 17:15,0.21
2026-05-14 17:30,0.2
2026-05-14 17:45,0.22
2026-05-14 18:00,0.21
2026-05-14 18:15,0.21
2026-05-14 18:30,0.21
2026-05-14 19:00,0.2
2026-05-14 19:15,0.21
2026-05-14 19:30,0.2
2026-05-14 19:45,0.19
2026-05-14 20:00,0.24
2026-05-14 20:15,0.2
2026-05-14 20:30,0.2
2026-05-14 20:45,0.21
2026-05-14 21:00,0.21
2026-05-14 21:15,0.21
2026-05-14 21:30,0.2
2026-05-14 21:45,0.2
2026-05-14 22:00,0.21
2026-05-14 22:15,0.21
2026-05-14 22:30,0.21
2026-05-14 22:45,0.21
2026-05-14 23:00,0.21
2026-05-14 23:15,0.21
2026-05-14 23:30,0.2
2026-05-14 23:45,0.2
2026-05-15 00:18,0.2
2026-05-15 00:30,0.2
2026-05-15 00:45,0.23
2026-05-15 01:00,0.21
2026-05-15 01:15,0.2
2026-05-15 01:30,0.2
2026-05-15 01:45,0.2
2026-05-15 02:00,0.21
2026-05-15 02:15,0.21
2026-05-15 02:30,0.19
2026-05-15 02:45,0.21
2026-05-15 03:00,0.2
2026-05-15 03:15,0.2
2026-05-15 03:30,0.2
2026-05-15 04:03,0.2
2026-05-15 04:15,0.2
2026-05-15 04:30,0.22
2026-05-15 04:45,0.21
2026-05-15 05:00,0.21
2026-05-15 05:15,0.21
2026-05-15 05:30,0.21
2026-05-15 05:45,0.2
2026-05-15 06:00,0.21
2026-05-15 06:15,0.22
2026-05-15 06:30,0.21
2026-05-15 06:45,0.21
2026-05-15 07:00,0.21
2026-05-15 07:15,0.21
2026-05-15 07:30,0.2
2026-05-15 07:45,0.21
2026-05-15 08:00,0.21
2026-05-15 08:15,0.21
2026-05-15 08:30,0.21
2026-05-15 08:45,0.2
2026-05-15 09:00,0.21
2026-05-15 09:15,0.21
2026-05-15 09:30,0.22
2026-05-15 09:45,0.2
2026-05-15 10:00,0.21
2026-05-15 10:15,0.21
2026-05-15 10:30,0.21
2026-05-15 10:45,0.21
2026-05-15 11:00,0.21
2026-05-15 11:15,0.19
2026-05-15 11:30,0.2
2026-05-15 11:45,0.2
2026-05-15 12:00,0.21
2026-05-15 12:15,0.18
2026-05-15 12:30,0.2
2026-05-15 12:45,0.2
2026-05-15 13:00,0.21
2026-05-15 13:15,0.2
2026-05-15 13:30,0.2
2026-05-15 13:45,0.21
2026-05-15 14:00,0.2
2026-05-15 14:15,0.2
2026-05-15 14:30,0.21
2026-05-15 14:45,0.22
2026-05-15 15:00,0.22
2026-05-15 15:15,0.21
2026-05-15 15:30,0.21
2026-05-15 15:45,0.19
2026-05-15 16:00,0.2
2026-05-15 16:15,0.2
2026-05-15 16:30,0.21
2026-05-15 16:45,0.2
2026-05-15 17:00,0.19
2026-05-15 17:15,0.2
2026-05-15 17:30,0.2
2026-05-15 18:00,0.22
2026-05-15 18:15,0.2
2026-05-15 18:30,0.23
2026-05-15 18:45,0.2
2026-05-15 19:00,0.22
2026-05-15 19:15,0.21
2026-05-15 20:01,0.21
2026-05-15 20:15,0.21
2026-05-15 20:30,0.21
2026-05-15 20:45,0.21
2026-05-15 21:00,0.2
2026-05-15 21:15,0.21
2026-05-15 21:30,0.2
2026-05-15 21:45,0.2
2026-05-15 22:00,0.21
2026-05-15 22:15,0.21
2026-05-15 22:30,0.21
2026-05-15 23:18,0.2
2026-05-15 23:30,0.2
2026-05-15 23:45,0.2
2026-05-16 00:00,0.2
2026-05-16 00:15,0.2
2026-05-16 00:30,0.2
2026-05-16 00:45,0.2
2026-05-16 01:00,0.18
2026-05-16 01:15,0.21
2026-05-16 01:30,0.2
2026-05-16 01:45,0.21
2026-05-16 02:00,0.2
2026-05-16 02:15,0.21
2026-05-16 02:30,0.21
2026-05-16 02:45,0.2
2026-05-16 03:00,0.2
2026-05-16 03:15,0.2
2026-05-16 03:30,0.2
2026-05-16 03:45,0.22
2026-05-16 04:00,0.2
2026-05-16 04:15,0.2
2026-05-16 04:30,0.21
2026-05-16 04:45,0.2
2026-05-16 05:00,0.2
2026-05-16 05:15,0.21
2026-05-16 05:30,0.2
2026-05-16 05:45,0.19
2026-05-16 06:00,0.21
2026-05-16 06:15,0.19
2026-05-16 06:49,0.21
2026-05-16 07:00,0.2
2026-05-16 07:15,0.21
2026-05-16 07:30,0.21
2026-05-16 07:45,0.21
2026-05-16 08:00,0.21
2026-05-16 08:15,0.2
2026-05-16 08:30,0.2
2026-05-16 08:45,0.21
2026-05-16 09:00,0.21
2026-05-16 09:15,0.21
2026-05-16 09:30,0.21
2026-05-16 09:45,0.21
2026-05-16 10:00,0.2
2026-05-16 10:15,0.2
2026-05-16 10:30,0.21
2026-05-16 10:45,0.23
2026-05-16 11:15,0.2
2026-05-16 11:30,0.2
2026-05-16 11:45,0.2
2026-05-16 12:00,0.19
2026-05-16 12:15,0.21
2026-05-16 12:30,0.2
2026-05-16 12:45,0.2
2026-05-16 13:00,0.2
2026-05-16 13:15,0.21
2026-05-16 13:30,0.19
2026-05-16 13:45,0.2
2026-05-16 14:00,0.21
2026-05-16 14:15,0.22
2026-05-16 14:30,0.2
2026-05-16 14:45,0.08
2026-05-16 15:15,0
2026-05-16 15:30,0.2
2026-05-16 15:45,0.06
2026-05-16 16:00,0.19
2026-05-16 16:15,0
2026-05-16 16:30,0.26
2026-05-16 16:45,0.21
2026-05-16 17:00,0.19
2026-05-16 17:15,0.2
2026-05-16 17:30,0.19
2026-05-16 17:45,0.2
2026-05-16 18:00,0.19
2026-05-16 18:15,0.2
2026-05-16 18:30,0.2
2026-05-16 18:45,0.19
2026-05-16 19:21,0.21
2026-05-16 19:30,0.2
2026-05-16 19:45,0.2
2026-05-16 20:00,0.2
2026-05-16 20:15,0.2
2026-05-16 20:30,0.2
2026-05-16 20:45,0.21
2026-05-16 21:00,0.19
2026-05-16 21:15,0.19
2026-05-16 21:30,0.21
2026-05-16 21:45,0.19
2026-05-16 22:00,0.21
2026-05-16 22:15,0.19
2026-05-16 22:30,0.2
2026-05-16 22:45,0.19
2026-05-16 23:00,0.2
2026-05-16 23:15,0.2
2026-05-16 23:30,0.2
2026-05-16 23:45,0.2
2026-05-17 00:00,0.19
2026-05-17 00:15,0.19
2026-05-17 00:30,0.2
2026-05-17 00:45,0.21
2026-05-17 01:00,0.2
2026-05-17 01:15,0.19
2026-05-17 01:30,0.2
2026-05-17 01:45,0.21
2026-05-17 02:00,0.19
2026-05-17 02:15,0.21
2026-05-17 02:30,0.2
2026-05-17 02:45,0.2
2026-05-17 03:00,0.21
2026-05-17 03:15,0.19
2026-05-17 03:30,0.2
2026-05-17 03:45,0.21
2026-05-17 04:00,0.2
2026-05-17 04:15,0.2
2026-05-17 04:30,0.2
2026-05-17 04:45,0.2
2026-05-17 05:00,0.2
2026-05-17 05:15,0.2
2026-05-17 05:30,0.2
2026-05-17 05:45,0.21
2026-05-17 06:00,0.2
2026-05-17 06:15,0.19
2026-05-17 06:30,0.21
2026-05-17 06:45,0.2
2026-05-17 07:00,0.2
2026-05-17 07:15,0.2
2026-05-17 07:30,0.2
2026-05-17 07:45,0.19
2026-05-17 08:00,0.2
2026-05-17 08:15,0.2
2026-05-17 08:30,0.2
2026-05-17 08:45,0.2
2026-05-17 09:00,0.2
2026-05-17 09:15,0.2
2026-05-17 09:30,0.19
2026-05-17 09:45,0.21
2026-05-17 10:00,0.22
2026-05-17 10:30,0
2026-05-17 10:45,0
2026-05-17 11:00,0.08
2026-05-17 11:15,0
2026-05-17 11:30,0
2026-05-17 11:45,0
2026-05-17 12:00,0.06
2026-05-17 12:15,0.52
2026-05-17 12:30,0.62
2026-05-17 12:45,0.55
2026-05-17 13:00,0.54
2026-05-17 13:15,0.5
2026-05-17 13:30,0.47
2026-05-17 13:45,0.44
2026-05-17 14:00,0.43
2026-05-17 14:15,0.78
2026-05-17 14:30,0.84
2026-05-17 14:45,0.98
2026-05-17 15:00,0.96
2026-05-17 15:15,0.98
2026-05-17 15:30,0.96
2026-05-17 15:45,0.92
2026-05-17 16:00,0.83
2026-05-17 16:15,0.79
2026-05-17 16:30,0.77
2026-05-17 16:45,0.64
2026-05-17 17:00,0.54
2026-05-17 17:15,0.41
2026-05-17 17:30,0.37
2026-05-17 17:45,0.43
2026-05-17 18:00,0.47
2026-05-17 18:15,0.85
2026-05-17 18:51,1.05
2026-05-17 19:00,0.96
2026-05-17 19:15,0.88
2026-05-17 19:30,0.83
2026-05-17 19:45,0.74
2026-05-17 20:00,0.68
2026-05-17 20:15,0.66
2026-05-17 20:30,0.65
2026-05-17 20:45,0.63
2026-05-17 21:00,0.57
2026-05-17 21:15,0.52
2026-05-17 21:30,0.52
2026-05-17 21:45,0.52
2026-05-17 22:00,0.57
2026-05-17 22:15,0.68
2026-05-17 22:30,1.22
2026-05-17 22:45,1.38
2026-05-17 23:00,1.41
2026-05-17 23:15,1.41
2026-05-17 23:30,1.37
2026-05-17 23:45,1.32
2026-05-18 00:00,1.25
2026-05-18 00:15,1.22
2026-05-18 00:30,1.2
2026-05-18 00:45,1.13
2026-05-18 01:00,1.06
2026-05-18 01:15,1.16
2026-05-18 01:30,2.02
2026-05-18 01:45,2.37
2026-05-18 02:00,2.54
2026-05-18 02:15,2.66
2026-05-18 02:30,2.83
2026-05-18 02:45,2.7
2026-05-18 03:00,2.61
2026-05-18 03:15,2.26
2026-05-18 03:30,1.95
2026-05-18 04:16,1.84
2026-05-18 04:30,1.82
2026-05-18 04:45,1.82
2026-05-18 05:00,1.81
2026-05-18 05:15,1.8
2026-05-18 05:30,1.78
2026-05-18 05:45,1.78
2026-05-18 06:30,1.8
2026-05-18 06:45,1.82
2026-05-18 07:00,1.79
2026-05-18 07:15,1.78
2026-05-18 07:30,1.78
2026-05-18 07:45,1.8
2026-05-18 08:00,1.8
2026-05-18 08:15,1.8
2026-05-18 08:30,1.76
2026-05-18 08:45,1.76
2026-05-18 09:00,1.76
2026-05-18 09:15,1.66
2026-05-18 09:30,1.7
2026-05-18 09:45,1.67
2026-05-18 10:00,1.66
2026-05-18 10:15,1.6
2026-05-18 10:30,1.63
2026-05-18 10:45,1.6
2026-05-18 11:00,1.57
2026-05-18 11:15,1.55
2026-05-18 11:30,1.5
2026-05-18 11:45,1.74
2026-05-18 12:00,1.71
2026-05-18 12:15,1.84
2026-05-18 12:30,2.17
2026-05-18 12:45,2.37
2026-05-18 13:00,2.47
2026-05-18 13:15,2.54
2026-05-18 13:30,2.55
2026-05-18 13:45,2.58
2026-05-18 14:00,2.58
2026-05-18 14:15,2.52
2026-05-18 14:30,2.52
2026-05-18 14:45,2.53
2026-05-18 15:00,2.47
2026-05-18 15:15,2.38
2026-05-18 15:30,2.36
2026-05-18 15:45,2.24
2026-05-18 16:00,2.27
2026-05-18 16:15,2.04
2026-05-18 16:45,2.04
2026-05-18 17:00,2.02
2026-05-18 17:15,1.95
2026-05-18 17:30,1.92
2026-05-18 17:45,1.86
2026-05-18 18:00,1.86
2026-05-18 18:15,1.84
2026-05-18 18:30,1.82
2026-05-18 18:45,1.89
2026-05-18 19:00,1.99
2026-05-18 19:15,1.86
2026-05-18 19:30,2
2026-05-18 19:45,2.04
2026-05-18 20:15,2.05
2026-05-18 20:30,2.09
2026-05-18 20:45,2.11
2026-05-18 21:00,2.1
2026-05-18 21:15,2.11
2026-05-18 21:30,2.1
2026-05-18 21:45,2.13
2026-05-18 22:00,2.16
2026-05-18 22:15,2.2
2026-05-18 22:30,2.24
2026-05-18 22:45,2.33
2026-05-18 23:21,2.34
2026-05-18 23:30,2.4
2026-05-18 23:45,2.33
2026-05-19 00:00,2.34
2026-05-19 00:15,2.33
2026-05-19 00:30,2.27
2026-05-19 00:45,2.26
2026-05-19 01:00,2.38
2026-05-19 01:15,2.36
2026-05-19 01:51,2.44
2026-05-19 02:00,2.5
2026-05-19 02:15,2.5
2026-05-19 02:30,2.49
2026-05-19 02:45,2.51
2026-05-19 03:00,2.65
2026-05-19 03:15,2.61
2026-05-19 03:30,2.64
2026-05-19 03:45,2.6
2026-05-19 04:00,2.62
2026-05-19 04:15,2.62
2026-05-19 04:30,2.66
2026-05-19 04:45,2.63
2026-05-19 05:00,2.63
2026-05-19 05:15,2.72
2026-05-19 05:30,2.57
2026-05-19 05:45,2.58
2026-05-19 06:00,2.68
2026-05-19 06:15,2.75
2026-05-19 06:30,2.05
2026-05-19 06:45,2.23
2026-05-19 07:00,2.68
2026-05-19 07:15,2.76
2026-05-19 07:45,2.69
2026-05-19 08:00,2.87
2026-05-19 08:15,2.82
2026-05-19 08:30,2.76
2026-05-19 08:45,2.76
2026-05-19 09:00,2.82
2026-05-19 09:15,2.73
2026-05-19 09:30,2.85
2026-05-19 09:45,2.91
2026-05-19 10:00,2.9
2026-05-19 10:15,2.52
2026-05-19 10:30,1.75
2026-05-19 10:45,1.51
2026-05-19 11:00,1.58
2026-05-19 11:48,1.74
2026-05-19 12:00,1.91
2026-05-19 12:15,2.09
2026-05-19 12:30,2.19
2026-05-19 12:45,2.01
2026-05-19 13:00,1.23
2026-05-19 13:15,1.98
2026-05-19 13:30,1.92
2026-05-19 13:45,1.76
2026-05-19 14:00,1.62
2026-05-19 14:15,1.56
2026-05-19 14:30,1.22
2026-05-19 14:45,1.03
2026-05-19 15:00,0.8
2026-05-19 15:15,0.72
2026-05-19 15:30,0.64
2026-05-19 15:45,0.61
2026-05-19 16:00,0.53
2026-05-19 16:30,0.48
2026-05-19 16:45,0.44
2026-05-19 17:00,0.41
2026-05-19 17:15,0.38
2026-05-19 17:30,0.34
2026-05-19 17:45,0.34
2026-05-19 18:00,0.32
2026-05-19 18:15,0.33
2026-05-19 18:30,0.33
2026-05-19 18:45,0.31
2026-05-19 19:00,0.32
2026-05-19 19:15,0.32
2026-05-19 19:30,0.34
2026-05-19 19:45,0.32
2026-05-19 20:00,0.33
2026-05-19 20:15,0.33
2026-05-19 20:30,0.34
2026-05-19 20:45,0.32
2026-05-19 21:00,0.32
2026-05-19 21:15,0.33
2026-05-19 21:30,0.32
2026-05-19 21:45,0.29
2026-05-19 22:00,0.28
2026-05-19 22:15,0.32
2026-05-19 22:45,0.32
2026-05-19 23:00,0.3
2026-05-19 23:15,0.28
2026-05-19 23:30,0.29
2026-05-20 00:00,0.32
2026-05-20 00:15,0.3
2026-05-20 00:30,0.3
2026-05-20 00:45,0.3
2026-05-20 01:00,0.71
2026-05-20 01:15,0.73
2026-05-20 01:30,0.72
2026-05-20 01:45,0.73
2026-05-20 02:00,0.75
2026-05-20 02:15,0.77
2026-05-20 02:30,0.76
2026-05-20 02:45,0.76
2026-05-20 03:00,0.73
2026-05-20 03:30,0.72
2026-05-20 03:45,0.7
2026-05-20 04:00,0.7
2026-05-20 04:45,0.7
2026-05-20 05:00,0.69
2026-05-20 05:15,0.67
2026-05-20 05:45,0.65
2026-05-20 06:00,0.64
2026-05-20 06:15,0.64
2026-05-20 06:30,0.62
2026-05-20 06:45,0.62
2026-05-20 07:00,0.62
2026-05-20 07:15,0.6
2026-05-20 07:30,0.55
2026-05-20 07:45,0.55
2026-05-20 08:15,0.51
2026-05-20 08:30,0.49
2026-05-20 08:45,0.49
2026-05-20 09:00,0.46
2026-05-20 09:15,0.44
2026-05-20 09:30,0.43
2026-05-20 09:45,0.41
2026-05-20 10:00,0.41
2026-05-20 10:15,0.42
2026-05-20 10:30,0.44
2026-05-20 10:45,0.45
2026-05-20 11:00,0.43
2026-05-20 11:15,0.43
2026-05-20 11:30,0.41
2026-05-20 11:45,0.43
2026-05-20 12:00,0.42
2026-05-20 12:37,0.38
2026-05-20 12:45,0.37
2026-05-20 13:00,0.38
2026-05-20 13:15,0.37
2026-05-20 13:30,0.36
2026-05-20 13:45,0.37
2026-05-20 14:00,0.38
2026-05-20 14:15,0.37
2026-05-20 14:30,0.37
2026-05-20 14:45,0.37
2026-05-20 15:00,0.38
2026-05-20 15:15,0.37
2026-05-20 15:30,0.35
2026-05-20 15:45,0.38
2026-05-20 16:00,0.37
2026-05-20 16:49,0.38
2026-05-20 17:30,0.38
2026-05-20 17:45,0.38
2026-05-20 18:00,0.38
2026-05-20 18:15,0.35
2026-05-20 18:30,0.37
2026-05-20 18:45,0.37
2026-05-20 19:00,0.37
2026-05-20 19:15,0.37
2026-05-20 19:30,0.37
2026-05-20 19:45,0.37
2026-05-20 20:00,0.38
2026-05-20 20:15,0.39
2026-05-20 20:30,0.39
2026-05-20 20:45,0.37
2026-05-20 21:00,0.37
2026-05-20 21:15,0.38
2026-05-20 21:30,0.37
2026-05-20 21:45,0.39
2026-05-20 22:00,0.29
2026-05-20 22:15,0.29
2026-05-20 22:30,0.38
2026-05-20 22:45,0.37
2026-05-20 23:00,0.37
2026-05-20 23:15,0.26
2026-05-20 23:30,0.32
2026-05-20 23:45,0.25
2026-05-21 00:00,0.22
2026-05-21 00:15,0.37
2026-05-21 00:30,0.35
2026-05-21 00:45,0.14
2026-05-21 01:00,0.29
2026-05-21 01:15,0.14
2026-05-21 01:30,0.1
2026-05-21 01:45,0
2026-05-21 02:20,0.2
2026-05-21 02:30,0
2026-05-21 02:45,0.15
2026-05-21 03:15,0
2026-05-21 03:30,0.28
2026-05-21 03:45,0.38
2026-05-21 04:00,0.21
2026-05-21 04:15,0.33
2026-05-21 04:30,0.3
2026-05-21 04:45,0.11
2026-05-21 05:00,0
2026-05-21 05:15,0.11
2026-05-21 05:30,0
2026-05-21 05:45,0
2026-05-21 06:00,0.14
2026-05-21 06:15,0.22
2026-05-21 06:30,0
2026-05-21 06:45,0
2026-05-21 07:00,0
2026-05-21 07:35,0
2026-05-21 07:45,0.23
2026-05-21 08:00,0.25
2026-05-21 08:15,0.23
2026-05-21 08:30,0.25
2026-05-21 08:45,0.23
2026-05-21 09:00,0.23
2026-05-21 09:15,0.23
2026-05-21 09:30,0.24
2026-05-21 09:45,0.21
2026-05-21 10:00,0.24
2026-05-21 10:15,0.24
2026-05-21 10:30,0.23
2026-05-21 10:45,0.24
2026-05-21 11:00,0.26
2026-05-21 11:36,0.24
2026-05-21 11:45,0.25
2026-05-21 12:00,0.25
2026-05-21 12:15,0.25
2026-05-21 12:30,0.24
2026-05-21 12:45,0.27
2026-05-21 13:15,0.26
2026-05-21 13:30,0.24
2026-05-21 13:45,0.24
2026-05-21 14:00,0.25
2026-05-21 14:15,0.27
2026-05-21 14:30,0.24
2026-05-21 14:45,0.26
2026-05-21 15:00,0.25
2026-05-21 15:15,0.24
2026-05-21 15:30,0.23
2026-05-21 15:45,0.26
2026-05-21 16:00,0.23
2026-05-21 16:15,0.24
2026-05-21 16:30,0.21
2026-05-21 17:04,0.23
2026-05-21 17:19,0.22
2026-05-21 17:30,0.22
2026-05-21 17:45,0.22
2026-05-21 18:00,0.22
2026-05-21 18:15,0.21
2026-05-21 18:30,0.22
2026-05-21 18:45,0.23
2026-05-21 19:00,0.23
2026-05-21 19:15,0.24
2026-05-21 19:30,0.23
2026-05-21 19:45,0.22
2026-05-21 20:00,0.22
2026-05-21 20:15,0.23
2026-05-21 20:30,0.23
2026-05-21 20:45,0.23
2026-05-21 21:00,0.22
2026-05-21 21:15,0.22
2026-05-21 21:30,0.22
2026-05-21 21:45,0.23
2026-05-21 22:00,0.22
2026-05-21 22:15,0.22
2026-05-21 22:30,0.22
2026-05-21 22:45,0.21
2026-05-21 23:00,0.21
2026-05-21 23:15,0.21
2026-05-21 23:30,0.25
2026-05-21 23:45,0.22
2026-05-22 00:00,0.81
2026-05-22 00:15,1.25
2026-05-22 00:30,1.52
2026-05-22 00:45,1.72
2026-05-22 01:20,2.04
2026-05-22 01:50,2.39
2026-05-22 02:00,2.54
2026-05-22 02:15,2.56
2026-05-22 02:52,2.65
2026-05-22 03:21,2.78
2026-05-22 03:30,2.64
2026-05-22 03:45,2.87
2026-05-22 04:00,2.91
2026-05-22 04:15,2.99
2026-05-22 04:30,3
2026-05-22 04:45,3.07
2026-05-22 05:00,3.03
2026-05-22 05:15,3.18
2026-05-22 05:30,3.16
2026-05-22 05:45,2.96
2026-05-22 06:00,2.98
2026-05-22 06:15,2.94
2026-05-22 06:30,2.25
2026-05-22 06:45,1.51
2026-05-22 07:00,1.74
2026-05-22 07:15,1.95
2026-05-22 07:30,2.02
2026-05-22 08:06,2.17
2026-05-22 08:15,2.18
2026-05-22 08:30,2.35
2026-05-22 08:45,2.47
2026-05-22 09:00,2.54
2026-05-22 09:15,2.56
2026-05-22 09:30,2.6
2026-05-22 09:45,2.64
2026-05-22 10:00,2.42
2026-05-22 10:15,2.35
2026-05-22 10:30,2.34
2026-05-22 10:45,2.23
2026-05-22 11:00,2.2
2026-05-22 11:15,2.22
2026-05-22 11:30,2.14
2026-05-22 11:45,2.13
2026-05-22 12:00,2.12
2026-05-22 12:15,2.03
2026-05-22 12:30,1.93
2026-05-22 13:04,1.72
2026-05-22 13:15,1.71
2026-05-22 13:30,1.59
2026-05-22 13:45,1.41
2026-05-22 14:00,1.29
2026-05-22 14:15,1.22
2026-05-22 14:30,1.12
2026-05-22 14:45,1.05
2026-05-22 15:00,1.04
2026-05-22 15:15,1
2026-05-22 15:45,0.82
2026-05-22 16:00,0.83
2026-05-22 16:35,0.24
2026-05-22 16:45,0.23
2026-05-22 17:00,0.96
2026-05-22 17:15,0.81
2026-05-22 17:30,0.84
2026-05-22 17:45,0.83
2026-05-22 18:00,0.84
2026-05-22 18:15,0.84
2026-05-22 18:30,0.66
2026-05-22 18:45,0.43
2026-05-22 19:00,0.33
2026-05-22 19:15,0.32
2026-05-22 19:30,0.32
2026-05-22 19:45,0.3
2026-05-22 20:00,0.31
2026-05-22 20:15,0.31
2026-05-22 20:30,0.27
2026-05-22 20:45,0.28
2026-05-22 21:00,0.26
2026-05-22 21:15,0.24
2026-05-22 21:30,0.26
2026-05-22 21:45,0.25
2026-05-22 22:00,0.27
2026-05-22 22:15,0.25
2026-05-22 22:30,0.22
2026-05-22 22:45,0.26
2026-05-22 23:00,0.23
2026-05-22 23:15,0.23
2026-05-22 23:30,0.23
2026-05-22 23:45,0.24
2026-05-23 00:00,0.26
2026-05-23 00:15,0.26
2026-05-23 00:30,0.26
2026-05-23 00:45,0.23
2026-05-23 01:00,0.23
2026-05-23 01:15,0.24
2026-05-23 01:30,0.23
2026-05-23 01:45,0.36
2026-05-23 02:00,0.46
2026-05-23 02:15,0.49
2026-05-23 02:30,0.52
2026-05-23 02:45,0.54
2026-05-23 03:15,0.57
2026-05-23 03:30,0.58
2026-05-23 03:45,0.59
2026-05-23 04:00,0.62
2026-05-23 04:15,0.65
2026-05-23 04:30,0.67
2026-05-23 04:45,0.68
2026-05-23 05:00,0.69
2026-05-23 05:15,0.72
2026-05-23 05:30,0.74
2026-05-23 05:45,0.74
2026-05-23 06:00,0.77
2026-05-23 06:15,0.8
2026-05-23 06:30,0.83
2026-05-23 06:45,0.86
2026-05-23 07:00,0.84
2026-05-23 07:15,0.85
2026-05-23 07:30,0.86
2026-05-23 07:45,0.89
2026-05-23 08:00,0.93
2026-05-23 08:15,0.93
2026-05-23 08:30,0.96
2026-05-23 08:45,0.97
2026-05-23 09:15,0.97
2026-05-23 09:30,0.96
2026-05-23 10:00,0.97
2026-05-23 10:15,0.99
2026-05-23 11:06,0.12
2026-05-23 11:15,0.03
2026-05-23 11:30,0.02
2026-05-23 11:45,0.61
2026-05-23 12:00,0.4
2026-05-23 12:30,0.34
2026-05-23 12:45,0.36
2026-05-23 13:00,0.38
2026-05-23 13:15,1.45
2026-05-23 13:30,1.59
2026-05-23 13:45,1.59
2026-05-23 14:00,1.61
2026-05-23 14:15,1.48
2026-05-23 14:30,1.36
2026-05-23 14:45,1.2
2026-05-23 15:00,1.01
2026-05-23 15:15,0.83
2026-05-23 15:45,0.5
2026-05-23 16:00,0.44
2026-05-23 16:15,0.37
2026-05-23 16:30,0.36
2026-05-23 16:45,0.36
2026-05-23 17:00,0.32
2026-05-23 17:15,0.31
2026-05-23 17:30,0.29
2026-05-23 17:45,0.31
2026-05-23 18:00,0.3
2026-05-23 18:15,0.28
2026-05-23 18:30,0.28
2026-05-23 18:45,0.3
2026-05-23 19:00,0.3
2026-05-23 19:15,0.31
2026-05-23 19:30,0.31
2026-05-23 19:45,0.29
2026-05-23 20:00,0.32
2026-05-23 20:15,0.32
2026-05-23 20:30,0.31
2026-05-23 20:45,0.43
2026-05-23 21:00,0.43
2026-05-23 21:15,0.44
2026-05-23 21:30,0.42
2026-05-23 21:45,0.43
2026-05-23 22:00,0.44
2026-05-23 22:15,0.44
2026-05-23 22:30,0.45
2026-05-23 22:45,0.47
2026-05-23 23:00,0.48
2026-05-23 23:15,0.51
2026-05-23 23:30,0.53
2026-05-23 23:45,0.54
2026-05-24 00:00,0.55
2026-05-24 00:30,0.6
2026-05-24 00:45,0.61
2026-05-24 01:00,0.63
2026-05-24 01:15,0.65
2026-05-24 01:30,0.7
2026-05-24 01:45,0.73
2026-05-24 02:00,0.77
2026-05-24 02:15,0.79
2026-05-24 02:30,0.83
2026-05-24 02:45,0.87
2026-05-24 03:00,0.87
2026-05-24 03:35,0.92
2026-05-24 03:45,0.94
2026-05-24 04:00,0.94
2026-05-24 04:15,0.96
2026-05-24 04:30,0.99
2026-05-24 04:45,1
2026-05-24 05:00,1.01
2026-05-24 05:15,1.02
2026-05-24 05:30,1.05
2026-05-24 05:45,1.05
2026-05-24 06:00,1.09
2026-05-24 06:15,1.1
2026-05-24 06:30,1.09
2026-05-24 06:45,1.12
2026-05-24 07:00,1.17
2026-05-24 07:15,1.18
2026-05-24 07:30,1.2
2026-05-24 07:45,1.23
2026-05-24 08:00,1.23
2026-05-24 08:35,1.23
2026-05-24 08:45,1.19
2026-05-24 09:00,1.17
2026-05-24 09:36,1.14
2026-05-24 09:45,1.13
2026-05-24 10:00,1.1
2026-05-24 10:15,1.1
2026-05-24 10:30,1.05
2026-05-24 11:30,0.93
2026-05-24 11:45,0.85
2026-05-24 12:00,0.77
2026-05-24 12:15,0.7
2026-05-24 12:30,0.68
2026-05-24 12:45,0.64
2026-05-24 13:00,0.63
2026-05-24 13:15,0.61
2026-05-24 13:30,0.58
2026-05-24 13:45,0.61
2026-05-24 14:00,0.57
2026-05-24 14:15,0.54
2026-05-24 14:30,0.52
2026-05-24 14:45,0.49
2026-05-24 15:00,0.46
2026-05-24 15:15,0.44
2026-05-24 15:30,0.44
2026-05-24 15:45,0.46
2026-05-24 16:00,0.45
2026-05-24 16:15,0.85
2026-05-24 16:30,1.42
2026-05-24 16:45,1.37
2026-05-24 17:00,1.34
2026-05-24 17:15,1.26
2026-05-24 17:30,1.18
2026-05-24 17:45,1.11
2026-05-24 18:00,1.12
2026-05-24 18:15,1.33
2026-05-24 18:30,1.41
2026-05-24 18:45,1.45
2026-05-24 19:00,1.46
2026-05-24 19:15,1.44
2026-05-24 19:30,1.47
2026-05-24 19:45,1.46
2026-05-24 20:00,1.48
2026-05-24 20:15,1.51
2026-05-24 20:30,1.59
2026-05-24 20:45,1.68
2026-05-24 21:00,1.72
2026-05-24 21:15,1.83
2026-05-24 21:30,1.84
2026-05-24 21:45,1.81
2026-05-24 22:00,1.81
2026-05-24 22:15,1.84
2026-05-24 23:00,1.93
2026-05-24 23:15,1.88
2026-05-24 23:30,1.95
2026-05-24 23:45,1.94
2026-05-25 00:22,1.91
2026-05-25 00:30,2
2026-05-25 00:45,2.08
2026-05-25 01:00,2.04
2026-05-25 01:15,2.02
2026-05-25 01:30,2.09
2026-05-25 01:45,2.15
2026-05-25 02:00,2.28
2026-05-25 02:15,2.27
2026-05-25 02:30,2.3
2026-05-25 02:45,2.38
2026-05-25 03:00,2.38
2026-05-25 03:15,2.38
2026-05-25 03:30,2.48
2026-05-25 03:45,2.52
2026-05-25 04:00,2.57
2026-05-25 04:15,2.6
2026-05-25 04:30,2.61
2026-05-25 04:45,2.63
2026-05-25 05:00,2.62
2026-05-25 05:15,2.68
2026-05-25 05:30,2.68
2026-05-25 05:45,2.7
2026-05-25 06:00,2.75
2026-05-25 06:15,2.72
2026-05-25 06:30,2.71
2026-05-25 06:45,2.74
2026-05-25 07:00,2.74
2026-05-25 07:15,2.67
2026-05-25 07:30,2.73
2026-05-25 07:45,2.79
2026-05-25 08:00,2.76
2026-05-25 08:15,2.62
2026-05-25 08:30,2.57
2026-05-25 08:45,2.59
2026-05-25 09:00,2.6
2026-05-25 09:30,2.56
2026-05-25 10:00,2.53
2026-05-25 10:15,2.47
2026-05-25 10:30,2.44
2026-05-25 10:45,2.46
2026-05-25 11:00,2.47
2026-05-25 11:15,2.4
2026-05-25 11:30,2.43
2026-05-25 11:45,2.4
2026-05-25 12:00,2.39
2026-05-25 12:15,2.2
2026-05-25 12:30,1.78
2026-05-25 12:45,1.31
2026-05-25 13:00,0.89
2026-05-25 13:15,0.77
2026-05-25 13:45,0.71
2026-05-25 13:49,0.71
2026-05-25 14:00,0.69
2026-05-25 14:15,0.68
2026-05-25 14:30,0.64
2026-05-25 14:45,0.53
2026-05-25 15:00,0.45
2026-05-25 15:15,0.43
2026-05-25 15:52,0.44
2026-05-25 16:00,0.45
2026-05-25 16:07,0.45
2026-05-25 16:15,0.44
2026-05-25 16:30,0.46
2026-05-25 16:45,0.43
2026-05-25 17:00,0.44
2026-05-25 17:15,0.44
2026-05-25 17:30,0.81
2026-05-25 17:45,1.78
2026-05-25 18:00,1.99
2026-05-25 18:15,2.11
2026-05-25 18:30,2.33
2026-05-25 18:45,2.49
2026-05-25 19:00,2.7
2026-05-25 19:15,2.9
2026-05-25 19:30,2.66
2026-05-25 19:45,2.9
2026-05-25 20:00,3.18
2026-05-25 20:15,3.23
2026-05-25 20:30,3.4
2026-05-25 20:45,3.39
2026-05-25 21:00,3.56
2026-05-25 21:15,3.56
2026-05-25 21:30,3.65
2026-05-25 21:45,3.7
2026-05-25 22:00,3.82
2026-05-25 22:15,3.95
2026-05-25 22:30,3.94
2026-05-25 22:45,4.11
2026-05-25 23:00,4.16
2026-05-25 23:15,3.92
2026-05-25 23:45,3.86
2026-05-26 00:00,3.84
2026-05-26 00:30,3.93
2026-05-26 00:45,3.7
2026-05-26 01:00,3.71
2026-05-26 01:15,3.93
2026-05-26 01:30,3.93
2026-05-26 01:45,4
2026-05-26 02:15,4.09
2026-05-26 02:30,4.15
2026-05-26 02:45,4.17
2026-05-26 03:00,4.24
2026-05-26 03:15,4.27
2026-05-26 03:30,4.33
2026-05-26 03:45,4.37
2026-05-26 04:00,4.36
2026-05-26 04:15,4.38
2026-05-26 04:30,4.31
2026-05-26 04:45,4.43
2026-05-26 05:15,5.17
2026-05-26 05:30,5.12
2026-05-26 05:45,5.02
2026-05-26 06:00,5.14
2026-05-26 06:15,5.54
2026-05-26 06:30,5.6
2026-05-26 06:45,5.55
2026-05-26 08:00,5.79
2026-05-26 08:15,6.01
2026-05-26 08:30,6.12
2026-05-26 08:45,4.65
2026-05-26 09:00,3.14
2026-05-26 09:15,2.81
2026-05-26 09:30,2.75
2026-05-26 09:45,2.77
2026-05-26 10:00,2.77
2026-05-26 10:15,2.77
2026-05-26 10:30,2.71
2026-05-26 10:45,2.62
2026-05-26 11:00,2.69
2026-05-26 11:15,2.59
2026-05-26 11:30,2.42
2026-05-26 11:45,2.37
2026-05-26 12:00,2.16
2026-05-26 12:15,2.09
2026-05-26 12:30,2.08
2026-05-26 12:45,2
2026-05-26 13:00,2.01
2026-05-26 13:15,1.88
2026-05-26 13:30,1.92
2026-05-26 13:45,1.97
2026-05-26 14:00,2.07
2026-05-26 14:15,1.9
2026-05-26 14:30,1.81
2026-05-26 14:45,1.81
2026-05-26 15:00,1.79
2026-05-26 15:15,1.79
2026-05-26 15:30,1.73
2026-05-26 15:45,1.76
2026-05-26 16:00,1.65
2026-05-26 16:15,1.61
2026-05-26 16:30,1.61
2026-05-26 16:45,1.64
2026-05-26 17:21,1.42
2026-05-26 17:47,1.21
2026-05-26 18:00,1.16
2026-05-26 18:15,1.17
2026-05-26 18:30,1.02
2026-05-26 19:06,0.8
2026-05-26 19:15,0.74
2026-05-26 19:30,0.7
2026-05-26 19:45,0.66
2026-05-26 20:00,0.62
2026-05-26 20:15,0.58
2026-05-26 20:30,0.57
2026-05-26 20:45,0.57
2026-05-26 21:00,0.56
2026-05-26 21:15,0.56
2026-05-26 21:50,0.58
2026-05-26 22:00,0.58
2026-05-26 22:15,0.57
2026-05-26 22:30,0.58
2026-05-26 22:45,0.58
2026-05-26 23:15,0.57
2026-05-26 23:30,0.57
2026-05-26 23:45,0.56
2026-05-27 00:00,0.56
2026-05-27 00:15,0.56
2026-05-27 00:30,0.56
2026-05-27 00:45,0.55
2026-05-27 01:00,0.57
2026-05-27 01:15,0.56
2026-05-27 01:30,0.57
2026-05-27 01:45,0.57
2026-05-27 02:00,0.56
2026-05-27 02:36,0.57
2026-05-27 02:45,0.56
2026-05-27 03:15,0.55
2026-05-27 03:30,0.57
2026-05-27 03:45,0.55
2026-05-27 04:00,0.56
2026-05-27 04:15,0.55
2026-05-27 04:52,0.56
2026-05-27 05:00,0.55
2026-05-27 05:15,0.54
2026-05-27 05:30,0.56
2026-05-27 05:45,0.56
2026-05-27 06:23,0.55
2026-05-27 06:30,0.55
2026-05-27 06:45,0.54
2026-05-27 07:21,0.54
2026-05-27 07:30,0.55
2026-05-27 07:45,0.54
2026-05-27 08:00,0.54
2026-05-27 09:01,0.53
2026-05-27 09:15,0.54
2026-05-27 09:30,0.54
2026-05-27 09:45,0.52
2026-05-27 10:00,0.53
2026-05-27 10:15,0.52
2026-05-27 10:30,0.52
2026-05-27 10:45,0.5
2026-05-27 11:00,0.52
2026-05-27 11:15,0.53
2026-05-27 11:30,0.12
2026-05-27 11:45,0.03
2026-05-27 12:00,0
2026-05-27 12:15,2.34
2026-05-27 12:30,0.68
2026-05-27 12:45,0.55
2026-05-27 13:00,0.53
2026-05-27 13:15,0.51
2026-05-27 13:30,0.52
2026-05-27 13:45,0.32
2026-05-27 14:00,0.07
2026-05-27 14:15,0.51
2026-05-27 14:30,0.51
2026-05-27 14:45,0.49
2026-05-27 15:00,0.5
2026-05-27 15:15,0.49
2026-05-27 15:30,0.49
2026-05-27 15:45,0.48
2026-05-27 16:00,0.5
2026-05-27 16:15,0.49
2026-05-27 16:30,0.48
2026-05-27 16:45,0.49
2026-05-27 17:00,0.49
2026-05-27 17:15,0.5
2026-05-27 17:30,0.48
2026-05-27 17:45,0.49
2026-05-27 18:00,0.48
2026-05-27 18:36,0.46
2026-05-27 18:45,0.46
2026-05-27 19:00,0.48
2026-05-27 19:15,0.47
2026-05-27 19:30,0.48
2026-05-27 19:45,0.43
2026-05-27 20:00,0.46
2026-05-27 20:15,0.46
2026-05-27 20:30,0.44
2026-05-27 20:45,0.44
2026-05-27 21:00,0.42
2026-05-27 21:15,0.44
2026-05-27 21:30,0.41
2026-05-27 21:45,0.43
2026-05-27 22:15,0.38
2026-05-27 22:30,0.35
2026-05-27 22:45,0.38
2026-05-27 23:15,0.39
2026-05-27 23:30,0.42
2026-05-27 23:45,0.43
2026-05-28 00:00,0.37
2026-05-28 00:15,0.35
2026-05-28 00:30,0.33
2026-05-28 00:45,0.4
2026-05-28 01:00,0.34
2026-05-28 01:15,0.34
2026-05-28 01:30,0.31
2026-05-28 01:45,0.31
2026-05-28 02:00,0.32
2026-05-28 02:15,0.3
2026-05-28 02:45,0.32
2026-05-28 03:00,0.32
2026-05-28 03:15,0.31
2026-05-28 03:30,0.31
2026-05-28 03:45,0.29
2026-05-28 04:00,0.31
2026-05-28 04:15,0.3
2026-05-28 04:30,0.28
2026-05-28 04:45,0.31
2026-05-28 05:00,0.32
2026-05-28 05:15,0.3
2026-05-28 05:30,0.31
2026-05-28 05:45,0.3
2026-05-28 06:00,0.3
2026-05-28 06:15,0.29
2026-05-28 06:30,0.3
2026-05-28 06:45,0.28
2026-05-28 07:00,0.3
2026-05-28 07:15,0.3
2026-05-28 07:30,0.27
2026-05-28 07:45,0.28
2026-05-28 08:00,0.26
2026-05-28 08:15,0.28
2026-05-28 08:30,0.26
2026-05-28 08:45,0.29
2026-05-28 09:00,0.27
2026-05-28 09:15,0.25
2026-05-28 09:30,0.31
2026-05-28 09:45,0.14
2026-05-28 10:00,0.02
2026-05-28 10:15,0
2026-05-28 10:30,0
2026-05-28 10:45,0.01
2026-05-28 11:00,0.01
2026-05-28 11:15,0
2026-05-28 11:30,0
2026-05-28 11:45,0.36
2026-05-28 12:00,0.36
2026-05-28 12:15,0.35
2026-05-28 12:30,0.36
2026-05-28 12:45,0.36
2026-05-28 13:00,0.36
2026-05-28 13:15,0.34
2026-05-28 13:30,0.34
2026-05-28 13:45,0.35
2026-05-28 14:00,0.35
2026-05-28 14:15,0.35
2026-05-28 14:30,0.35
2026-05-28 14:45,0.35
2026-05-28 15:00,0.35
2026-05-28 15:15,0.34
2026-05-28 15:30,0.35
2026-05-28 15:45,0.35
2026-05-28 16:15,0.35
2026-05-28 16:30,0.35
2026-05-28 16:45,0.35
2026-05-28 17:00,0.34
2026-05-28 17:15,0.34
2026-05-28 17:30,0.32
2026-05-28 17:45,0.34
2026-05-28 18:15,0.35
2026-05-28 18:30,0.35
2026-05-28 18:45,0.33
2026-05-28 19:00,0.34
2026-05-28 19:15,0.34
2026-05-28 19:30,0.34
2026-05-28 19:45,0.34
2026-05-28 20:00,0.34
2026-05-28 20:15,0.34
2026-05-28 20:30,0.35
2026-05-28 20:45,0.35
2026-05-28 21:00,0.33
2026-05-28 21:15,0.35
2026-05-28 21:30,0.35
2026-05-28 21:45,0.34
2026-05-28 22:00,0.35
2026-05-28 22:15,0.34
2026-05-28 22:30,0.34
2026-05-28 22:45,0.34
2026-05-28 23:00,0.33
2026-05-28 23:15,0.34
2026-05-28 23:30,0.34
2026-05-28 23:45,0.35
2026-05-29 00:00,0.34
2026-05-29 00:15,0.34
2026-05-29 00:30,0.34
2026-05-29 00:45,0.34
2026-05-29 01:00,0.34
2026-05-29 01:15,0.34
2026-05-29 01:30,0.34
2026-05-29 01:45,0.31
2026-05-29 02:00,0.33
2026-05-29 02:15,0.33
2026-05-29 02:30,0.33
2026-05-29 02:45,0.33
2026-05-29 03:00,0.34
2026-05-29 03:15,0.34
2026-05-29 03:30,0.34
2026-05-29 03:45,0.33
2026-05-29 04:00,0.32
2026-05-29 04:30,0.34
2026-05-29 04:45,0.34
2026-05-29 05:00,0.33
2026-05-29 05:15,0.34
2026-05-29 05:30,0.34
2026-05-29 05:45,0.33
2026-05-29 06:00,0.32
2026-05-29 06:15,0.33
2026-05-29 06:30,0.33
2026-05-29 06:45,0.32
2026-05-29 07:00,0.33
2026-05-29 07:15,0.33
2026-05-29 07:30,0.33
2026-05-29 07:45,0.12
2026-05-29 08:00,0.19
2026-05-29 08:15,0.32
2026-05-29 08:30,0.33
2026-05-29 08:45,0.33
2026-05-29 09:00,0.31
2026-05-29 09:15,0.31
2026-05-29 09:30,0.31
2026-05-29 09:45,0.32
2026-05-29 10:00,0.31
2026-05-29 10:15,0.31
2026-05-29 10:30,0.29
2026-05-29 10:45,0.3
2026-05-29 11:00,0.31
2026-05-29 11:15,0.31
2026-05-29 11:54,0.3
2026-05-29 12:00,0.31
2026-05-29 12:15,0.31
2026-05-29 12:30,0.31
2026-05-29 12:45,0.31
2026-05-29 13:00,0.31
2026-05-29 13:15,0.3
2026-05-29 13:30,0.31
2026-05-29 13:45,0.31
2026-05-29 14:22,0.31
2026-05-29 14:30,0.3
2026-05-29 14:45,0.31
2026-05-29 15:00,0.33
2026-05-29 15:15,0.3
2026-05-29 15:30,0.3
2026-05-29 15:45,0.3
2026-05-29 16:00,0.29
2026-05-29 16:15,0.31
2026-05-29 16:30,0.3
2026-05-29 16:45,0.3
2026-05-29 17:00,0.3
2026-05-29 17:15,0.31
2026-05-29 17:30,0.29
2026-05-29 17:45,0.31
2026-05-29 18:00,0.27
2026-05-29 18:15,0.27
2026-05-29 18:30,0.29
2026-05-29 18:45,0.3
2026-05-29 19:00,0.31
2026-05-29 19:15,0.31
2026-05-29 19:30,0.3
2026-05-29 19:45,0.28
2026-05-29 20:00,0.28
2026-05-29 20:15,0.3
2026-05-29 20:30,0.3
2026-05-29 20:45,0.14
2026-05-29 21:00,0.31
2026-05-29 21:15,0.19
2026-05-29 21:30,0.32
2026-05-29 21:45,0.32
2026-05-29 22:00,0.29
2026-05-29 22:15,0.21
2026-05-29 22:30,0
2026-05-29 22:45,0.3
2026-05-29 23:00,0.3
2026-05-30 00:01,0
2026-05-30 00:15,0.29
2026-05-30 00:30,0.3
2026-05-30 00:45,0.17
2026-05-30 01:00,0
2026-05-30 01:15,0
2026-05-30 01:30,0.3
2026-05-30 01:45,0.3
2026-05-30 02:00,0.3
2026-05-30 02:15,0.3
2026-05-30 02:30,0.3
2026-05-30 02:45,0.3
2026-05-30 03:00,0.24
2026-05-30 03:15,0.16
2026-05-30 03:30,0.19
2026-05-30 03:45,0.2
2026-05-30 04:00,0.17
2026-05-30 04:15,0.28
2026-05-30 04:30,0.06
2026-05-30 04:45,0
2026-05-30 05:00,0.06
2026-05-30 05:15,0.29
2026-05-30 05:30,0.27
2026-05-30 05:45,0.27
2026-05-30 06:22,0.23
2026-05-30 06:30,0
2026-05-30 06:45,0.13
2026-05-30 07:00,0.25
2026-05-30 07:15,0.09
2026-05-30 07:30,0.09
2026-05-30 08:06,0.21
2026-05-30 08:15,0
2026-05-30 08:30,0.22
2026-05-30 08:45,0.22
2026-05-30 09:00,0.28
2026-05-30 09:15,0.16
2026-05-30 09:30,0
2026-05-30 09:45,0
2026-05-30 10:00,0
2026-05-30 10:15,0.26
2026-05-30 10:30,0.29
2026-05-30 10:45,0.25
2026-05-30 11:00,0
2026-05-30 11:15,0.25
2026-05-30 11:30,0
2026-05-30 11:45,0
2026-05-30 12:00,0.28
2026-05-30 12:37,0.28
2026-05-30 12:45,0.27
2026-05-30 13:00,0.28
2026-05-30 13:15,0.28
2026-05-30 13:30,0.28
2026-05-30 13:45,0.16
2026-05-30 14:00,0.18
2026-05-30 14:15,0.27
2026-05-30 14:30,0.28
2026-05-30 14:45,0.12
2026-05-30 15:00,0.29
2026-05-30 15:15,0.28
2026-05-30 15:30,0
2026-05-30 15:45,0
2026-05-30 16:00,0
2026-05-30 16:15,0.37
2026-05-30 16:30,0
2026-05-30 16:45,0
2026-05-30 17:00,0.09
2026-05-30 17:15,0
2026-05-30 17:30,0
2026-05-30 17:45,0
2026-05-30 18:21,0.28
2026-05-30 18:30,0.06
2026-05-30 18:45,0
2026-05-30 19:00,0
2026-05-30 19:15,0
2026-05-30 19:30,0
2026-05-30 19:45,0.06
2026-05-30 20:00,0.06
2026-05-30 20:15,0.06
2026-05-30 20:30,0
2026-05-30 20:45,0
2026-05-30 21:21,0
2026-05-30 21:51,0
2026-05-30 22:00,0
2026-05-30 22:15,0.09
2026-05-30 22:30,0
2026-05-30 22:45,0
2026-05-30 23:00,0
2026-05-30 23:15,0
2026-05-30 23:30,0
2026-05-30 23:45,0
2026-05-31 00:00,0
2026-05-31 00:15,0
2026-05-31 00:30,0
2026-05-31 00:45,0
2026-05-31 01:00,0
2026-05-31 01:15,0
2026-05-31 01:30,0
2026-05-31 01:45,0
2026-05-31 02:21,0
2026-05-31 02:30,0
2026-05-31 02:45,0
2026-05-31 03:00,0
2026-05-31 03:15,0
2026-05-31 03:30,0
2026-05-31 03:45,0
2026-05-31 04:00,0
2026-05-31 04:15,0
2026-05-31 04:30,0
2026-05-31 04:45,0
2026-05-31 05:00,0
2026-05-31 05:15,0
2026-05-31 05:30,0
2026-05-31 05:45,0
2026-05-31 06:00,0
2026-05-31 06:15,0
2026-05-31 06:30,0
2026-05-31 06:45,0
2026-05-31 07:00,0
2026-05-31 07:15,0
2026-05-31 07:30,0
2026-05-31 07:45,0
2026-05-31 08:00,0
2026-05-31 08:15,0
2026-05-31 08:30,0
2026-05-31 08:45,0
2026-05-31 09:00,0
2026-05-31 09:15,0
2026-05-31 09:30,0
2026-05-31 09:45,0
2026-05-31 10:00,0
2026-05-31 10:15,0
2026-05-31 10:30,0
2026-05-31 10:45,0
2026-05-31 11:00,0
2026-05-31 11:15,0
2026-05-31 11:30,0
2026-05-31 11:45,0
2026-05-31 12:00,0
2026-05-31 12:15,0
2026-05-31 12:30,0
2026-05-31 13:00,0
2026-05-31 13:15,0.21
2026-05-31 13:30,0
2026-05-31 13:45,0.13
2026-05-31 14:00,0.12
2026-05-31 14:15,0.05
2026-05-31 14:30,0.1
2026-05-31 14:45,0
2026-05-31 15:00,0.09
2026-05-31 15:15,0.09
2026-05-31 15:30,0
2026-05-31 15:45,0
2026-05-31 16:00,0
2026-05-31 16:15,0
2026-05-31 16:30,0
2026-05-31 16:45,0
2026-05-31 17:00,0
2026-05-31 17:15,0
2026-05-31 17:30,0
2026-05-31 17:45,0
2026-05-31 18:00,0
2026-05-31 18:15,0.09
2026-05-31 18:30,0
2026-05-31 18:45,0
2026-05-31 19:00,0
2026-05-31 19:15,0
2026-05-31 19:30,0
2026-05-31 19:45,0
2026-05-31 20:00,0
2026-05-31 20:15,0
2026-05-31 20:30,0
2026-05-31 20:45,0
2026-05-31 21:00,0
2026-05-31 21:15,0
2026-05-31 21:30,0
2026-05-31 21:45,0
2026-05-31 22:00,0
2026-05-31 22:15,0
2026-05-31 22:30,0
2026-05-31 22:45,0
2026-05-31 23:00,0
2026-05-31 23:15,0
2026-05-31 23:30,0
2026-05-31 23:45,0
2026-06-01 00:00,0
2026-06-01 00:15,0
2026-06-01 00:30,0
2026-06-01 00:45,0
2026-06-01 01:00,0
2026-06-01 01:15,0
2026-06-01 01:30,0
2026-06-01 01:45,0
2026-06-01 02:22,0
2026-06-01 02:30,0
2026-06-01 02:45,0
2026-06-01 03:00,0
2026-06-01 03:15,0
2026-06-01 03:30,0
2026-06-01 03:45,0
2026-06-01 04:00,0
2026-06-01 04:15,0
2026-06-01 04:30,0
2026-06-01 04:45,0
2026-06-01 05:00,0
2026-06-01 05:15,0
2026-06-01 05:30,0
2026-06-01 05:45,0
2026-06-01 06:00,0
2026-06-01 06:15,0
2026-06-01 06:30,0
2026-06-01 06:45,0
2026-06-01 07:00,0
2026-06-01 07:15,0
2026-06-01 07:30,0
2026-06-01 07:45,0
2026-06-01 08:00,0
2026-06-01 08:15,0
2026-06-01 08:30,0
2026-06-01 08:45,0.21
2026-06-01 09:00,0.2
2026-06-01 09:15,0.18
2026-06-01 09:30,0.18
2026-06-01 09:45,0.18
2026-06-01 10:00,0.2
2026-06-01 10:15,0.18
2026-06-01 10:30,0.18
2026-06-01 10:45,0.18
2026-06-01 11:00,0.19
2026-06-01 11:15,0.18
2026-06-01 11:30,0.17
2026-06-01 11:45,0.17
2026-06-01 12:00,0.19
2026-06-01 12:15,0.18
2026-06-01 12:30,0.19
2026-06-01 12:45,0.19
2026-06-01 13:00,0.19
2026-06-01 13:15,0.2
2026-06-01 13:30,0.17
2026-06-01 13:45,0.19
2026-06-01 14:00,0.19
2026-06-01 14:15,0.18
2026-06-01 14:30,0.19
2026-06-01 14:45,0.16
2026-06-01 15:00,0.19
2026-06-01 15:15,0.18
2026-06-01 15:30,0.23
2026-06-01 15:45,0.19
2026-06-01 16:00,0.2
2026-06-01 16:15,0.18
2026-06-01 16:30,0.19
2026-06-01 16:45,0.18
2026-06-01 17:00,0.18
2026-06-01 17:15,0.18
2026-06-01 17:30,0.17
2026-06-01 17:45,0.18
2026-06-01 18:00,0.18
2026-06-01 18:15,0.17
2026-06-01 18:30,0.18
2026-06-01 18:45,0.19
2026-06-01 19:00,0.19
2026-06-01 19:15,0.18
2026-06-01 19:30,0.15
2026-06-01 19:45,0.15
2026-06-01 20:00,0.18
2026-06-01 20:15,0.16
2026-06-01 20:30,0.16
2026-06-01 20:45,0.17
2026-06-01 21:00,0.16
2026-06-01 21:15,0.18
2026-06-01 21:30,0.16
2026-06-01 21:45,0.18
2026-06-01 22:00,0.18
2026-06-01 22:15,0.19
2026-06-01 22:30,0.17
2026-06-01 22:45,0.17
2026-06-01 23:00,0.18
2026-06-01 23:15,0.18
2026-06-01 23:30,0.19
2026-06-01 23:45,0.18
2026-06-02 00:00,0.2
2026-06-02 00:15,0.18
2026-06-02 00:30,0.18
2026-06-02 00:45,0.17
2026-06-02 01:00,0.17
2026-06-02 01:15,0.18
2026-06-02 01:30,0.19
2026-06-02 01:45,0.19
2026-06-02 02:00,0.19
2026-06-02 02:15,0.19
2026-06-02 02:30,0.19
2026-06-02 02:45,0.19
2026-06-02 03:00,0.17
2026-06-02 03:15,0.17
2026-06-02 03:30,0.19
2026-06-02 03:45,0.2
2026-06-02 04:00,0.2
2026-06-02 04:15,0.17
2026-06-02 04:30,0.17
2026-06-02 04:45,0.18
2026-06-02 05:00,0.17
2026-06-02 05:15,0.18
2026-06-02 05:30,0.19
2026-06-02 06:00,0.19
2026-06-02 06:15,0.18
2026-06-02 06:30,0.2
2026-06-02 06:45,0.19
2026-06-02 07:00,0.18
2026-06-02 07:15,0.19
2026-06-02 07:30,0.17
2026-06-02 07:45,0.19
2026-06-02 08:00,0.19
2026-06-02 08:15,0.18
2026-06-02 08:30,0.18
2026-06-02 08:45,0.18
2026-06-02 09:00,0.18
2026-06-02 09:15,0.18
2026-06-02 09:30,0.18
2026-06-02 09:45,0.18
2026-06-02 10:00,0.18
2026-06-02 10:15,0.16
2026-06-02 10:30,0.16
2026-06-02 10:45,0.18
2026-06-02 11:30,0.17
2026-06-02 11:45,0.17
2026-06-02 12:00,0.19
2026-06-02 12:15,0.19
2026-06-02 12:30,0.2
2026-06-02 12:45,0.23
2026-06-02 13:15,0.26
2026-06-02 13:30,0.2
2026-06-02 13:45,0.19
2026-06-02 14:00,0.19
2026-06-02 14:15,0.17
2026-06-02 14:30,0.16
2026-06-02 14:45,0
2026-06-02 15:00,0
2026-06-02 15:15,0
2026-06-02 15:30,0
2026-06-02 15:45,0
2026-06-02 16:00,0.12
2026-06-02 16:15,0.19
2026-06-02 16:30,0.16
2026-06-02 16:45,0.07
2026-06-02 17:00,0.16
2026-06-02 17:15,0.24
2026-06-02 17:30,0.21
2026-06-02 18:00,0.16
2026-06-02 18:15,0.15
2026-06-02 18:30,0.13
2026-06-02 18:45,0.21
2026-06-02 19:00,0.22
2026-06-02 19:15,0.21
2026-06-02 19:51,0.23
2026-06-02 20:00,0.15
2026-06-02 20:15,0.12
2026-06-02 20:30,0.12
2026-06-02 20:45,0.21
2026-06-02 21:00,0.17
2026-06-02 21:15,0.06
2026-06-02 21:30,0.06
2026-06-02 21:45,0.14
2026-06-02 22:00,0.05
2026-06-02 22:47,0.2
2026-06-02 23:21,0.07
2026-06-02 23:52,0.16
2026-06-03 00:00,0.13
2026-06-03 00:15,0.06
2026-06-03 00:30,0.12
2026-06-03 00:45,0
2026-06-03 01:00,0.11
2026-06-03 01:15,0
2026-06-03 01:52,0
2026-06-03 02:00,0
2026-06-03 02:15,0.09
2026-06-03 02:30,0.09
2026-06-03 02:45,0
2026-06-03 03:23,0
2026-06-03 03:30,0
2026-06-03 03:45,0.13
2026-06-03 04:00,0.04
2026-06-03 04:38,0.04
2026-06-03 04:45,0.09
2026-06-03 05:00,0.15
2026-06-03 05:15,0.15
2026-06-03 05:30,0.25
2026-06-03 05:45,0.12
2026-06-03 06:00,0.11
2026-06-03 06:15,0.11
2026-06-03 06:53,0.05
2026-06-03 07:00,0.22
2026-06-03 07:15,0.05
2026-06-03 07:30,0.05
2026-06-03 07:45,0.15
2026-06-03 08:00,0.1
2026-06-03 08:15,0.05
2026-06-03 08:30,0.08
2026-06-03 08:45,0
2026-06-03 09:00,0.2
2026-06-03 09:38,0.24
2026-06-03 09:45,0
2026-06-03 10:23,0.19
2026-06-03 10:30,0.2
2026-06-03 10:45,0
2026-06-03 11:00,0.12
2026-06-03 11:15,0.12
2026-06-03 11:30,0.13
2026-06-03 11:45,0
2026-06-03 12:00,0
2026-06-03 12:15,0.07
2026-06-03 12:30,0.16
2026-06-03 12:45,0.24
2026-06-03 13:00,0.14
2026-06-03 13:30,0.24
2026-06-03 13:45,0.23
2026-06-03 14:00,0.14
2026-06-03 14:15,0.18
2026-06-03 14:30,0.19
2026-06-03 15:00,0.06
2026-06-03 15:15,0.12
2026-06-03 15:30,0.16
2026-06-03 15:45,0.23
2026-06-03 16:00,0.17
2026-06-03 16:15,0
2026-06-03 16:30,0.25
2026-06-03 16:45,0.16
2026-06-03 17:00,0.21
2026-06-03 17:15,0.25
2026-06-03 17:30,0.06
2026-06-03 18:09,0
2026-06-03 18:15,0
2026-06-03 18:30,0.18
2026-06-03 18:45,0
2026-06-03 19:00,0
2026-06-03 19:15,0
2026-06-03 19:30,0
2026-06-03 19:45,0
2026-06-03 20:00,0.26
2026-06-03 20:15,0.27
2026-06-03 20:30,0.26
2026-06-03 20:45,0
2026-06-03 21:00,0
2026-06-03 21:15,0.06
2026-06-03 21:30,0
2026-06-03 21:45,0
2026-06-03 22:00,0.06
2026-06-03 22:15,0
2026-06-03 22:30,0
2026-06-03 22:45,0
2026-06-03 23:00,0
2026-06-03 23:15,0
2026-06-03 23:30,0
2026-06-03 23:45,0
2026-06-04 00:00,0
2026-06-04 00:15,0
2026-06-04 00:30,0
2026-06-04 00:45,0
2026-06-04 01:00,0
2026-06-04 01:38,0
2026-06-04 01:45,0
2026-06-04 02:00,0
2026-06-04 02:30,0
2026-06-04 02:45,0
2026-06-04 03:00,0
2026-06-04 03:15,0
2026-06-04 03:30,0
2026-06-04 03:45,0
2026-06-04 04:00,0
2026-06-04 04:15,0
2026-06-04 04:30,0
2026-06-04 04:45,0
2026-06-04 05:00,0
2026-06-04 05:15,0
2026-06-04 05:54,0
2026-06-04 06:00,0
2026-06-04 06:15,0
2026-06-04 06:30,0
2026-06-04 06:45,0
2026-06-04 07:00,0
2026-06-04 07:15,0
2026-06-04 07:30,0
2026-06-04 08:15,0
2026-06-04 08:30,0
2026-06-04 08:45,0
2026-06-04 09:00,0
2026-06-04 09:38,0
2026-06-04 09:45,0
2026-06-04 10:00,0
2026-06-04 10:15,0
2026-06-04 10:30,0
2026-06-04 10:45,0.06
2026-06-04 11:00,0
2026-06-04 11:15,0
2026-06-04 11:30,0
2026-06-04 11:45,0
2026-06-04 12:00,0
2026-06-04 12:15,0
2026-06-04 12:30,0
2026-06-04 12:45,0
2026-06-04 13:00,0
2026-06-04 13:15,0.09
2026-06-04 13:30,0.19
2026-06-04 13:45,0
2026-06-04 14:00,0
2026-06-04 14:15,0.21
2026-06-04 14:30,0
2026-06-04 14:45,0
2026-06-04 15:00,0
2026-06-04 15:15,0.1
2026-06-04 15:30,0
2026-06-04 15:45,0
2026-06-04 16:00,0
2026-06-04 16:55,0.23
2026-06-04 17:00,0.24
2026-06-04 17:15,0.24
2026-06-04 17:30,0.24
2026-06-04 17:45,0.24
2026-06-04 18:00,0.23
2026-06-04 18:30,0.11
2026-06-04 18:45,0.11
2026-06-04 19:00,0.07
2026-06-04 19:15,0.13
2026-06-04 19:30,0.22
2026-06-04 19:45,0.05
2026-06-04 20:00,0
2026-06-04 20:15,0.05
2026-06-04 20:30,0
2026-06-04 20:45,0
2026-06-04 21:00,0.05
2026-06-04 21:15,0.2
2026-06-04 21:30,0.05
2026-06-04 21:45,0.1
2026-06-04 22:00,0.18
2026-06-04 22:15,0.16
2026-06-04 22:30,0.18
2026-06-04 22:45,0
2026-06-04 23:00,0.09
2026-06-04 23:15,0.17
2026-06-04 23:30,0.22
2026-06-04 23:45,0.08
2026-06-05 00:00,0.23
2026-06-05 00:15,0.17
2026-06-05 00:30,0.09
2026-06-05 00:45,0.15
2026-06-05 01:00,0.1
2026-06-05 01:15,0.13
2026-06-05 01:30,0.21
2026-06-05 01:45,0.2
2026-06-05 02:00,0
2026-06-05 02:15,0.14
2026-06-05 02:30,0
2026-06-05 02:45,0
2026-06-05 03:24,0.18
2026-06-05 03:30,0
2026-06-05 03:45,0
2026-06-05 04:00,0
2026-06-05 04:15,0.06
2026-06-05 04:30,0.05
2026-06-05 04:45,0
2026-06-05 05:00,0
2026-06-05 05:15,0
2026-06-05 05:30,0.11
2026-06-05 05:45,0
2026-06-05 06:00,0
2026-06-05 06:15,0.25
2026-06-05 06:30,0
2026-06-05 06:45,0
2026-06-05 07:00,0.1
2026-06-05 07:15,0.1
2026-06-05 07:30,0.09
2026-06-05 07:45,0.06
2026-06-05 08:00,0.17
2026-06-05 08:15,0
2026-06-05 08:30,0.06
2026-06-05 08:45,0.17
2026-06-05 09:00,0
2026-06-05 09:15,0.18
2026-06-05 09:30,0.14
2026-06-05 09:45,0.1
2026-06-05 10:00,0.23
2026-06-05 10:15,0.09
2026-06-05 10:30,0
2026-06-05 10:45,0.15
2026-06-05 11:00,0.21
2026-06-05 11:15,0.24
2026-06-05 11:30,0.14
2026-06-05 11:45,0.09
2026-06-05 12:00,0.07
2026-06-05 12:15,0.07
2026-06-05 12:30,0.16
2026-06-05 12:45,0.18
2026-06-05 13:00,0.18
2026-06-05 13:30,0.22
2026-06-05 13:45,0.22
2026-06-05 14:00,0.23
2026-06-05 14:15,0.22
2026-06-05 14:30,0.22
2026-06-05 14:45,0.21
2026-06-05 15:00,0.19
2026-06-05 15:15,0.21
2026-06-05 15:30,0.21
2026-06-05 15:45,0.21
2026-06-05 16:00,0.19
2026-06-05 16:15,0.17
2026-06-05 16:30,0.15
2026-06-05 16:45,0.19
2026-06-05 17:00,0.2
2026-06-05 17:15,0.19
2026-06-05 17:30,0.2
2026-06-05 17:45,0.19
2026-06-05 18:00,0.2
2026-06-05 18:15,0.18
2026-06-05 18:30,0.2
2026-06-05 18:45,0.2
2026-06-05 19:00,0.2
2026-06-05 19:15,0.18
2026-06-05 19:30,0.2
2026-06-05 19:45,0.18
2026-06-05 20:00,0.2
2026-06-05 20:15,0.19
2026-06-05 20:30,0.16
2026-06-05 20:45,0.19
2026-06-05 21:00,0.09
2026-06-05 21:15,0.18
2026-06-05 21:30,0.18
2026-06-05 21:45,0.18
2026-06-05 22:00,0.14
2026-06-05 22:15,0.18
2026-06-05 22:30,0.2
2026-06-05 22:45,0.18
2026-06-05 23:00,0.13
2026-06-05 23:15,0.19
2026-06-05 23:30,0.15
2026-06-05 23:45,0.19
2026-06-06 00:00,0.17
2026-06-06 00:15,0.15
2026-06-06 00:30,0.17
2026-06-06 00:45,0.15
2026-06-06 01:00,0.14
2026-06-06 01:15,0.17
2026-06-06 01:30,0.03
2026-06-06 01:45,0.16
2026-06-06 02:00,0.16
2026-06-06 02:15,0.21
2026-06-06 02:30,0.17
2026-06-06 02:45,0.17
2026-06-06 03:00,0.16
2026-06-06 03:15,0.13
2026-06-06 03:30,0.17
2026-06-06 03:45,0.16
2026-06-06 04:00,0.13
2026-06-06 04:15,0.17
2026-06-06 04:30,0.17
2026-06-06 04:45,0.15
2026-06-06 05:00,0.17
2026-06-06 05:15,0.17
2026-06-06 05:30,0.18
2026-06-06 05:45,0
2026-06-06 06:00,0.17
2026-06-06 06:15,0.21
2026-06-06 06:30,0.18
2026-06-06 06:45,0.18
2026-06-06 07:00,0.16
2026-06-06 07:15,0.17
2026-06-06 07:30,0.16
2026-06-06 07:45,0.18
2026-06-06 08:00,0.18
2026-06-06 08:15,0.18
2026-06-06 08:30,0.18
2026-06-06 08:45,0.17
2026-06-06 09:00,0.06
2026-06-06 09:15,0.19
2026-06-06 09:30,0.2
2026-06-06 09:45,0.17
2026-06-06 10:00,0.16
2026-06-06 10:15,0.18
2026-06-06 10:30,0.18
2026-06-06 10:45,0.2
2026-06-06 11:00,0.18
2026-06-06 11:15,0.2
2026-06-06 11:30,0.19
2026-06-06 11:45,0.19
2026-06-06 12:00,0.18
2026-06-06 12:15,0.16
2026-06-06 12:30,0.18
2026-06-06 13:08,0.16
2026-06-06 13:15,0.19
2026-06-06 13:30,0.15
2026-06-06 13:45,0.2
2026-06-06 14:00,0.17
2026-06-06 14:15,0.14
2026-06-06 14:30,0.17
2026-06-06 14:45,0.21
2026-06-06 15:00,0.21
2026-06-06 15:53,0.19
2026-06-06 16:00,0.23
2026-06-06 16:15,0.2
2026-06-06 16:30,0.21
2026-06-06 16:45,0.19
2026-06-06 17:00,0.19
2026-06-06 17:30,0.15
2026-06-06 17:45,0.17
2026-06-06 18:00,0.14
2026-06-06 18:15,0.17
2026-06-06 18:30,0.11
2026-06-06 18:45,0.03
2026-06-06 19:00,0
2026-06-06 19:15,0.16
2026-06-06 19:30,0.14
2026-06-06 19:45,0.13
2026-06-06 20:00,0.14
2026-06-06 20:15,0.03
2026-06-06 20:30,0.19
2026-06-06 20:45,0.08
2026-06-06 21:00,0.15
2026-06-06 21:15,0.15
2026-06-06 21:30,0.16
2026-06-06 21:45,0.17
2026-06-06 22:00,0.16
2026-06-06 22:15,0.12
2026-06-06 22:30,0.1
2026-06-06 22:45,0
2026-06-06 23:00,0.16
2026-06-06 23:15,0
2026-06-06 23:30,0.06
2026-06-06 23:45,0.12
2026-06-07 00:00,0.09
2026-06-07 00:15,0.11
2026-06-07 00:30,0
2026-06-07 00:45,0.09
2026-06-07 01:00,0.05
2026-06-07 01:30,0
2026-06-07 01:45,0.12
2026-06-07 02:00,0.04
2026-06-07 02:15,0.09
2026-06-07 02:30,0.14
2026-06-07 02:45,0.06
2026-06-07 03:00,0
2026-06-07 03:15,0.07
2026-06-07 03:30,0
2026-06-07 03:45,0.1
2026-06-07 04:00,0.06
2026-06-07 04:15,0.08
2026-06-07 04:30,0.04
2026-06-07 04:45,0.08
2026-06-07 05:00,0
2026-06-07 05:15,0.12
2026-06-07 05:30,0
2026-06-07 05:45,0.05
2026-06-07 06:00,0.03
2026-06-07 06:15,0.09
2026-06-07 06:30,0
2026-06-07 06:45,0
2026-06-07 07:00,0.14
2026-06-07 07:15,0.15
2026-06-07 07:30,0.04
2026-06-07 07:45,0.11
2026-06-07 08:35,0.09
2026-06-07 08:45,0.04
2026-06-07 09:00,0.1
2026-06-07 09:15,0.16
2026-06-07 09:30,0.1
2026-06-07 09:45,0.1
2026-06-07 10:00,0.13
2026-06-07 10:15,0.16
2026-06-07 10:30,0.09
2026-06-07 10:45,0.14
2026-06-07 11:00,0
2026-06-07 11:15,0.14
2026-06-07 11:30,0.12
2026-06-07 11:45,0.16
2026-06-07 12:00,0.15
2026-06-07 12:15,0.18
2026-06-07 12:30,0.16
2026-06-07 12:45,0.12
2026-06-07 13:00,0.13
2026-06-07 13:15,0.15
2026-06-07 13:30,0.09
2026-06-07 13:45,0.12
2026-06-07 14:00,0.16
2026-06-07 14:15,0.2
2026-06-07 14:30,0.11
2026-06-07 14:45,0.11
2026-06-07 15:00,0.08
2026-06-07 15:15,0.1
2026-06-07 15:30,0
2026-06-07 15:45,0.14
2026-06-07 16:00,0.09
2026-06-07 16:15,0.17
2026-06-07 16:30,0.15
2026-06-07 16:45,0.11
2026-06-07 17:00,0.15
2026-06-07 17:15,0.13
2026-06-07 17:30,0.15
2026-06-07 17:45,0.12
2026-06-07 18:00,0.17
2026-06-07 18:15,0.1
2026-06-07 18:30,0.06
2026-06-07 19:11,0.1
2026-06-07 19:15,0
2026-06-07 19:30,0
2026-06-07 19:45,0.15
2026-06-07 20:24,0.1
2026-06-07 20:30,0.16
2026-06-07 20:45,0.04
2026-06-07 21:00,0.12
2026-06-07 21:30,0.12
2026-06-07 22:11,0.09
2026-06-07 22:15,0.07
2026-06-07 22:30,0.07
2026-06-07 22:45,0.08
2026-06-07 23:00,0.13
2026-06-07 23:15,0.09
2026-06-07 23:30,0.08
2026-06-07 23:45,0.1
2026-06-08 00:00,0.1
2026-06-08 00:15,0.08
2026-06-08 00:30,0.1
2026-06-08 00:45,0.1
2026-06-08 01:00,0.14
2026-06-08 01:15,0.1
2026-06-08 01:30,0.09
2026-06-08 01:45,0.04
2026-06-08 02:00,0.05
2026-06-08 02:15,0
2026-06-08 02:30,0.11
2026-06-08 02:45,0.08
2026-06-08 03:00,0.11
2026-06-08 03:45,0.07
2026-06-08 04:00,0.09
2026-06-08 04:15,0.08
2026-06-08 04:30,0.07
2026-06-08 04:45,0.07
2026-06-08 05:00,0.07
2026-06-08 05:15,0.1
2026-06-08 05:30,0.1
2026-06-08 05:45,0.13
2026-06-08 06:00,0.1
2026-06-08 06:15,0.1
2026-06-08 06:30,0.09
2026-06-08 06:45,0.11
2026-06-08 07:00,0.1
2026-06-08 07:15,0.07
2026-06-08 08:00,0.05
2026-06-08 08:15,0.11
2026-06-08 08:30,0.05
2026-06-08 08:45,0.1
2026-06-08 09:00,0.16
2026-06-08 09:15,0.07
2026-06-08 09:30,0.05
2026-06-08 09:45,0.06
2026-06-08 10:00,0
2026-06-08 10:15,0.12
2026-06-08 10:56,0.14
2026-06-08 11:00,0.07
2026-06-08 11:15,0.13
2026-06-08 11:30,0.11
2026-06-08 11:45,0.05
2026-06-08 12:00,0.14
2026-06-08 12:15,0.12
2026-06-08 12:30,0.09
2026-06-08 12:45,0.07
2026-06-08 13:00,0.14
2026-06-08 13:15,0
2026-06-08 13:30,0.1
2026-06-08 13:45,0.15
2026-06-08 14:00,0.14
2026-06-08 14:30,0.04
2026-06-08 14:45,0.13
2026-06-08 15:00,0.05
2026-06-29 13:10,0.07
2026-06-29 13:15,0.09
2026-06-29 13:30,0.07
2026-06-29 13:45,0.07
2026-06-29 14:00,0.07
2026-06-29 14:15,0.07
2026-06-29 14:30,0.11
2026-06-29 14:45,0.09
2026-06-29 15:00,0
2026-06-29 15:15,0.06
2026-06-29 15:30,0.07
2026-06-29 15:45,0.08
2026-06-29 16:00,0.09
2026-06-29 16:15,0.08
2026-06-29 16:30,0.09
2026-06-29 16:45,0.07
2026-06-29 17:00,0.04
2026-06-29 17:15,0
2026-06-29 17:30,0
2026-06-29 17:45,0
2026-06-29 18:00,0.05
2026-06-29 18:15,0
2026-06-29 18:30,0
2026-06-29 18:45,0
2026-06-29 19:00,0
2026-06-29 19:15,0
2026-06-29 19:45,0
2026-06-29 20:00,0
2026-06-29 20:30,0
2026-06-29 20:45,0
2026-06-29 21:00,0
2026-06-29 21:15,0
2026-06-29 21:30,0
2026-06-29 21:45,0
2026-06-29 22:00,0
2026-06-29 22:15,0
2026-06-29 22:30,0
2026-06-29 22:45,0.06
2026-06-29 23:00,0.07
2026-06-29 23:15,0.05
2026-06-29 23:30,0
2026-06-29 23:45,0
2026-06-30 00:00,0
2026-06-30 00:30,0
2026-06-30 00:45,0
2026-06-30 01:00,0
2026-06-30 01:15,0
2026-06-30 01:30,0
2026-06-30 01:45,0
2026-06-30 02:00,0
2026-06-30 02:30,0
2026-06-30 02:45,0
2026-06-30 03:00,0
2026-06-30 03:15,0
2026-06-30 03:45,0
2026-06-30 04:00,0
2026-06-30 04:15,0
2026-06-30 04:30,0
2026-06-30 05:00,0
2026-06-30 05:15,0
2026-06-30 05:30,0
2026-06-30 05:45,0
2026-06-30 06:00,0
2026-06-30 06:15,0
2026-06-30 06:42,0
2026-06-30 06:45,0
2026-06-30 07:00,0
2026-06-30 07:30,0
2026-06-30 07:45,0
2026-06-30 08:00,0
2026-06-30 08:15,0
2026-06-30 08:30,0
2026-06-30 09:00,0
2026-06-30 09:15,0
2026-06-30 09:30,0
2026-06-30 10:01,0
2026-06-30 10:15,0
2026-06-30 10:30,0
2026-06-30 10:45,0
2026-06-30 11:00,0
2026-06-30 11:15,0
2026-06-30 11:30,0
2026-06-30 11:45,0
2026-06-30 12:00,0
2026-06-30 12:15,0
2026-06-30 12:30,0
2026-06-30 12:45,0
2026-06-30 13:00,0
2026-06-30 13:15,0
2026-06-30 13:43,0
2026-06-30 14:00,0
2026-06-30 14:15,0
2026-06-30 14:30,0.02
2026-06-30 14:45,0.06
2026-06-30 15:27,0
2026-06-30 15:30,0
2026-06-30 15:45,0
2026-06-30 16:00,0
2026-06-30 16:15,0.05
2026-06-30 16:45,0.08
2026-06-30 17:00,0
2026-06-30 17:15,0.08
2026-06-30 17:30,0.06
2026-06-30 17:45,0
2026-06-30 18:00,0
2026-06-30 18:15,0
2026-06-30 18:30,0
2026-06-30 18:45,0
2026-06-30 19:00,0
2026-06-30 19:15,0.11
2026-06-30 19:30,0.12
2026-06-30 19:45,0.11
2026-06-30 20:00,0.11
2026-06-30 20:15,0.11
2026-06-30 20:30,0.16
2026-06-30 20:45,0.1
2026-06-30 21:00,0
2026-06-30 21:15,0
2026-06-30 21:30,0.04
2026-06-30 21:45,0
2026-06-30 22:00,0
2026-06-30 22:15,0.04
2026-06-30 22:30,0
2026-06-30 22:45,0.1
2026-06-30 23:00,0.05
2026-06-30 23:15,0
2026-06-30 23:30,0
2026-06-30 23:45,0.06
2026-07-01 00:00,0
2026-07-01 00:15,0
2026-07-01 00:30,0
2026-07-01 00:45,0
2026-07-01 01:00,0
2026-07-01 01:15,0
2026-07-01 01:45,0
2026-07-01 02:00,0
2026-07-01 02:15,0
2026-07-01 02:30,0
2026-07-01 02:45,0
2026-07-01 03:00,0
2026-07-01 03:15,0
2026-07-01 03:30,0
2026-07-01 04:00,0.04
2026-07-01 04:15,0
2026-07-01 04:30,0
2026-07-01 04:45,0
2026-07-01 05:00,0
2026-07-01 05:15,0
2026-07-01 05:30,0
2026-07-01 05:45,0
2026-07-01 06:00,0
2026-07-01 06:15,0
2026-07-01 06:30,0
2026-07-01 06:45,0
2026-07-01 07:00,0
2026-07-01 07:15,0
2026-07-01 07:30,0
2026-07-01 08:00,0
2026-07-01 08:15,0
2026-07-01 08:30,0
2026-07-01 08:45,0
2026-07-01 09:12,0
2026-07-01 09:30,0
2026-07-01 10:00,0
2026-07-01 10:15,0
2026-07-01 11:10,0
2026-07-01 11:15,0.05
2026-07-01 11:30,0
2026-07-01 11:45,0
2026-07-01 12:00,0
2026-07-01 12:15,0
2026-07-01 12:45,0
2026-07-01 13:00,0.05
2026-07-01 13:15,0
2026-07-01 13:30,0
2026-07-01 13:45,0
2026-07-01 14:30,0.06
2026-07-01 14:45,0.08
2026-07-01 15:00,0.05
2026-07-01 15:15,0.08
2026-07-01 15:30,0.08
2026-07-01 15:45,0
2026-07-01 16:45,0.07
2026-07-01 17:00,0.07
2026-07-01 17:15,0
2026-07-01 17:30,0
2026-07-01 17:45,0
2026-07-01 18:15,0
2026-07-01 18:30,0
2026-07-01 18:45,0
2026-07-01 19:00,0
2026-07-01 19:15,0
2026-07-01 19:30,0
2026-07-01 19:45,0
2026-07-01 20:00,0
2026-07-01 20:30,0
2026-07-01 21:00,0
2026-07-01 21:15,0
2026-07-01 21:30,0
2026-07-01 21:45,0
2026-07-01 22:00,0
2026-07-01 22:15,0
2026-07-01 22:44,0
2026-07-01 22:45,0
2026-07-01 23:00,0
2026-07-01 23:15,0
2026-07-01 23:30,0
2026-07-01 23:45,0
2026-07-02 00:00,0
2026-07-02 00:15,0
2026-07-02 00:30,0
2026-07-02 00:45,0
2026-07-02 01:00,0
2026-07-02 01:15,0
2026-07-02 01:30,0
2026-07-02 01:45,0
2026-07-02 02:00,0
2026-07-02 02:30,0
2026-07-02 03:10,0
2026-07-02 03:15,0
2026-07-02 03:45,0
2026-07-02 04:00,0
2026-07-02 04:15,0
2026-07-02 04:30,0
2026-07-02 05:00,0
2026-07-02 05:15,0
2026-07-02 05:30,0
2026-07-02 05:45,0
2026-07-02 06:00,0
2026-07-02 06:15,0
2026-07-02 06:30,0
2026-07-02 06:45,0
2026-07-02 07:00,0
2026-07-02 07:15,0
2026-07-02 07:30,0
2026-07-02 07:45,0
2026-07-02 08:15,0
2026-07-02 08:30,0
2026-07-02 08:45,0
2026-07-02 09:00,0
2026-07-02 09:15,0
2026-07-02 09:30,0
2026-07-02 09:45,0.06
2026-07-02 10:00,0.07
2026-07-02 10:15,0.05
2026-07-02 10:30,0.04
2026-07-02 11:30,0.05
2026-07-02 11:45,0.05
2026-07-02 12:00,0.06
2026-07-02 12:15,0.07
2026-07-02 12:30,0.04
2026-07-02 12:45,0.06
2026-07-02 13:00,0
2026-07-02 13:15,0.05
2026-07-02 13:30,0.05
2026-07-02 13:45,0.05
2026-07-02 14:00,0.06
2026-07-02 14:15,0.06
2026-07-02 14:30,0.06
2026-07-02 14:45,0.07
2026-07-02 15:00,0.06
2026-07-02 15:15,0.06
2026-07-02 15:30,0.06
2026-07-02 15:45,0.06
2026-07-02 16:00,0.05
2026-07-02 16:15,0.05
2026-07-02 16:30,0.06
2026-07-02 16:45,0.06
2026-07-02 17:00,0.04
2026-07-02 17:15,0.05
2026-07-02 17:30,0.04
2026-07-02 17:45,0.06
2026-07-02 18:00,0.06
2026-07-02 18:15,0.06
2026-07-02 18:30,0.05
2026-07-02 18:45,0.07
2026-07-02 19:00,0.05
2026-07-02 19:15,0
2026-07-02 19:30,0.06
2026-07-02 19:45,0.06
2026-07-02 20:00,0.06
2026-07-02 20:15,0.06
2026-07-02 20:30,0.05
2026-07-02 20:45,0.05
2026-07-02 21:00,0.07
2026-07-02 21:15,0.06
2026-07-02 21:30,0.07
2026-07-02 21:45,0.06
2026-07-02 22:00,0.05
2026-07-02 22:15,0.06
2026-07-02 22:30,0.06
2026-07-02 22:45,0.06
2026-07-02 23:00,0.07
2026-07-02 23:15,0.06
2026-07-02 23:30,0.05
2026-07-02 23:45,0.05
2026-07-03 00:00,0.05
2026-07-03 00:15,0.07
2026-07-03 00:30,0.06
2026-07-03 00:45,0.05
2026-07-03 01:00,0.06
2026-07-03 01:15,0.05
2026-07-03 01:30,0.06
2026-07-03 01:45,0.05
2026-07-03 02:00,0.05
2026-07-03 02:15,0.04
2026-07-03 02:30,0.05
2026-07-03 02:45,0.06
2026-07-03 03:00,0.07
2026-07-03 03:15,0.05
2026-07-03 03:30,0.03
2026-07-03 03:45,0.05
2026-07-03 04:00,0.03
2026-07-03 04:15,0.05
2026-07-03 04:30,0
2026-07-03 04:45,0.05
2026-07-03 05:00,0.05
2026-07-03 05:15,0.05
2026-07-03 05:30,0.06
2026-07-03 05:45,0.05
2026-07-03 06:00,0.05
2026-07-03 06:15,0.05
2026-07-03 06:30,0.06
2026-07-03 06:45,0.05
2026-07-03 07:00,0.06
2026-07-03 07:15,0.05
2026-07-03 07:30,0.06
2026-07-03 07:45,0.05
2026-07-03 08:00,0.03
2026-07-03 08:15,0.05
2026-07-03 08:30,0
2026-07-03 08:45,0.03
2026-07-03 09:00,0.05
2026-07-03 09:15,0.05
2026-07-03 09:30,0.03
2026-07-03 09:45,0.06
2026-07-03 10:00,0
2026-07-03 10:15,0.05
2026-07-03 10:30,0.03
2026-07-03 10:45,0.05
2026-07-03 11:00,0.05
2026-07-03 11:15,0.05
2026-07-03 11:30,0.06
2026-07-03 11:45,0.04
2026-07-03 12:00,0.06
2026-07-03 12:15,0.06
2026-07-03 12:30,0.05
2026-07-03 12:45,0.05
2026-07-03 13:00,0.03
2026-07-03 13:15,0.05
2026-07-03 13:30,0.05
2026-07-03 13:45,0.06
2026-07-03 14:00,0.06
2026-07-03 14:15,0.05
2026-07-03 14:30,0.06
2026-07-03 14:45,0.04
2026-07-03 15:00,0.03
2026-07-03 15:15,0.05
2026-07-03 15:30,0
2026-07-03 16:00,0
2026-07-03 16:15,0
2026-07-03 16:30,0
2026-07-03 16:45,0
2026-07-03 17:00,0
2026-07-03 17:15,0.09
2026-07-03 17:30,0.06
2026-07-03 17:45,0.04
2026-07-03 18:00,0
2026-07-03 18:15,0
2026-07-03 18:30,0.04
2026-07-03 18:45,0
2026-07-03 19:00,0
2026-07-03 19:15,0
2026-07-03 19:30,0
2026-07-03 19:45,0
2026-07-03 20:00,0
2026-07-03 20:15,0
2026-07-03 20:30,0
2026-07-03 20:45,0
2026-07-03 21:00,0
2026-07-03 21:15,0.04
2026-07-03 21:30,0
2026-07-03 21:45,0
2026-07-03 22:00,0
2026-07-03 22:15,0
2026-07-03 22:30,0
2026-07-03 22:45,0
2026-07-03 23:00,0
2026-07-03 23:15,0
2026-07-03 23:30,0
2026-07-03 23:45,0
2026-07-04 00:00,0
2026-07-04 00:15,0
2026-07-04 00:30,0
2026-07-04 00:45,0
2026-07-04 01:00,0
2026-07-04 01:15,0
2026-07-04 01:30,0
2026-07-04 01:45,0
2026-07-04 02:00,0
2026-07-04 02:15,0
2026-07-04 02:30,0
2026-07-04 02:45,0
2026-07-04 03:00,0
2026-07-04 03:15,0
2026-07-04 03:30,0
2026-07-04 03:45,0
2026-07-04 04:00,0
2026-07-04 04:15,0
2026-07-04 04:30,0
2026-07-04 04:45,0
2026-07-04 05:00,0
2026-07-04 05:15,0
2026-07-04 05:30,0.04
2026-07-04 05:45,0
2026-07-04 06:00,0
2026-07-04 06:15,0
2026-07-04 06:30,0
2026-07-04 06:45,0
2026-07-04 07:00,0
2026-07-04 07:15,0
2026-07-04 07:30,0
2026-07-04 07:45,0
2026-07-04 08:00,0
2026-07-04 08:15,0
2026-07-04 08:30,0
2026-07-04 08:45,0
2026-07-04 09:00,0
2026-07-04 09:15,0
2026-07-04 09:30,0
2026-07-04 09:45,0
2026-07-04 10:00,0
2026-07-04 10:15,0
2026-07-04 10:30,0.05
2026-07-04 10:45,0
2026-07-04 11:00,0
2026-07-04 11:15,0
2026-07-04 11:30,0.06
2026-07-04 11:45,0
2026-07-04 12:00,0
2026-07-04 12:15,0
2026-07-04 12:30,0
2026-07-04 12:45,0
2026-07-04 13:00,0
2026-07-04 13:15,0
2026-07-04 13:30,0
2026-07-04 13:45,0
2026-07-04 14:19,0
2026-07-04 14:30,0
2026-07-04 14:45,0
2026-07-04 15:00,0.06
2026-07-04 15:15,0
2026-07-04 15:30,0.1
2026-07-04 15:45,0
2026-07-04 16:00,0
2026-07-04 16:15,0
2026-07-04 16:30,0.07
2026-07-04 16:45,0
2026-07-04 17:00,0
2026-07-04 17:15,0.05
2026-07-04 17:30,0.05
2026-07-04 17:45,0
2026-07-04 18:00,0
2026-07-04 18:15,0
2026-07-04 18:30,0
2026-07-04 18:45,0
2026-07-04 19:00,0
2026-07-04 19:15,0
2026-07-04 19:30,0
2026-07-04 19:45,0
2026-07-04 20:00,0.04
2026-07-04 20:15,0
2026-07-04 20:30,0.1
2026-07-04 20:45,0.09
2026-07-04 21:00,0.1
2026-07-04 21:15,0.08
2026-07-04 21:30,0
2026-07-04 21:45,0
2026-07-04 22:00,0.07
2026-07-04 22:15,0.04
2026-07-04 22:30,0
2026-07-04 22:45,0
2026-07-04 23:00,0
2026-07-04 23:15,0
2026-07-04 23:30,0
2026-07-04 23:45,0
2026-07-05 00:00,0
2026-07-05 00:15,0
2026-07-05 00:30,0
2026-07-05 00:45,0
2026-07-05 01:00,0
2026-07-05 01:15,0
2026-07-05 01:30,0
2026-07-05 01:45,0
2026-07-05 02:00,0
2026-07-05 02:15,0
2026-07-05 02:30,0.04
2026-07-05 02:45,0
2026-07-05 03:00,0
2026-07-05 03:15,0
2026-07-05 03:45,0
2026-07-05 04:00,0
2026-07-05 04:15,0
2026-07-05 04:45,0.06
2026-07-05 05:00,0
2026-07-05 05:15,0
2026-07-05 05:30,0
2026-07-05 05:45,0
2026-07-05 06:00,0
2026-07-05 06:15,0
2026-07-05 06:30,0
2026-07-05 06:45,0
2026-07-05 07:00,0
2026-07-05 07:15,0
2026-07-05 07:30,0
2026-07-05 08:00,0
2026-07-05 08:15,0
2026-07-05 08:30,0
2026-07-05 08:45,0
2026-07-05 09:15,0
2026-07-05 09:30,0
2026-07-05 09:45,0
2026-07-05 10:00,0
2026-07-05 10:15,0
2026-07-05 10:30,0
2026-07-05 10:45,0
2026-07-05 11:20,0
2026-07-05 11:30,0
2026-07-05 11:45,0.09
2026-07-05 12:22,0
2026-07-05 12:30,0
2026-07-05 12:45,0
2026-07-05 13:00,0
2026-07-05 13:15,0
2026-07-05 13:30,0
2026-07-05 13:45,0
2026-07-05 14:00,0.04
2026-07-05 14:15,0
2026-07-05 14:30,0.09
2026-07-05 14:45,0.05
2026-07-05 15:00,0.09
2026-07-05 15:15,0.09
2026-07-05 15:30,0.09
2026-07-05 15:45,0.09
2026-07-05 16:00,0.06
2026-07-05 16:15,0
2026-07-05 16:30,0
2026-07-05 16:45,0
2026-07-05 17:00,0.07
2026-07-05 17:15,0.07
2026-07-05 17:30,0.06
2026-07-05 17:45,0
2026-07-05 18:00,0.05
2026-07-05 18:15,0
2026-07-05 18:30,0
2026-07-05 18:45,0
2026-07-05 19:00,0
2026-07-05 19:15,0
2026-07-05 19:30,0
2026-07-05 20:08,0
2026-07-05 20:15,0
2026-07-05 20:30,0
2026-07-05 20:45,0
2026-07-05 21:00,0.06
2026-07-05 21:15,0.1
2026-07-05 21:30,0.1
2026-07-05 21:45,0
2026-07-05 22:00,0
2026-07-05 22:15,0
2026-07-05 22:30,0
2026-07-05 23:06,0.06
2026-07-05 23:15,0
2026-07-05 23:30,0
2026-07-05 23:45,0
2026-07-06 00:00,0
2026-07-06 00:15,0.04
2026-07-06 00:30,0
2026-07-06 00:45,0
2026-07-06 01:00,0
2026-07-06 01:15,0
2026-07-06 01:30,0
2026-07-06 01:45,0
2026-07-06 02:00,0
2026-07-06 02:15,0
2026-07-06 02:30,0
2026-07-06 02:45,0
2026-07-06 03:00,0
2026-07-06 03:15,0
2026-07-06 03:30,0
2026-07-06 03:45,0
2026-07-06 04:00,0
2026-07-06 04:15,0
2026-07-06 05:30,0
2026-07-06 05:45,0
2026-07-06 06:00,0
2026-07-06 06:15,0
2026-07-06 06:30,0
2026-07-06 06:45,0
2026-07-06 07:00,0
2026-07-06 07:15,0
2026-07-06 07:30,0
2026-07-06 07:45,0
2026-07-06 08:00,0
2026-07-06 08:15,0
2026-07-06 08:30,0
2026-07-06 08:45,0
2026-07-06 09:00,0.04
2026-07-06 09:15,0
2026-07-06 09:30,0
2026-07-06 09:45,0.04
2026-07-06 10:00,0.05
2026-07-06 10:15,0.05
2026-07-06 10:30,0.05
2026-07-06 10:45,0.04
2026-07-06 11:00,0.04
2026-07-06 11:15,0.09
2026-07-06 11:30,0.06
2026-07-06 12:09,0.05
2026-07-06 13:18,0.05
2026-07-06 13:45,0.05
2026-07-06 14:00,0.05
2026-07-06 14:15,0.05
2026-07-06 14:30,0
2026-07-06 14:45,0
2026-07-06 15:00,0
2026-07-06 15:15,0
2026-07-06 15:53,0
2026-07-06 16:00,0.06
2026-07-06 16:30,0
2026-07-06 16:45,0.04
2026-07-06 17:00,0
2026-07-06 17:15,0
2026-07-06 17:30,0
2026-07-06 17:45,0
2026-07-06 18:00,0
2026-07-06 18:15,0
2026-07-06 18:30,0.06
2026-07-06 18:45,0
2026-07-06 19:00,0
2026-07-06 19:15,0
2026-07-06 19:30,0
2026-07-06 19:45,0
2026-07-06 20:00,0
2026-07-06 20:15,0
2026-07-06 20:30,0
2026-07-06 20:45,0
2026-07-06 21:00,0
2026-07-06 21:15,0
2026-07-06 21:51,0
2026-07-06 22:00,0.02
2026-07-06 22:15,0
2026-07-06 22:30,0
2026-07-06 22:45,0
2026-07-06 23:00,0
2026-07-06 23:15,0
2026-07-06 23:30,0
2026-07-06 23:45,0
2026-07-07 00:00,0
2026-07-07 00:15,0
2026-07-07 00:30,0
2026-07-07 00:45,0
2026-07-07 01:00,0
2026-07-07 01:15,0
2026-07-07 02:00,0
2026-07-07 02:15,0
2026-07-07 02:30,0
2026-07-07 02:45,0
2026-07-07 03:00,0
2026-07-07 03:15,0
2026-07-07 03:55,0
2026-07-07 04:00,0
2026-07-07 04:15,0
2026-07-07 04:30,0
2026-07-07 05:45,0
2026-07-07 06:00,0
2026-07-07 06:15,0
2026-07-07 06:30,0
2026-07-07 06:45,0
2026-07-07 07:00,0
2026-07-07 07:15,0
2026-07-07 07:30,0
2026-07-07 08:15,0
2026-07-07 08:30,0
2026-07-07 08:45,0
2026-07-07 09:00,0
2026-07-07 09:15,0
2026-07-07 09:30,0.03
2026-07-07 09:45,0.04
2026-07-07 10:00,0.04
2026-07-07 10:15,0.04
2026-07-07 10:30,0.03
2026-07-07 10:45,0.03
2026-07-07 11:00,0
2026-07-07 11:15,0.04
2026-07-07 11:30,0.03
2026-07-07 11:45,0.05
2026-07-07 12:00,0.04
2026-07-07 12:15,0.06
2026-07-07 12:30,0.04
2026-07-07 12:45,0.03
2026-07-07 13:00,0.02
2026-07-07 13:15,0.04
2026-07-07 13:30,0
2026-07-07 14:00,0
2026-07-07 14:15,0
2026-07-07 14:30,0.02
2026-07-07 14:45,0.04
2026-07-07 15:15,0
2026-07-07 15:30,0
2026-07-07 16:10,0
2026-07-07 16:15,0
2026-07-07 16:54,0
2026-07-07 17:00,0.02
2026-07-07 17:15,0
2026-07-07 17:30,0
2026-07-07 17:45,0
2026-07-07 18:00,0
2026-07-07 18:15,0
2026-07-07 18:30,0.03
2026-07-07 18:45,0
2026-07-07 19:15,0
2026-07-07 19:30,0.03
2026-07-07 19:45,0.04
2026-07-07 20:35,0
2026-07-07 21:00,0
2026-07-07 21:15,0
2026-07-07 21:30,0
2026-07-07 21:45,0
2026-07-07 22:00,0
2026-07-07 22:15,0.04
2026-07-07 22:30,0
2026-07-07 22:45,0
2026-07-07 23:00,0
2026-07-07 23:15,0
2026-07-07 23:30,0
2026-07-08 00:00,0
2026-07-08 00:15,0
2026-07-08 00:30,0
2026-07-08 00:45,0
2026-07-08 01:00,0
2026-07-08 01:15,0
2026-07-08 01:30,0
2026-07-08 01:45,0
2026-07-08 02:00,0.05
2026-07-08 02:15,0
2026-07-08 02:30,0
2026-07-08 02:45,0
2026-07-08 03:23,0
2026-07-08 03:30,0
2026-07-08 03:45,0
2026-07-08 04:00,0
2026-07-08 04:15,0
2026-07-08 04:30,0
2026-07-08 04:45,0
2026-07-08 05:00,0.08
2026-07-08 05:15,0.05
2026-07-08 05:30,0
2026-07-08 05:45,0
2026-07-08 06:00,0
2026-07-08 06:37,0
2026-07-08 06:45,0
2026-07-08 07:21,0
2026-07-08 07:30,0
2026-07-08 07:45,0
2026-07-08 08:00,0
2026-07-08 08:15,0
2026-07-08 08:30,0
2026-07-08 08:45,0
2026-07-08 09:00,0
2026-07-08 09:15,0
2026-07-08 09:30,0
2026-07-08 09:45,0
2026-07-08 10:00,0
2026-07-08 10:38,0
2026-07-08 10:45,0
2026-07-08 11:00,0
2026-07-08 11:30,0
2026-07-08 11:45,0
2026-07-08 12:15,0
2026-07-08 12:30,0
2026-07-08 12:45,0
2026-07-08 13:00,0
2026-07-08 13:15,0.08
2026-07-08 13:30,0
2026-07-08 13:45,0
2026-07-08 14:50,0
2026-07-08 15:00,0.07
2026-07-08 15:15,0
2026-07-08 15:30,0
2026-07-08 15:45,0
2026-07-08 16:48,0
2026-07-08 17:00,0
2026-07-08 17:30,0
2026-07-08 17:45,0
2026-07-08 18:00,0
2026-07-08 18:15,0.09
2026-07-08 18:30,0.05
2026-07-08 18:45,0.06
2026-07-08 19:00,0
2026-07-08 19:15,0.04
2026-07-08 19:30,0
2026-07-08 19:45,0
2026-07-08 20:00,0
2026-07-08 20:40,0
2026-07-08 20:45,0
2026-07-08 21:00,0
2026-07-08 21:15,0
2026-07-08 21:30,0
2026-07-08 21:45,0
2026-07-08 22:00,0
2026-07-08 22:15,0
2026-07-08 22:54,0
2026-07-08 23:00,0
2026-07-08 23:40,0
2026-07-08 23:45,0.09
2026-07-09 00:24,0.08
2026-07-09 00:30,0
2026-07-09 00:45,0
2026-07-09 01:00,0
2026-07-09 01:15,0
2026-07-09 01:30,0
2026-07-09 01:45,0
2026-07-09 02:00,0.08
2026-07-09 02:38,0
2026-07-09 02:45,0
2026-07-09 03:23,0
2026-07-09 04:08,0.04
2026-07-09 04:30,0
2026-07-09 04:45,0
2026-07-09 05:00,0
2026-07-09 05:15,0
2026-07-09 05:30,0
2026-07-09 05:45,0
2026-07-09 06:15,0
2026-07-09 06:30,0
2026-07-09 06:45,0
2026-07-09 07:00,0
2026-07-09 07:15,0
2026-07-09 07:30,0
2026-07-09 07:45,0
2026-07-09 08:00,0
2026-07-09 08:15,0
2026-07-09 08:30,0
2026-07-09 08:45,0
2026-07-09 09:00,0.04
2026-07-09 09:15,0
2026-07-09 09:53,0
2026-07-09 10:00,0
2026-07-09 10:15,0
2026-07-09 10:30,0
2026-07-09 11:09,0.04
2026-07-09 11:24,0
2026-07-09 11:30,0
2026-07-09 11:45,0.08
2026-07-09 12:00,0
2026-07-09 12:15,0
2026-07-09 12:58,0
2026-07-09 13:00,0
2026-07-09 13:15,0.04
2026-07-09 13:30,0
2026-07-09 13:45,0
2026-07-09 14:00,0
2026-07-09 14:15,0
2026-07-09 14:30,0
2026-07-09 14:45,0
2026-07-09 15:00,0
2026-07-09 15:15,0.09
2026-07-09 15:30,0
2026-07-09 15:45,0
2026-07-09 16:00,0.05
2026-07-09 16:15,0.05
2026-07-09 16:30,0.06
2026-07-09 16:45,0.02
2026-07-09 17:26,0.04
2026-07-09 17:30,0.06
2026-07-09 17:45,0.05
2026-07-09 18:00,0
2026-07-09 18:15,0
2026-07-09 18:30,0.04
2026-07-09 18:45,0
2026-07-09 19:00,0
2026-07-09 19:15,0.04
2026-07-09 19:30,0.03
2026-07-09 19:45,0.02
2026-07-09 20:00,0
2026-07-09 20:15,0.02
2026-07-09 20:30,0
2026-07-09 20:45,0
2026-07-09 21:00,0
2026-07-09 21:15,0.02
2026-07-09 21:30,0.03
2026-07-09 21:45,0
2026-07-09 22:00,0
2026-07-09 22:15,0.02
2026-07-09 22:30,0.04
2026-07-09 22:45,0
2026-07-09 23:00,0
2026-07-09 23:15,0
2026-07-09 23:30,0
2026-07-09 23:45,0
2026-07-10 00:00,0.04
2026-07-10 00:15,0
2026-07-10 00:30,0
2026-07-10 00:45,0
2026-07-10 01:00,0
2026-07-10 01:15,0
2026-07-10 01:30,0
2026-07-10 01:45,0
2026-07-10 02:00,0
2026-07-10 02:15,0
2026-07-10 02:30,0.02
2026-07-10 02:45,0
2026-07-10 03:00,0
2026-07-10 03:30,0.03
2026-07-10 03:45,0
2026-07-10 04:00,0
2026-07-10 04:15,0
2026-07-10 04:30,0
2026-07-10 04:45,0
2026-07-10 05:00,0.04
2026-07-10 05:30,0
2026-07-10 05:45,0
2026-07-10 06:00,0.06
2026-07-10 06:37,0
2026-07-10 06:45,0
2026-07-10 07:00,0.03
2026-07-10 07:15,0.04
2026-07-10 07:30,0
2026-07-10 07:45,0
2026-07-10 08:00,0
2026-07-10 08:15,0
2026-07-10 08:30,0
2026-07-10 08:45,0
2026-07-10 09:26,0
2026-07-10 09:55,0
2026-07-10 10:00,0
2026-07-10 10:30,0
2026-07-10 10:45,0
2026-07-10 11:00,0.02
2026-07-10 11:30,0
2026-07-10 11:45,0
2026-07-10 12:00,0
2026-07-10 12:15,0
2026-07-10 12:30,0
2026-07-10 12:45,0.03
2026-07-10 13:22,0
2026-07-10 13:30,0.05
2026-07-10 13:45,0
2026-07-10 14:00,0
2026-07-10 14:15,0
2026-07-10 14:56,0
2026-07-10 15:21,0
2026-07-10 15:30,0.02
2026-07-10 15:45,0
2026-07-10 16:00,0.02
2026-07-10 16:15,0
2026-07-10 16:30,0.03
2026-07-10 16:45,0
2026-07-10 17:00,0.03
2026-07-10 17:15,0.03
2026-07-10 17:30,0
2026-07-10 17:45,0
2026-07-10 18:00,0
2026-07-10 18:15,0
2026-07-10 18:30,0
2026-07-10 18:45,0
2026-07-10 19:00,0.02
2026-07-10 19:15,0
2026-07-10 19:30,0
2026-07-10 20:09,0
2026-07-10 20:15,0
2026-07-10 20:30,0.03
2026-07-10 21:24,0
2026-07-10 21:30,0
2026-07-10 21:45,0
2026-07-10 22:15,0
2026-07-10 22:30,0
2026-07-10 22:45,0
2026-07-10 23:00,0
2026-07-10 23:15,0
2026-07-10 23:30,0
2026-07-10 23:45,0
2026-07-11 00:00,0
2026-07-11 00:15,0
2026-07-11 00:30,0.02
2026-07-11 00:45,0
2026-07-11 01:00,0
2026-07-11 01:15,0
2026-07-11 01:54,0.03
2026-07-11 02:00,0
2026-07-11 02:15,0.02
2026-07-11 02:30,0
2026-07-11 02:45,0
2026-07-11 03:25,0
2026-07-11 03:30,0
2026-07-11 03:45,0
2026-07-11 04:00,0
2026-07-11 04:15,0
2026-07-11 04:45,0
2026-07-11 05:00,0
2026-07-11 05:30,0
2026-07-11 05:45,0
2026-07-11 06:00,0
2026-07-11 06:15,0
2026-07-11 06:30,0
2026-07-11 06:45,0
2026-07-11 07:00,0
2026-07-11 07:15,0
2026-07-11 07:59,0
2026-07-11 08:00,0
2026-07-11 08:15,0
2026-07-11 08:30,0
2026-07-11 09:00,0
2026-07-11 09:15,0
2026-07-11 09:30,0
2026-07-11 09:45,0
2026-07-11 10:00,0
2026-07-11 10:30,0
2026-07-11 10:45,0
2026-07-11 11:15,0
2026-07-11 11:30,0
2026-07-11 11:45,0
2026-07-11 12:38,0
2026-07-11 12:45,0
2026-07-11 13:30,0
2026-07-11 14:13,0
2026-07-11 14:15,0
2026-07-11 14:30,0
2026-07-11 15:00,0
2026-07-11 15:30,0
2026-07-11 15:45,0.05
2026-07-11 16:00,0
2026-07-11 16:15,0
2026-07-11 16:57,0
2026-07-11 17:00,0
2026-07-11 17:15,0
2026-07-11 17:30,0.03
2026-07-11 17:45,0.03
2026-07-11 18:00,0.07
2026-07-11 18:15,0
2026-07-11 18:30,0
2026-07-11 19:00,0
2026-07-11 19:15,0
2026-07-11 19:30,0
2026-07-11 19:45,0
2026-07-11 20:00,0
2026-07-11 20:15,0.03
2026-07-11 20:30,0
2026-07-11 20:45,0
2026-07-11 21:30,0
2026-07-11 21:45,0
2026-07-11 22:00,0
2026-07-11 22:15,0
2026-07-11 22:30,0
2026-07-11 22:45,0
2026-07-11 23:00,0
2026-07-11 23:15,0
2026-07-11 23:30,0
2026-07-11 23:45,0
2026-07-12 00:00,0
2026-07-12 00:15,0
2026-07-12 00:30,0
2026-07-12 00:45,0
2026-07-12 01:00,0
2026-07-12 01:15,0
2026-07-12 01:45,0
2026-07-12 02:15,0
2026-07-12 02:30,0
2026-07-12 03:00,0
2026-07-12 03:15,0
2026-07-12 03:30,0
2026-07-12 03:45,0
2026-07-12 04:15,0
2026-07-12 04:30,0
2026-07-12 05:00,0
2026-07-12 05:30,0
2026-07-12 05:45,0
2026-07-12 06:00,0
2026-07-12 06:15,0
2026-07-12 06:30,0
2026-07-12 06:45,0
2026-07-12 07:00,0
2026-07-12 07:15,0.03
2026-07-12 07:30,0
2026-07-12 07:45,0
2026-07-12 08:00,0
2026-07-12 08:15,0.02
2026-07-12 09:01,0.05
2026-07-12 09:26,0.06
2026-07-12 09:30,0
2026-07-12 09:45,0.05
2026-07-12 10:00,0.06
2026-07-12 10:15,0
2026-07-12 10:45,0.08
2026-07-12 11:00,0.06
2026-07-12 11:15,0.09
2026-07-12 12:01,0.07
2026-07-12 12:46,0.12
2026-07-12 13:00,0
2026-07-12 13:15,0.12
2026-07-12 13:30,0.1
2026-07-12 13:45,0.12
2026-07-12 14:00,0.11
2026-07-12 14:15,0.12
2026-07-12 14:30,0.1
2026-07-12 14:45,0.1
2026-07-12 15:00,0.11
2026-07-12 15:15,0.11
2026-07-12 15:30,0.1
2026-07-12 15:45,0.08
2026-07-12 16:15,0
2026-07-12 16:30,0.09
2026-07-12 16:45,0.07
2026-07-12 17:00,0.07
2026-07-12 17:15,0
2026-07-12 17:30,0.07
2026-07-12 18:00,0
2026-07-12 18:30,0
2026-07-12 18:45,0
2026-07-12 19:00,0
2026-07-12 19:15,0
2026-07-12 19:45,0.05
2026-07-12 20:00,0
2026-07-12 20:15,0
2026-07-12 20:45,0
2026-07-12 21:15,0.07
2026-07-12 21:30,0
2026-07-12 21:45,0.05
2026-07-12 22:00,0
2026-07-12 22:15,0
2026-07-12 22:30,0
2026-07-12 23:12,0
2026-07-12 23:30,0.04
2026-07-12 23:45,0
2026-07-13 00:00,0
2026-07-13 00:15,0.04
2026-07-13 00:30,0
2026-07-13 00:45,0
2026-07-13 01:00,0
2026-07-13 01:15,0
2026-07-13 01:30,0
2026-07-13 01:45,0
2026-07-13 02:27,0.03
2026-07-13 02:44,0
2026-07-13 02:45,0
2026-07-13 03:40,0
2026-07-13 03:45,0
2026-07-13 04:00,0
2026-07-13 04:15,0
2026-07-13 04:57,0
2026-07-13 05:00,0
2026-07-13 05:15,0
2026-07-13 05:30,0
2026-07-13 05:45,0
2026-07-13 06:15,0
2026-07-13 06:30,0
2026-07-13 06:45,0
2026-07-13 07:00,0
2026-07-13 07:15,0
2026-07-13 07:30,0
2026-07-13 07:45,0
2026-07-13 09:13,0
2026-07-13 09:15,0
2026-07-13 09:30,0
2026-07-13 09:45,0
2026-07-13 10:32,0
2026-07-13 11:00,0
2026-07-13 11:15,0
2026-07-13 12:14,0
2026-07-13 12:15,0
2026-07-13 12:30,0
2026-07-13 13:21,0
2026-07-13 13:30,0.04
2026-07-13 13:45,0
2026-07-13 14:15,0
2026-07-13 14:30,0
2026-07-13 14:45,0
2026-07-13 15:15,0
2026-07-13 15:30,0
2026-07-13 15:45,0.02
2026-07-13 16:15,0
2026-07-13 16:30,0.02
2026-07-13 16:45,0
2026-07-13 17:15,0
2026-07-13 17:30,0.04
2026-07-13 17:45,0.02
2026-07-13 18:15,0.03
2026-07-13 18:48,0.03
2026-07-13 19:15,0.03
2026-07-13 19:30,0.02
2026-07-13 19:45,0
2026-07-13 20:15,0
2026-07-13 20:30,0
2026-07-13 20:45,0.04
2026-07-13 21:00,0
2026-07-13 21:15,0
2026-07-13 21:30,0
2026-07-13 21:45,0.07
2026-07-13 22:00,0.08
2026-07-13 22:15,0.03
2026-07-13 22:45,0.03
2026-07-13 23:29,0
2026-07-13 23:30,0
2026-07-13 23:45,0.05
2026-07-14 00:00,0.02
2026-07-14 00:15,0.02
2026-07-14 00:30,0.04
2026-07-14 00:45,0.02
2026-07-14 01:00,0
2026-07-14 01:15,0.03
2026-07-14 01:30,0.05
2026-07-14 01:45,0.04
2026-07-14 02:00,0
2026-07-14 02:15,0.04
2026-07-14 02:30,0
2026-07-14 02:45,0
2026-07-14 03:00,0.03
2026-07-14 03:15,0
2026-07-14 03:30,0
2026-07-14 03:45,0.04
2026-07-14 04:00,0
2026-07-14 04:30,0
2026-07-14 04:45,0
2026-07-14 05:00,0
2026-07-14 05:15,0
2026-07-14 05:30,0
2026-07-14 06:00,0
2026-07-14 06:15,0
2026-07-14 06:30,0
2026-07-14 06:45,0
2026-07-14 07:00,0
2026-07-14 07:15,0
2026-07-14 07:30,0
2026-07-14 07:45,0
2026-07-14 08:00,0
2026-07-14 08:15,0
2026-07-14 08:30,0
2026-07-14 08:45,0
2026-07-14 09:15,0.03
2026-07-14 09:30,0
2026-07-14 09:45,0.05
2026-07-14 10:15,0.02
2026-07-14 10:30,0.02
2026-07-14 10:45,0.06
2026-07-14 11:00,0
2026-07-14 11:15,0.02
2026-07-14 11:45,0
2026-07-14 12:00,0
2026-07-14 12:15,0
2026-07-14 12:30,0.05
2026-07-14 13:00,0
2026-07-14 13:15,0
2026-07-14 13:30,0
2026-07-14 13:45,0
2026-07-14 14:00,0
2026-07-14 14:15,0
2026-07-14 15:00,0.02
2026-07-14 15:15,0
2026-07-14 15:30,0
2026-07-14 15:45,0.05
2026-07-14 16:00,0.05
2026-07-14 16:45,0
2026-07-14 17:00,0
2026-07-14 17:15,0.05
2026-07-14 17:30,0.05
2026-07-14 17:45,0.02
2026-07-14 18:00,0
2026-07-14 18:15,0.02
2026-07-14 18:30,0
2026-07-14 18:45,0
2026-07-14 19:45,0
2026-07-14 20:00,0
2026-07-14 20:15,0
2026-07-14 20:30,0.04
2026-07-14 20:45,0
2026-07-14 21:18,0
2026-07-14 21:30,0
2026-07-14 21:45,0
2026-07-14 22:00,0
2026-07-14 22:15,0
2026-07-14 22:30,0
2026-07-14 22:45,0
2026-07-14 23:00,0
2026-07-14 23:15,0
2026-07-14 23:30,0
2026-07-14 23:45,0
2026-07-15 00:00,0
2026-07-15 00:15,0
2026-07-15 00:30,0
2026-07-15 00:45,0
2026-07-15 01:00,0.02
2026-07-15 01:15,0
2026-07-15 01:30,0
2026-07-15 01:45,0
2026-07-15 02:15,0
2026-07-15 02:30,0
2026-07-15 02:45,0
2026-07-15 03:00,0
2026-07-15 03:15,0
2026-07-15 03:45,0
2026-07-15 04:15,0
2026-07-15 04:45,0
2026-07-15 05:00,0
2026-07-15 05:15,0
2026-07-15 05:30,0
2026-07-15 06:00,0
2026-07-15 06:15,0
2026-07-15 06:45,0
2026-07-15 07:00,0
2026-07-15 07:15,0
2026-07-15 07:30,0.04
2026-07-15 07:45,0
2026-07-15 08:00,0
2026-07-15 08:15,0
2026-07-15 08:30,0
2026-07-15 08:45,0
2026-07-15 09:00,0
2026-07-15 09:15,0
2026-07-15 09:30,0
2026-07-15 09:45,0
2026-07-15 10:00,0
2026-07-15 10:15,0
2026-07-15 10:30,0
2026-07-15 11:00,0
2026-07-15 11:15,0
2026-07-15 11:30,0
2026-07-15 12:00,0
2026-07-15 12:15,0
2026-07-15 12:30,0
2026-07-15 12:45,0
2026-07-16 10:30,0
2026-07-16 10:45,0.03
2026-07-16 11:00,0
2026-07-16 11:45,0
2026-07-16 12:00,0
2026-07-16 12:15,0
2026-07-16 12:30,0
2026-07-16 12:45,0
2026-07-16 13:00,0
2026-07-16 13:15,0
2026-07-16 13:30,0.02
2026-07-16 13:45,0
2026-07-16 14:00,0
2026-07-16 14:15,0
2026-07-16 14:30,0
2026-07-16 14:45,0
2026-07-16 15:00,0
2026-07-16 15:15,0
2026-07-16 15:30,0
2026-07-16 15:45,0.09
2026-07-16 16:00,0.1
2026-07-16 16:15,0.13
2026-07-16 16:30,0.1
2026-07-16 16:45,0.11
2026-07-16 17:00,0.11
2026-07-16 17:15,0.11
2026-07-16 17:30,0.03
2026-07-16 18:15,0.04
2026-07-16 18:30,0.04
2026-07-16 18:45,0.04
2026-07-16 19:15,0.04
2026-07-16 19:51,0.02
2026-07-16 20:00,0.04
2026-07-16 20:15,0.03
2026-07-16 20:30,0
2026-07-16 20:45,0
2026-07-16 21:15,0.04
2026-07-16 21:30,0.04
2026-07-16 21:45,0
2026-07-16 22:00,0
2026-07-16 22:38,0.03
2026-07-16 23:00,0.03
2026-07-17 00:00,0.03
2026-07-17 00:15,0.04
2026-07-17 00:30,0
2026-07-17 00:45,0.04
2026-07-17 01:00,0.03
2026-07-17 01:15,0
2026-07-17 02:02,0.04
2026-07-17 02:45,0.02
2026-07-17 03:00,0
2026-07-17 03:15,0
2026-07-17 03:30,0
2026-07-17 03:45,0
2026-07-17 04:00,0
2026-07-17 04:15,0
2026-07-17 04:30,0
2026-07-17 04:45,0.04
2026-07-17 05:00,0.03
2026-07-17 05:15,0
2026-07-17 06:35,0
2026-07-17 06:45,0
2026-07-17 07:00,0.03
2026-07-17 07:15,0
2026-07-17 07:30,0
2026-07-17 08:00,0
2026-07-17 08:15,0.04
2026-07-17 08:52,0.02
2026-07-17 09:00,0
2026-07-17 09:15,0.02
2026-07-17 09:50,0
2026-07-17 10:00,0.04
2026-07-17 10:15,0
2026-07-17 10:30,0
2026-07-17 10:45,0
2026-07-17 11:00,0
2026-07-17 11:15,0
2026-07-17 11:30,0
2026-07-17 11:45,0
2026-07-17 12:00,0
2026-07-17 12:15,0
2026-07-17 12:30,0.04
2026-07-17 12:45,0.03
2026-07-17 13:00,0
2026-07-17 13:15,0
2026-07-17 14:02,0.02
2026-07-17 14:15,0
2026-07-17 14:30,0.04
2026-07-17 14:45,0
2026-07-17 15:00,0
2026-07-17 15:15,0.04
2026-07-17 15:30,0.04
2026-07-17 16:00,0.03
2026-07-17 16:15,0
2026-07-17 16:30,0
2026-07-17 17:06,0
2026-07-17 17:15,0
2026-07-17 17:30,0.04
2026-07-17 17:45,0.04
2026-07-17 18:00,0
2026-07-17 18:15,0.04
2026-07-17 18:30,0.02
2026-07-17 18:45,0.04
2026-07-17 19:00,0.02
2026-07-17 19:15,0.04
2026-07-17 19:30,0.04
2026-07-17 19:45,0.04
2026-07-17 20:00,0.03
2026-07-17 20:15,0.02
2026-07-17 20:30,0
2026-07-17 20:45,0
2026-07-17 21:00,0.04
2026-07-17 21:15,0.03
2026-07-17 21:30,0.02
2026-07-17 21:45,0.03
2026-07-17 22:00,0
2026-07-17 22:15,0
2026-07-17 22:30,0
2026-07-17 22:45,0
2026-07-17 23:20,0
2026-07-17 23:47,0.04
2026-07-18 00:21,0.03
2026-07-18 00:30,0
2026-07-18 00:45,0.03
2026-07-18 01:00,0
2026-07-18 01:15,0
2026-07-18 01:30,0
2026-07-18 01:45,0
2026-07-18 02:00,0.03
2026-07-18 02:15,0
2026-07-18 02:30,0
2026-07-18 02:45,0.02
2026-07-18 03:00,0
2026-07-18 03:15,0.04
2026-07-18 03:45,0
2026-07-18 04:00,0
2026-07-18 04:15,0.03
2026-07-18 04:30,0
2026-07-18 04:45,0
2026-07-18 05:00,0
2026-07-18 05:15,0.03
2026-07-18 05:30,0
2026-07-18 06:00,0.02
2026-07-18 06:15,0.03
2026-07-18 07:00,0.03
2026-07-18 07:15,0
2026-07-18 07:30,0
2026-07-18 07:45,0.02
2026-07-18 08:00,0
2026-07-18 08:15,0
2026-07-18 08:30,0
2026-07-18 08:45,0.03
2026-07-18 09:00,0.02
2026-07-18 09:15,0
2026-07-18 09:30,0
2026-07-18 09:45,0.02
2026-07-18 10:00,0.02
2026-07-18 10:15,0
2026-07-18 10:30,0
2026-07-18 10:45,0.03
2026-07-18 11:00,0.05
2026-07-18 11:15,0.05
2026-07-18 11:30,0.04
2026-07-18 11:45,0
2026-07-18 12:00,0.11
2026-07-18 12:45,0.12
2026-07-18 13:00,0.1
2026-07-18 13:15,0
2026-07-18 13:30,0.1
2026-07-18 14:00,0.04
2026-07-18 14:15,0.02
2026-07-18 14:30,0.04
2026-07-18 15:00,0.02
2026-07-18 15:35,0.04
2026-07-18 15:45,0
2026-07-18 16:00,0.04
2026-07-18 16:30,0
2026-07-18 16:45,0
2026-07-18 17:00,0.04
2026-07-18 17:15,0.02
2026-07-18 17:30,0.04
2026-07-18 17:45,0.04
2026-07-18 18:00,0.03
2026-07-18 18:15,0.03
2026-07-18 18:30,0
2026-07-18 18:45,0
2026-07-18 19:00,0
2026-07-18 19:15,0
2026-07-18 19:30,0.04
2026-07-18 19:45,0
2026-07-18 20:00,0
2026-07-18 20:15,0.04
2026-07-18 20:30,0.04
2026-07-18 20:45,0.04
2026-07-18 21:00,0.04
2026-07-18 21:15,0.04
2026-07-18 21:30,0.04
2026-07-18 21:45,0.04
2026-07-18 22:00,0.04
2026-07-18 22:15,0.04
2026-07-18 22:30,0.04
2026-07-18 22:45,0.02
2026-07-18 23:00,0.04
2026-07-18 23:15,0.03
2026-07-18 23:30,0.02
2026-07-18 23:45,0.04
2026-07-19 00:00,0.04
2026-07-19 00:15,0.04
2026-07-19 00:30,0.04
2026-07-19 00:45,0.04
2026-07-19 01:00,0.04
2026-07-19 01:15,0.04
2026-07-19 01:30,0.04
2026-07-19 01:45,0.04
2026-07-19 02:00,0.04
2026-07-19 02:15,0.04
2026-07-19 02:30,0.04
2026-07-19 02:45,0.04
2026-07-19 03:00,0.02
2026-07-19 03:15,0
2026-07-19 03:30,0
2026-07-19 04:06,0.02
2026-07-19 04:15,0
2026-07-19 04:30,0
2026-07-19 04:45,0.03
2026-07-19 05:00,0.03
2026-07-19 05:15,0.02
2026-07-19 05:30,0
2026-07-19 05:45,0.03
2026-07-19 06:00,0
2026-07-19 06:15,0.04
2026-07-19 06:30,0.04
2026-07-19 06:45,0.03
2026-07-19 07:00,0.03
2026-07-19 07:15,0.03
2026-07-19 07:30,0
2026-07-19 07:45,0
2026-07-19 08:00,0
2026-07-19 08:15,0
2026-07-19 08:30,0
2026-07-19 08:45,0
2026-07-19 09:00,0
2026-07-19 09:15,0
2026-07-19 09:30,0
2026-07-19 09:45,0
2026-07-19 10:00,0.03
2026-07-19 10:15,0
2026-07-19 10:30,0
2026-07-19 10:45,0.03
2026-07-19 11:00,0.04
2026-07-19 11:15,0.03
2026-07-19 11:30,0.02
2026-07-19 11:45,0.03
2026-07-19 13:21,0
2026-07-19 13:30,0
2026-07-19 13:45,0.03
2026-07-19 14:00,0
2026-07-19 14:30,0
2026-07-19 15:11,0
2026-07-19 15:30,0
2026-07-19 15:45,0
2026-07-19 16:00,0
2026-07-19 16:15,0.02
2026-07-19 16:30,0.03
2026-07-19 16:45,0
2026-07-19 17:00,0
2026-07-19 18:49,0
2026-07-19 19:00,0
2026-07-19 19:15,0
2026-07-19 19:30,0
2026-07-19 20:09,0
2026-07-19 20:39,0.02
2026-07-19 20:45,0
2026-07-19 21:35,0.03
2026-07-19 21:45,0.03
2026-07-19 22:00,0
2026-07-19 22:15,0
2026-07-19 22:30,0
2026-07-19 22:45,0.02
2026-07-19 23:15,0
2026-07-19 23:30,0.03
2026-07-19 23:45,0
2026-07-20 00:00,0.02
2026-07-20 00:15,0.02
2026-07-20 00:30,0.02
2026-07-20 01:00,0
2026-07-20 01:15,0
2026-07-20 01:30,0
2026-07-20 01:45,0
2026-07-20 02:00,0
2026-07-20 02:15,0
2026-07-20 02:30,0
2026-07-20 02:45,0
2026-07-20 03:31,0.03
2026-07-20 03:45,0
2026-07-20 04:23,0
2026-07-20 04:30,0
2026-07-20 05:00,0
2026-07-20 06:00,0
2026-07-20 06:15,0.04
2026-07-20 06:30,0
2026-07-20 06:45,0
2026-07-20 07:00,0
2026-07-20 07:15,0.72
2026-07-20 07:30,0.72
2026-07-20 08:07,0.8
2026-07-20 08:15,0.93
2026-07-20 08:30,0.93
2026-07-20 08:45,0.97
2026-07-20 09:00,0.99
2026-07-20 09:30,1
2026-07-20 09:45,0.96
2026-07-20 10:00,0.97
2026-07-20 10:30,0.98
2026-07-20 11:00,0.97
2026-07-20 11:15,0.98
2026-07-20 11:30,0.95
2026-07-20 11:45,0.96
2026-07-20 12:15,0.92
2026-07-20 12:30,0.89
2026-07-20 13:00,0.97
2026-07-20 13:15,0.74
2026-07-20 13:30,0.56
2026-07-20 13:45,0.39
2026-07-20 14:15,0.18
2026-07-20 14:30,0.11
2026-07-20 14:45,0.07
2026-07-20 15:00,0.06
2026-07-20 15:15,0.06
2026-07-20 15:30,0.05
2026-07-20 16:09,0.05
2026-07-20 16:15,0.05
2026-07-20 16:30,0.05
2026-07-20 16:45,0.06
2026-07-20 17:00,0.05
2026-07-20 17:15,0.05
2026-07-20 17:30,0.06
2026-07-20 17:45,0.06
2026-07-20 18:00,0.06
2026-07-20 18:15,0.05
2026-07-20 18:30,0.06
2026-07-20 18:45,0.06
2026-07-20 19:00,0.05
2026-07-20 19:15,0.06
2026-07-20 19:30,0.06
2026-07-20 19:45,0.06
2026-07-20 20:00,0.05
2026-07-20 20:15,0.05
2026-07-20 20:45,0.06
2026-07-20 21:00,0.05
2026-07-20 21:15,0.06
2026-07-20 21:30,0.06
2026-07-20 21:45,0.06
2026-07-20 22:15,0.05
2026-07-20 22:30,0.06
2026-07-20 22:45,0.05
2026-07-20 23:00,0.05
2026-07-20 23:30,0.06
2026-07-21 00:21,0.06
2026-07-21 00:30,0.05
2026-07-21 00:45,0.05
2026-07-21 01:15,0.05
2026-07-21 01:30,0.05
2026-07-21 01:45,0.05
2026-07-21 02:00,0.05
2026-07-21 02:54,0.05
2026-07-21 03:00,0.05
2026-07-21 03:15,0.05
2026-07-21 03:30,0.05
2026-07-21 03:45,0.05
2026-07-21 04:00,0.05
2026-07-21 04:15,0.06
2026-07-21 04:30,0.05
2026-07-21 05:12,0.05
2026-07-21 05:30,0.06
2026-07-21 05:45,0.05
2026-07-21 06:39,0.05
2026-07-21 07:12,0.05
2026-07-21 07:15,0.05
2026-07-21 07:45,0.05
2026-07-21 08:24,0.06
2026-07-21 08:30,0.06
2026-07-21 08:45,0.06
2026-07-21 09:00,0.06
2026-07-21 09:15,0.05
2026-07-21 09:58,0.07
2026-07-21 10:29,0.06
2026-07-21 10:30,0.05
2026-07-21 10:45,0.05
2026-07-21 11:00,0.05
2026-07-21 11:30,0.06
2026-07-21 11:45,0.05
2026-07-21 12:00,0.1
2026-07-21 12:15,0.15
2026-07-21 12:30,0.16
2026-07-21 12:45,0.18
2026-07-21 13:00,0.18
2026-07-21 13:30,0.16
2026-07-21 13:45,0.13
2026-07-21 14:00,0.1
2026-07-21 14:15,0.08
2026-07-21 14:30,0.07
2026-07-21 14:45,0.07
2026-07-21 15:00,0
2026-07-21 15:15,0.1
2026-07-21 16:28,0.1
2026-07-21 16:30,0.07
2026-07-21 16:45,0.07
2026-07-21 17:15,0.09
2026-07-21 17:30,0.07
2026-07-21 17:45,0.07
2026-07-21 18:00,0.07
2026-07-21 18:15,0.07
2026-07-21 18:30,0.06
2026-07-21 18:45,0.06
2026-07-21 19:00,0.05
2026-07-21 19:15,0.07
2026-07-21 19:30,0.06
2026-07-21 19:45,0.06
2026-07-21 20:00,0.06
2026-07-21 20:15,0.05
2026-07-21 20:30,0.05
2026-07-21 21:00,0.06
2026-07-21 21:15,0.06
2026-07-21 21:30,0.07
2026-07-21 21:45,0.07
2026-07-21 22:00,0.06
2026-07-21 22:15,0.06
2026-07-21 22:30,0.06
2026-07-21 22:45,0.06
2026-07-21 23:15,0.06
2026-07-21 23:45,0.06
2026-07-22 00:00,0.06
2026-07-22 00:30,0.06
2026-07-22 00:45,0.06
2026-07-22 01:00,0.06
2026-07-22 01:15,0.06
2026-07-22 01:30,0.05
2026-07-22 01:45,0.05
2026-07-22 02:15,0
2026-07-22 02:30,0.05
2026-07-22 02:45,0.06
2026-07-22 03:15,0.05
2026-07-22 03:30,0
2026-07-22 04:00,0.06
2026-07-22 04:15,0.05
2026-07-22 04:30,0
2026-07-22 05:00,0.05
2026-07-22 05:15,0.03
2026-07-22 05:45,0
2026-07-22 06:00,0.05
2026-07-22 06:15,0.06
2026-07-22 06:30,0.05
2026-07-22 06:45,0.05
2026-07-22 07:00,0.03
2026-07-22 07:15,0
2026-07-22 07:30,0
2026-07-22 07:45,0.05
2026-07-22 08:00,0.06
2026-07-22 08:15,0.05
2026-07-22 08:30,0.06
2026-07-22 08:45,0.07
2026-07-22 09:00,0.03
2026-07-22 09:15,0.03
2026-07-22 09:30,0.03
2026-07-22 10:00,0.05
2026-07-22 10:15,0.04
2026-07-22 10:30,0.02
2026-07-22 10:45,0.06
2026-07-22 11:00,0
2026-07-22 11:15,0
2026-07-22 11:45,0
2026-07-22 12:00,0.06
2026-07-22 12:15,0
2026-07-22 12:30,0
2026-07-22 12:45,0.04
2026-07-22 13:00,0
2026-07-22 13:30,0
2026-07-22 13:45,0
2026-07-22 14:00,0.09
2026-07-22 14:30,0.13
2026-07-22 14:45,0.11
2026-07-22 15:00,0.11
2026-07-22 15:30,0.11
2026-07-22 15:45,0.1
2026-07-22 16:17,0.07
2026-07-22 16:45,0
2026-07-22 17:00,0.05
2026-07-22 17:15,0.06
2026-07-22 17:30,0.06
2026-07-22 17:45,0
2026-07-22 18:00,0.04
2026-07-22 18:15,0.02
2026-07-22 18:30,0.05
2026-07-22 18:45,0.05
2026-07-22 19:15,0.05
2026-07-22 19:30,0
2026-07-22 19:45,0.06
2026-07-22 20:15,0.05
2026-07-22 20:30,0.06
2026-07-22 20:45,0.05
2026-07-22 21:00,0.07
2026-07-22 21:15,0
2026-07-22 21:30,0
2026-07-22 22:00,0.02
2026-07-22 22:15,0
2026-07-22 22:30,0
2026-07-22 22:45,0.04
2026-07-22 23:00,0
2026-07-22 23:15,0
2026-07-22 23:30,0.04
2026-07-22 23:45,0.05
2026-07-23 00:00,0
2026-07-23 00:15,0.04
2026-07-23 00:30,0
2026-07-23 00:45,0
2026-07-23 01:00,0
2026-07-23 01:15,0
2026-07-23 01:30,0
2026-07-23 02:04,0
2026-07-23 02:49,0
2026-07-23 03:19,0.04
2026-07-23 04:00,0.04
2026-07-23 04:34,0
2026-07-23 05:38,0
2026-07-23 05:45,0.02
2026-07-23 06:00,0.05
2026-07-23 06:45,0.05
2026-07-23 07:00,0
2026-07-23 07:15,0
2026-07-23 07:48,0
2026-07-23 08:15,0.02
2026-07-23 08:30,0
2026-07-23 08:45,0
2026-07-23 09:30,0.03
2026-07-23 09:45,0.04
2026-07-23 10:00,0
2026-07-23 10:15,0.02
2026-07-23 10:45,0.04
2026-07-23 11:00,0
2026-07-23 11:15,0
2026-07-23 11:45,0.04
2026-07-23 12:00,0
2026-07-23 12:15,0.05
2026-07-23 12:30,0
2026-07-23 13:00,0
2026-07-23 13:15,0
2026-07-23 13:30,0
2026-07-23 13:45,0
2026-07-23 14:41,0
2026-07-23 16:00,0.09
2026-07-23 16:15,0.08
2026-07-23 17:00,0.04
2026-07-23 17:15,0
2026-07-23 17:30,0.06
2026-07-23 18:00,0.06
2026-07-23 18:15,0.07
2026-07-23 18:30,0.07
2026-07-23 18:45,0.07
2026-07-23 19:00,0.07
2026-07-23 19:15,0.06
2026-07-23 19:45,0.05
2026-07-23 20:00,0.05
2026-07-23 20:15,0.05
2026-07-23 20:30,0.03
2026-07-23 20:45,0.05
2026-07-23 21:00,0.04
2026-07-23 21:15,0
2026-07-23 21:30,0.04
2026-07-23 21:45,0.05
2026-07-23 22:00,0
2026-07-23 22:15,0.05
2026-07-23 22:30,0.05
2026-07-23 22:45,0.03
2026-07-23 23:00,0.02
2026-07-23 23:15,0.04
2026-07-24 00:04,0
2026-07-24 00:15,0
2026-07-24 00:30,0.04
2026-07-24 00:45,0.03
2026-07-24 01:00,0
2026-07-24 01:15,0.02
2026-07-24 01:30,0
2026-07-24 02:05,0.04
2026-07-24 02:15,0
2026-07-24 02:30,0
2026-07-24 02:45,0
2026-07-24 03:00,0
2026-07-24 03:15,0
2026-07-24 03:30,0
2026-07-24 03:45,0
2026-07-24 04:00,0.03
2026-07-24 04:15,0.04
2026-07-24 04:30,0.02
2026-07-24 04:45,0.04
2026-07-24 05:15,0.03
2026-07-24 05:30,0.04
2026-07-24 05:45,0.02
2026-07-24 06:21,0.02
2026-07-24 06:30,0
2026-07-24 06:45,0.03
2026-07-24 07:00,0
2026-07-24 07:36,0
2026-07-24 07:45,0
2026-07-24 08:00,0
2026-07-24 08:15,0
2026-07-24 08:30,0.03
2026-07-24 08:45,0
2026-07-24 09:00,0
2026-07-24 09:15,0
2026-07-24 09:45,0
2026-07-24 10:20,0
2026-07-24 10:30,0
2026-07-24 11:07,0.02
2026-07-24 11:15,0.02
2026-07-24 11:30,0.02
2026-07-24 11:45,0
2026-07-24 12:00,0.02
2026-07-24 12:15,0
2026-07-24 12:30,0
2026-07-24 12:45,0
2026-07-24 13:22,0.02
2026-07-24 13:45,0.02
2026-07-24 14:00,0
2026-07-24 14:30,0
2026-07-24 14:45,0.03
2026-07-24 15:00,0
2026-07-24 15:15,0
2026-07-24 15:30,0
2026-07-24 15:45,0
2026-07-24 16:00,0.05
2026-07-24 16:15,0.02
2026-07-24 16:30,0
2026-07-24 16:45,0
2026-07-24 17:00,0
2026-07-24 17:36,0
2026-07-24 18:05,0.03
2026-07-24 18:15,0
2026-07-24 18:30,0.04
2026-07-24 18:45,0
2026-07-24 19:00,0
2026-07-24 19:15,0
2026-07-24 19:30,0.02
2026-07-24 19:45,0
2026-07-24 20:00,0.05
2026-07-24 20:15,0
2026-07-24 20:30,0
2026-07-24 20:45,0.04
2026-07-24 21:00,0.04
2026-07-24 21:15,0
2026-07-24 21:30,0
2026-07-24 21:45,0
2026-07-24 22:00,0
2026-07-24 22:15,0.03
2026-07-24 22:30,0
2026-07-24 22:45,0.03
2026-07-24 23:00,0
2026-07-24 23:15,0.04
2026-07-24 23:30,0
2026-07-24 23:45,0.02
2026-07-25 00:00,0
2026-07-25 00:30,0
2026-07-25 00:45,0
2026-07-25 01:00,0
2026-07-25 01:15,0
2026-07-25 01:45,0.03
2026-07-25 02:00,0
2026-07-25 02:34,0
2026-07-25 02:45,0
2026-07-25 03:00,0
2026-07-25 03:15,0
2026-07-25 03:45,0
2026-07-25 04:00,0.02
2026-07-25 04:45,0
2026-07-25 05:00,0
2026-07-25 05:15,0
2026-07-25 05:30,0
2026-07-25 06:05,0
2026-07-25 06:15,0
2026-07-25 06:30,0
2026-07-25 06:45,0.03
2026-07-25 07:00,0
2026-07-25 07:15,0.02
2026-07-25 07:30,0
2026-07-25 08:05,0
2026-07-25 08:30,0
2026-07-25 08:45,0
2026-07-25 09:22,0
2026-07-25 09:30,0.02
2026-07-25 09:45,0
2026-07-25 10:00,0
2026-07-25 10:15,0
2026-07-25 10:30,0
2026-07-25 10:45,0
2026-07-25 11:00,0.02
2026-07-25 11:15,0
2026-07-25 11:30,0
2026-07-25 11:45,0.02
2026-07-25 12:00,0
2026-07-25 12:15,0
2026-07-25 13:00,0.04
2026-07-25 13:15,0
2026-07-25 13:30,0.02
2026-07-25 13:45,0
2026-07-25 14:00,0.02
2026-07-25 14:15,0.02
2026-07-25 14:30,0
2026-07-25 14:45,0.02
2026-07-25 15:00,0.02
2026-07-25 15:30,0.03
2026-07-25 15:45,0.04
2026-07-25 16:00,0.02
2026-07-25 16:15,0
2026-07-25 16:30,0.02
2026-07-25 16:45,0
2026-07-25 17:00,0.03
2026-07-25 17:15,0
2026-07-25 17:30,0.03
2026-07-25 17:45,0.02
2026-07-25 18:15,0
2026-07-25 18:30,0
2026-07-25 18:45,0
2026-07-25 19:15,0.02
2026-07-25 19:30,0.05
2026-07-25 19:45,0.03
2026-07-25 20:00,0
2026-07-25 20:15,0.04
2026-07-25 20:30,0.04
2026-07-25 20:45,0
2026-07-25 21:00,0.02
2026-07-25 21:15,0.04
2026-07-25 21:30,0.04
2026-07-25 21:45,0.04
2026-07-25 22:00,0.02
2026-07-25 22:15,0.04
2026-07-25 22:30,0.03
2026-07-25 22:45,0.04
2026-07-25 23:00,0.04
2026-07-25 23:38,0.03
2026-07-25 23:45,0.04
2026-07-26 00:00,0
2026-07-26 00:15,0
2026-07-26 00:30,0
2026-07-26 00:45,0.04
2026-07-26 01:00,0.03
2026-07-26 01:15,0.02
2026-07-26 01:30,0.02
2026-07-26 01:45,0
2026-07-26 02:00,0
2026-07-26 02:15,0.02
2026-07-26 02:30,0
2026-07-26 03:24,0
2026-07-26 03:30,0.02
2026-07-26 03:45,0
2026-07-26 04:00,0
2026-07-26 04:15,0
2026-07-26 04:53,0.03
2026-07-26 05:00,0
2026-07-26 05:15,0.02
2026-07-26 05:30,0
2026-07-26 05:45,0.03
2026-07-26 06:00,0.02
2026-07-26 06:15,0.02
2026-07-26 06:30,0.02
2026-07-26 06:45,0.03
2026-07-26 07:00,0.02
2026-07-26 07:15,0
2026-07-26 07:30,0
2026-07-26 07:45,0
2026-07-26 08:00,0
2026-07-26 08:45,0
2026-07-26 09:00,0
2026-07-26 09:15,0
2026-07-26 09:30,0
2026-07-26 09:45,0
2026-07-26 10:00,0
2026-07-26 10:15,0.02
2026-07-26 10:30,0
2026-07-26 11:08,0
2026-07-26 11:15,0
2026-07-26 11:30,0
2026-07-26 11:45,0
2026-07-26 12:00,0
2026-07-26 12:15,0
2026-07-26 12:30,0
2026-07-26 12:45,0
2026-07-26 13:00,0
2026-07-26 13:15,0
2026-07-26 13:45,0
2026-07-26 14:23,0.04
2026-07-26 14:39,0
2026-07-26 15:00,0
2026-07-26 15:15,0.02
2026-07-26 15:45,0.03
2026-07-26 16:32,0.09
2026-07-26 16:45,0
2026-07-26 17:25,0.04
2026-07-26 17:30,0.03
2026-07-26 17:45,0.03
2026-07-26 18:00,0.08
2026-07-26 18:15,0
2026-07-26 18:30,0
2026-07-26 19:00,0.07
2026-07-26 19:15,0.07
2026-07-26 19:30,0.03
2026-07-26 19:45,0.03
2026-07-26 20:15,0.03
2026-07-26 20:30,0.03
2026-07-26 20:45,0.03
2026-07-26 21:00,0.04
2026-07-26 21:15,0.04
2026-07-26 21:30,0.04
2026-07-26 21:45,0.04
2026-07-26 22:00,0.04
2026-07-26 22:15,0.04
2026-07-26 22:30,0.03
2026-07-26 22:45,0.04
2026-07-26 23:15,0.04
2026-07-26 23:30,0
2026-07-26 23:45,0.03
2026-07-27 00:00,0.03
2026-07-27 00:15,0.02
2026-07-27 00:30,0
2026-07-27 00:45,0
2026-07-27 01:00,0.04
2026-07-27 01:15,0.04
2026-07-27 01:30,0.03
2026-07-27 01:45,0.03
2026-07-27 02:00,0.03
2026-07-27 02:38,0
2026-07-27 02:45,0.03
2026-07-27 03:00,0
2026-07-27 03:45,0
2026-07-27 04:00,0.02
2026-07-27 04:15,0.03
2026-07-27 04:30,0.02
2026-07-27 04:45,0.02
2026-07-27 05:00,0.02
2026-07-27 05:15,0.03
2026-07-27 05:30,0.03
2026-07-27 05:45,0.02
2026-07-27 06:00,0
2026-07-27 06:15,0
2026-07-27 06:30,0.04
2026-07-27 06:45,0.03
2026-07-27 07:36,0.03
2026-07-27 07:55,0
2026-07-27 08:15,0.02
2026-07-27 08:30,0
2026-07-27 08:45,0
2026-07-27 09:00,0
2026-07-27 09:15,0
2026-07-27 09:30,0
2026-07-27 09:45,0.02
2026-07-27 10:00,0
2026-07-27 10:15,0.1
2026-07-27 10:30,0.11
2026-07-27 10:45,0.11
2026-07-27 11:00,0.11
2026-07-27 11:15,0.11
2026-07-27 12:07,0.09
2026-07-27 12:15,0.08
2026-07-27 12:30,0.08
2026-07-27 13:00,0.07
2026-07-27 13:15,0.06
2026-07-27 13:45,0.06
2026-07-27 14:00,0.05
2026-07-27 14:39,0.05
2026-07-27 15:00,0.04
2026-07-27 15:38,0.04
2026-07-27 15:45,0.04
2026-07-27 16:00,0.04
2026-07-27 16:15,0.04
2026-07-27 16:30,0.04
2026-07-27 16:45,0.04
2026-07-27 17:15,0.04
2026-07-27 17:30,0.04
2026-07-27 17:45,0.04
2026-07-27 18:15,0.04
2026-07-27 18:30,0.04
2026-07-27 18:45,0.03
2026-07-27 19:00,0.04
2026-07-27 19:15,0.03
2026-07-27 19:30,0.03
2026-07-27 19:45,0.04
2026-07-27 20:00,0.03
2026-07-27 20:15,0.04
2026-07-27 20:30,0.04
2026-07-27 20:45,0.04
2026-07-27 21:00,0.04
2026-07-27 21:15,0.04
2026-07-27 21:30,0.03
2026-07-27 21:45,0.04
2026-07-27 22:00,0.04
2026-07-27 22:15,0.04
2026-07-27 22:30,0.04
2026-07-27 22:45,0.04
2026-07-27 23:00,0.04
2026-07-27 23:15,0.04
2026-07-27 23:30,0.03
2026-07-27 23:45,0.04
2026-07-28 00:00,0.04
2026-07-28 00:15,0.03
2026-07-28 00:30,0.03
2026-07-28 00:45,0.04
2026-07-28 01:00,0.04
2026-07-28 01:15,0.04
2026-07-28 01:30,0.04
2026-07-28 01:45,0.03
2026-07-28 02:00,0.03
2026-07-28 02:30,0.04
2026-07-28 02:45,0.03
2026-07-28 03:00,0.04
2026-07-28 03:15,0.04
2026-07-28 03:30,0.03
2026-07-28 03:45,0.04
2026-07-28 04:00,0.03
2026-07-28 04:15,0.04
2026-07-28 04:30,0.03
2026-07-28 04:45,0.03
2026-07-28 05:00,0.03
2026-07-28 05:15,0.04
2026-07-28 05:30,0.03
2026-07-28 05:45,0.04
2026-07-28 06:00,0.03
2026-07-28 06:15,0.03
2026-07-28 06:30,0.03
2026-07-28 06:45,0.03
2026-07-28 07:00,0.04
2026-07-28 07:15,0.04
2026-07-28 07:30,0.04
2026-07-28 07:45,0.03
2026-07-28 08:00,0.07
2026-07-28 08:15,0.11
2026-07-28 08:30,0.15
2026-07-28 08:45,0.15
2026-07-28 09:00,0.14
2026-07-28 09:15,0.14
2026-07-28 09:30,0.13
2026-07-28 09:45,0.14
2026-07-28 10:15,0.13
2026-07-28 10:30,0.13
2026-07-28 11:24,0.11
2026-07-28 11:30,0.12
2026-07-28 12:15,0.11
2026-07-28 12:30,0.12
2026-07-28 12:45,0.11
2026-07-28 13:00,0.12
2026-07-28 13:30,0.11
2026-07-28 13:45,0.12
2026-07-28 14:00,0.11
2026-07-28 14:15,0.11
2026-07-28 14:30,0.11
2026-07-28 14:45,0.11
2026-07-28 15:00,0.12
2026-07-28 16:30,0.16
2026-07-28 16:45,0.24
2026-07-29 08:30,0.04
2026-07-29 08:45,0.04
2026-07-29 09:00,0.03
2026-07-29 09:15,0.04
2026-07-29 09:45,0.04
2026-07-29 09:51,0.04
2026-07-29 10:00,0.03
2026-07-29 10:15,0.03
2026-07-29 10:30,0.04
2026-07-29 10:45,0.03
2026-07-29 11:00,0.04
2026-07-29 11:15,0.03
2026-07-29 11:30,0.03
2026-07-29 11:45,0.03
2026-07-29 12:00,0.04
2026-07-29 12:15,0.03
2026-07-29 12:50,0.03
2026-07-29 13:00,0.04
2026-07-29 13:30,0.04
2026-07-29 13:37,0.04
2026-07-29 13:45,0.04
2026-07-29 14:00,0.04
2026-07-29 14:15,0.04
2026-07-29 14:30,0.03
2026-07-29 15:30,0.04
2026-07-29 15:45,0.03
2026-07-29 16:00,0
2026-07-29 16:37,0
2026-07-29 16:45,0
2026-07-29 17:00,0.03
2026-07-29 17:15,0.03
2026-07-29 17:30,0.04
2026-07-29 17:45,0.04
2026-07-29 18:00,0.04
2026-07-29 18:15,0.04
2026-07-29 18:30,0.04
2026-07-29 18:45,0.04
2026-07-29 19:00,0.04
2026-07-29 19:45,0.03
2026-07-29 20:00,0.03
2026-07-29 20:34,0.03
2026-07-29 20:45,0.04
2026-07-29 21:15,0.03
2026-07-29 21:30,0.03
2026-07-29 21:45,0.03
2026-07-29 22:00,0.03
2026-07-29 22:15,0.04
2026-07-29 22:30,0.03
2026-07-29 22:45,0.03
2026-07-29 23:00,0.03
2026-07-29 23:15,0.03
2026-07-29 23:30,0.04
2026-07-29 23:45,0.03
2026-07-30 00:00,0.04
2026-07-30 00:15,0.03
2026-07-30 00:30,0.03
2026-07-30 00:45,0.03
2026-07-30 01:00,0.03
2026-07-30 01:15,0.03
2026-07-30 01:30,0.04
2026-07-30 01:45,0.04
2026-07-30 02:15,0.03
2026-07-30 02:30,0.04
2026-07-30 02:45,0.03
2026-07-30 03:19,0.03
2026-07-30 03:45,0.04
2026-07-30 04:00,0.04
2026-07-30 04:33,0.03
2026-07-30 04:45,0.03
2026-07-30 05:18,0.03
2026-07-30 05:30,0.03
2026-07-30 05:45,0.03
2026-07-30 06:30,0.03
2026-07-30 06:45,0.03
2026-07-30 07:00,0.03
2026-07-30 07:15,0.03
2026-07-30 07:30,0.04
2026-07-30 07:45,0.04
2026-07-30 08:00,0.03
2026-07-30 08:15,0.03
2026-07-30 08:30,0.03
2026-07-30 08:45,0.03
2026-07-30 09:00,0.03
2026-07-30 09:15,0.03
2026-07-30 09:30,0.03
2026-07-30 09:45,0.03
2026-07-30 10:00,0.03
2026-07-30 10:15,0.03
2026-07-30 10:30,0.03
2026-07-30 11:07,0.03
2026-07-30 11:15,0.03
2026-07-30 11:30,0.03
2026-07-30 11:45,0.03
2026-07-30 12:00,0.03
2026-07-30 12:15,0.03
2026-07-30 12:30,0.03
2026-07-30 12:45,0.03
2026-07-30 13:00,0.03
2026-07-30 13:15,0.03
2026-07-30 13:30,0.03
2026-07-30 13:45,0.03
2026-07-30 14:00,0.03
2026-07-30 14:15,0.03
2026-07-30 14:30,0.03
2026-07-30 14:45,0.03
2026-07-30 15:21,0.03
2026-07-30 15:48,0.03
2026-07-30 16:30,0.03
2026-07-30 17:00,0.03
2026-07-30 17:15,0.03
2026-07-30 17:30,0.03
2026-07-30 17:45,0.03
2026-07-30 18:15,0.03
2026-07-30 18:30,0.03
2026-07-30 18:45,0.03
2026-07-30 19:00,0.03
2026-07-30 19:15,0.03
2026-07-30 19:30,0.03
2026-07-30 19:45,0.03
2026-07-30 20:00,0.03
2026-07-30 20:15,0.03
2026-07-30 20:30,0
2026-07-30 20:45,0.07
2026-07-30 21:00,0.03
2026-07-30 21:15,0.03
2026-07-30 21:30,0.03
2026-07-30 21:45,0.03
2026-07-30 22:20,0
2026-07-30 22:30,0
2026-07-30 22:45,0
2026-07-30 23:00,0
2026-07-30 23:15,0
2026-07-30 23:30,0
2026-07-30 23:45,0
2026-07-31 00:00,0
2026-07-31 00:15,0
2026-07-31 00:30,0
2026-07-31 00:45,0
2026-07-31 01:00,0
2026-07-31 01:30,0
2026-07-31 01:45,0
2026-07-31 02:00,0
2026-07-31 02:15,0
2026-07-31 02:30,0
2026-07-31 02:45,0
2026-07-31 03:00,0
2026-07-31 03:15,0
2026-07-31 03:30,0
2026-07-31 03:45,0
2026-07-31 04:00,0
2026-07-31 04:15,0
2026-07-31 04:30,0
2026-07-31 04:45,0
2026-07-31 05:00,0
2026-07-31 05:15,0
2026-07-31 05:30,0
2026-07-31 05:45,0
2026-07-31 06:00,0
2026-07-31 06:15,0
2026-07-31 06:30,0
2026-07-31 06:45,0
2026-07-31 07:00,0
2026-07-31 07:15,0
2026-07-31 07:30,0
2026-07-31 07:45,0
2026-07-31 08:00,0
2026-07-31 08:15,0
2026-07-31 08:30,0
2026-07-31 09:04,0
2026-07-31 09:35,0
2026-07-31 09:45,0
2026-07-31 10:00,0
2026-07-31 10:15,0
2026-07-31 10:30,0
2026-07-31 10:45,0
2026-07-31 11:15,0
2026-07-31 11:30,0
2026-07-31 11:45,0
2026-07-31 12:00,0
2026-07-31 12:15,0
2026-07-31 12:45,0
2026-07-31 13:00,0
2026-07-31 13:15,0
2026-07-31 13:30,0
2026-07-31 13:45,0
2026-07-31 14:00,0
2026-07-31 14:30,0
2026-07-31 14:45,0
2026-07-31 15:00,0
2026-07-31 15:15,0
2026-07-31 15:30,0
2026-07-31 15:45,0
2026-07-31 16:15,0
2026-07-31 16:30,0
2026-07-31 17:09,0
2026-07-31 17:50,0.08
2026-07-31 18:00,0.06
2026-07-31 18:15,0.02
2026-07-31 18:30,0.03
2026-07-31 19:09,0.03
2026-07-31 19:15,0.03
2026-07-31 19:30,0.03
2026-07-31 19:45,0.03
2026-07-31 20:00,0.03
2026-07-31 21:47,0.02
2026-07-31 22:00,0.02
2026-07-31 22:15,0.03
2026-07-31 22:30,0.03
2026-07-31 22:45,0.03
2026-07-31 23:00,0.03
2026-07-31 23:15,0.03
2026-07-31 23:30,0.03
2026-07-31 23:45,0.03
2026-08-01 00:00,0.03
2026-08-01 00:15,0.03
2026-08-01 00:30,0.03
2026-08-01 00:45,0.03
2026-08-01 01:00,0.03
2026-08-01 01:15,0.03
2026-08-01 01:30,0.02
2026-08-01 01:45,0.03
2026-08-01 02:00,0.03
2026-08-01 02:15,0.03
2026-08-01 02:30,0.03
2026-08-01 02:45,0.02
2026-08-01 03:00,0.03
2026-08-01 03:45,0.03
2026-08-01 04:00,0.02
2026-08-01 04:15,0.03
2026-08-01 05:14,0.02
2026-08-01 05:15,0.03
2026-08-01 05:30,0.03
2026-08-01 06:18,0.03
2026-08-01 06:30,0.03
2026-08-01 06:45,0.03
2026-08-01 07:30,0.03
2026-08-01 07:45,0.03
2026-08-01 08:00,0.03
2026-08-01 08:15,0.02
2026-08-01 08:30,0.02
2026-08-01 08:45,0.02
2026-08-01 09:00,0.03
2026-08-01 09:37,0.02
2026-08-01 09:45,0.02
2026-08-01 10:00,0.02
2026-08-01 10:15,0.02
2026-08-01 10:54,0.03
2026-08-01 11:00,0.02
2026-08-01 11:15,0.02
2026-08-01 11:30,0.02
2026-08-01 11:45,0.02
2026-08-01 12:00,0.02
2026-08-01 12:15,0.03
2026-08-01 12:30,0.02
2026-08-01 12:45,0.02
2026-08-01 13:00,0.02
2026-08-01 13:15,0.02
2026-08-01 13:30,0.03
2026-08-01 13:45,0.02
2026-08-01 14:00,0.02
2026-08-01 14:15,0.03
2026-08-01 14:30,0.02
2026-08-01 14:45,0.02
2026-08-01 15:00,0.02
2026-08-01 15:15,0.02
2026-08-01 15:30,0.02
2026-08-01 16:11,0.02
2026-08-01 16:37,0.02
2026-08-01 16:45,0.03
2026-08-01 17:00,0.03
2026-08-01 17:15,0.02
2026-08-01 17:30,0.02
2026-08-01 17:45,0.02
2026-08-01 18:00,0.02
2026-08-01 18:15,0.02
2026-08-01 18:30,0.02
2026-08-01 19:07,0.02
2026-08-01 19:30,0.02
2026-08-01 19:45,0.02
2026-08-01 20:23,0.02
2026-08-01 20:30,0.02
2026-08-01 20:45,0.02
2026-08-01 21:00,0.02
2026-08-01 21:15,0.03
2026-08-01 21:30,0.02
2026-08-01 21:45,0.02
2026-08-01 22:00,0.02
2026-08-01 22:15,0.02
2026-08-01 22:30,0.02
2026-08-01 22:45,0.03
2026-08-01 23:00,0.03
2026-08-01 23:15,0.02
2026-08-01 23:30,0.02
2026-08-01 23:45,0.02
2026-08-02 00:00,0.02
2026-08-02 00:30,0.02
2026-08-02 00:45,0.02
2026-08-02 01:00,0.02
2026-08-02 01:15,0.02
2026-08-02 01:30,0.02
2026-08-02 01:45,0.02
2026-08-02 02:00,0.02
2026-08-02 02:15,0.02
2026-08-02 02:30,0.02
2026-08-02 02:45,0.03
2026-08-02 03:00,0.02
2026-08-02 03:15,0.02
2026-08-02 03:30,0.02
2026-08-02 03:45,0.02
2026-08-02 04:00,0.02
2026-08-02 04:15,0.02
2026-08-02 04:30,0.02
2026-08-02 04:45,0.02
2026-08-02 05:23,0.02
2026-08-02 05:52,0.02
2026-08-02 06:00,0.02
2026-08-02 06:15,0.02
2026-08-02 08:00,0.02
2026-08-02 08:30,0
2026-08-02 08:45,0
2026-08-02 09:00,0
2026-08-02 09:15,0
2026-08-02 09:30,0.05
2026-08-02 10:15,0.02
2026-08-02 10:45,0.02
2026-08-02 11:00,0.02
2026-08-02 11:15,0.02
2026-08-02 11:30,0.02
2026-08-02 12:10,0.02
2026-08-02 12:24,0.02
2026-08-02 12:30,0.02
2026-08-02 12:40,0.02
2026-08-02 12:45,0.02
2026-08-02 13:00,0.02
2026-08-02 13:15,0.02
2026-08-02 13:30,0.02
2026-08-02 13:45,0.02
2026-08-02 14:00,0.02
2026-08-02 14:15,0.02
2026-08-02 14:30,0.02
2026-08-02 14:45,0.02
2026-08-02 15:00,0.02
2026-08-02 15:30,0.02
2026-08-02 15:45,0.02
2026-08-02 16:00,0.02
2026-08-02 16:15,0.1
2026-08-02 16:30,0.08
2026-08-02 16:45,0.02
2026-08-02 17:00,0.02
2026-08-02 17:15,0.02
2026-08-02 17:30,0.02
2026-08-02 17:45,0.02
2026-08-02 18:00,0.02
2026-08-02 18:15,0.02
2026-08-02 18:30,0.02
2026-08-02 18:45,0.02
2026-08-02 19:00,0.02
2026-08-02 19:15,0.02
2026-08-02 19:30,0.02
2026-08-02 19:45,0.02
2026-08-02 20:00,0.02
2026-08-02 20:15,0.02
2026-08-02 20:30,0.02
2026-08-02 20:45,0.02
2026-08-02 21:00,0.02
2026-08-02 21:15,0.02
2026-08-02 21:30,0.02
2026-08-02 22:30,0.02
2026-08-02 22:45,0.02
2026-08-02 23:00,0.02
2026-08-02 23:15,0.02
2026-08-02 23:30,0.02
2026-08-02 23:45,0.02
2026-08-03 00:00,0.02
2026-08-03 00:15,0.02
2026-08-03 00:30,0.02
2026-08-03 00:45,0.02
2026-08-03 01:00,0.02
2026-08-03 01:15,0.02
2026-08-03 01:30,0.02
2026-08-03 01:45,0.02
2026-08-03 02:24,0.02
2026-08-03 02:52,0.02
2026-08-03 03:24,0.02
2026-08-03 03:54,0.02
2026-08-03 04:00,0.02
2026-08-03 04:15,0.02
2026-08-03 04:30,0.02
2026-08-03 04:45,0.02
2026-08-03 05:00,0.02
2026-08-03 05:15,0.02
2026-08-03 05:30,0.02
2026-08-03 05:45,0.02
2026-08-03 06:00,0.02
2026-08-03 06:15,0.02
2026-08-03 06:30,0.02
2026-08-03 06:45,0.02
2026-08-03 07:00,0.02
2026-08-03 07:15,0.02
2026-08-03 07:30,0.02
2026-08-03 07:45,0.02
2026-08-03 08:00,0.02
2026-08-03 08:15,0.02
2026-08-03 08:30,0.02
2026-08-03 08:45,0.02
2026-08-03 09:00,0.02
2026-08-03 09:15,0.02
2026-08-03 09:30,0.02
2026-08-03 09:45,0.02
2026-08-03 10:15,0.02
2026-08-03 10:30,0.02
2026-08-03 10:45,0.02
2026-08-03 11:00,0.02
2026-08-03 11:15,0.02
2026-08-03 11:56,0.02
2026-08-03 12:00,0.02
2026-08-03 12:15,0.02
2026-08-03 12:30,0.02
2026-08-03 12:45,0.02
2026-08-03 13:00,0.02
2026-08-03 13:15,0.02
2026-08-03 13:30,0.02
2026-08-03 13:45,0.02
2026-08-03 14:00,0.02
2026-08-03 14:15,0.02
2026-08-03 14:30,0.02
2026-08-03 14:45,0.02
2026-08-03 15:00,0.02
2026-08-03 15:15,0.02
2026-08-03 15:30,0.02
2026-08-03 15:45,0.02
2026-08-03 16:00,0.02
2026-08-03 16:15,0.02
2026-08-03 16:30,0.02
2026-08-03 16:45,0.02
2026-08-03 17:00,0.02
2026-08-03 17:15,0.02
2026-08-03 17:30,0.02
2026-08-03 17:45,0.02
2026-08-03 18:00,0.02
2026-08-03 18:15,0.02
2026-08-03 18:30,0.02
2026-08-03 18:45,0.02
2026-08-03 19:00,0.02
2026-08-03 19:15,0.78
2026-08-03 19:30,0
2026-08-03 19:45,0.02
2026-08-03 20:00,0.02
2026-08-03 20:39,0.02
2026-08-03 20:45,0.02
2026-08-03 21:00,0.02
2026-08-03 21:15,0.02
2026-08-03 21:30,0.02
2026-08-03 21:45,0.02
2026-08-03 22:00,0.02
2026-08-03 22:15,0.02
2026-08-03 22:30,0.02
2026-08-03 23:08,0.02
2026-08-03 23:15,0.02
2026-08-03 23:30,0.02
2026-08-03 23:45,0.02
2026-08-04 00:00,0.02
2026-08-04 00:15,0.02
2026-08-04 00:30,0.02
2026-08-04 00:45,0.02
2026-08-04 01:00,0.02
2026-08-04 01:15,0.02
2026-08-04 01:30,0.02
2026-08-04 01:45,0.02
2026-08-04 02:00,0.02
2026-08-04 02:15,0.02
2026-08-04 02:30,0.02
2026-08-04 02:45,0.02
2026-08-04 03:00,0.02
2026-08-04 03:15,0.02
2026-08-04 03:30,0.02
2026-08-04 03:45,0.02
2026-08-04 04:00,0.02
2026-08-04 04:15,0.02
2026-08-04 04:30,0.02
2026-08-04 04:45,0.02
2026-08-04 05:00,0.02
2026-08-04 05:15,0.02
2026-08-04 05:30,0.02
2026-08-04 05:45,0.02
2026-08-04 06:00,0.02
2026-08-04 06:15,0.02
2026-08-04 06:30,0.02
2026-08-04 06:45,0.02
2026-08-04 07:00,0.02
2026-08-04 07:15,0.02
2026-08-04 07:30,0.02
2026-08-04 07:45,0.02
2026-08-04 08:00,0.02
2026-08-04 08:15,0.02
2026-08-04 08:30,0.02
2026-08-04 08:45,0.02
2026-08-04 09:00,0.02
2026-08-04 09:15,0.02
2026-08-04 09:30,0.02
2026-08-04 09:45,0.02
2026-08-04 10:00,0.02
2026-08-04 10:15,0.02
2026-08-04 10:30,0.02
2026-08-04 10:45,0.02
2026-08-04 11:00,0.02
2026-08-04 11:15,0.02
2026-08-04 11:30,0.02
2026-08-04 11:45,0.02
2026-08-04 12:24,0.02
2026-08-04 12:30,0.02
2026-08-04 12:45,0.02
2026-08-04 13:00,0.02
2026-08-04 13:15,0.02
2026-08-04 13:30,0.02
2026-08-04 13:45,0.02
2026-08-04 14:00,0.02
2026-08-04 14:15,0.02
2026-08-04 14:30,0.02
2026-08-04 14:45,0.02
2026-08-04 15:00,0.02
2026-08-04 15:15,0.02
2026-08-04 15:45,0.02
2026-08-04 16:00,0.02
2026-08-04 16:30,0.02
2026-08-04 16:45,0.02
2026-08-04 17:00,0.02
2026-08-04 17:15,0.02
2026-08-04 17:30,0.02
2026-08-04 17:45,0.02
2026-08-04 18:00,0.02
2026-08-04 18:15,0.02
2026-08-04 18:45,0.02
2026-08-04 19:00,0.02
2026-08-04 19:15,0.02
2026-08-04 19:45,0.02
2026-08-04 20:00,0.01
2026-08-04 20:15,0.02
2026-08-04 20:30,0.02
2026-08-04 20:45,0
2026-08-04 21:00,0.01
2026-08-04 21:15,0.02
2026-08-04 21:30,0.02
2026-08-04 21:45,0.02
2026-08-04 22:00,0.02
2026-08-04 22:15,0.02
2026-08-04 22:30,0.02
2026-08-04 22:45,0.02
2026-08-04 23:00,0.02
2026-08-04 23:15,0.01
2026-08-04 23:30,0.01
2026-08-04 23:45,0.02
2026-08-05 00:00,0.02
2026-08-05 00:15,0.02
2026-08-05 00:30,0.02
2026-08-05 00:45,0.02
2026-08-05 01:00,0.02
2026-08-05 01:15,0.01
2026-08-05 01:30,0.02
2026-08-05 01:45,0
2026-08-05 02:00,0.02
2026-08-05 02:15,0.02
2026-08-05 02:30,0.01
2026-08-05 02:45,0.02
2026-08-05 03:00,0.02
2026-08-05 03:15,0.02
2026-08-05 03:30,0.02
2026-08-05 03:45,0.02
2026-08-05 04:00,0.02
2026-08-05 04:15,0.02
2026-08-05 04:53,0.01
2026-08-05 05:00,0.01
2026-08-05 05:39,0.02
2026-08-05 05:45,0.02
2026-08-05 06:00,0.02
2026-08-05 06:15,0.01
2026-08-05 07:25,0.02
2026-08-05 07:30,0.02
2026-08-05 07:45,0.02
2026-08-05 08:00,0.02
2026-08-05 08:15,0.02
2026-08-05 08:30,0.02
2026-08-05 08:45,0.02
2026-08-05 09:00,0.02
2026-08-05 09:15,0
2026-08-05 10:15,0.02
2026-08-05 10:30,0.02
2026-08-05 10:45,0.01
2026-08-05 11:00,0.02
2026-08-05 11:15,0.02
2026-08-05 11:30,0.02
2026-08-05 11:45,0.02
2026-08-05 12:00,0.01
2026-08-05 12:15,0.01
2026-08-05 12:30,0.02
2026-08-05 12:45,0.02
2026-08-05 13:00,0.01
2026-08-05 13:15,0.01
2026-08-05 13:30,0.02
2026-08-05 14:37,0.02
2026-08-05 14:45,0.02
2026-08-05 15:00,0.01
2026-08-05 15:15,0.01
2026-08-05 15:30,0.02
2026-08-05 15:45,0.01
2026-08-05 16:00,0.01
2026-08-05 16:15,0
2026-08-05 16:30,0.01
2026-08-05 16:45,0.01
2026-08-05 17:00,0.01
2026-08-05 17:15,0.02
2026-08-05 17:30,0.02
2026-08-05 17:45,0.02
2026-08-05 18:00,0.01
2026-08-05 18:15,0.01
2026-08-05 18:30,0.01
2026-08-05 18:45,0.02
2026-08-05 19:00,0.02
2026-08-05 19:38,0.01
2026-08-05 19:45,0.1
2026-08-05 20:00,0
2026-08-05 20:15,0.03
2026-08-05 20:30,0.01
2026-08-05 20:45,0.01
2026-08-05 21:00,0.02
2026-08-05 21:15,0.02
2026-08-05 21:30,0.02
2026-08-05 21:45,0.02
2026-08-05 22:25,0.01
2026-08-05 22:30,0
2026-08-05 22:41,0.02
2026-08-05 22:45,0.02
2026-08-05 23:00,0.02
2026-08-05 23:15,0.01
2026-08-05 23:30,0.01
2026-08-05 23:45,0.01
2026-08-06 00:00,0.02
2026-08-06 00:15,0.01
2026-08-06 00:30,0.01
2026-08-06 00:45,0.01
2026-08-06 01:00,0.01
2026-08-06 01:39,0.01
2026-08-06 01:45,0.01
2026-08-06 02:00,0.01
2026-08-06 02:15,0.01
2026-08-06 02:30,0
2026-08-06 02:45,0.02
2026-08-06 03:00,0.01
2026-08-06 03:15,0
2026-08-06 03:30,0
2026-08-06 03:45,0
2026-08-06 04:00,0.01
2026-08-06 04:15,0.02
2026-08-06 04:56,0.01
2026-08-06 05:00,0.01
2026-08-06 05:10,0.01
2026-08-06 05:15,0
2026-08-06 05:30,0
2026-08-06 05:45,0.02
2026-08-06 06:00,0.01
2026-08-06 07:03,0
2026-08-06 07:15,0.02
2026-08-06 07:30,0.01
2026-08-06 07:45,0.01
2026-08-06 08:25,0
2026-08-06 08:30,0
2026-08-06 08:45,0.07
2026-08-06 09:00,0.05
2026-08-06 09:54,0.04
2026-08-06 10:00,0
2026-08-06 10:15,0
2026-08-06 10:30,0
2026-08-06 10:45,0
2026-08-06 11:00,0
2026-08-06 11:15,0.05
2026-08-06 11:54,0
2026-08-06 12:00,0.01
2026-08-06 12:15,0
2026-08-06 12:30,0
2026-08-06 12:45,0.01
2026-08-06 13:00,0
2026-08-06 13:15,0
2026-08-06 13:30,0
2026-08-06 13:45,0
2026-08-06 14:00,0
2026-08-06 14:55,0.01
2026-08-06 15:00,0.07
2026-08-06 15:15,0.05
2026-08-06 15:30,0.05
2026-08-06 15:45,0.06
2026-08-06 16:00,0
2026-08-06 16:15,0.05
2026-08-06 16:30,0
2026-08-06 16:45,0.05
2026-08-06 17:00,0
2026-08-06 17:15,0.07
2026-08-06 17:45,0
2026-08-06 18:00,0
2026-08-06 18:15,0.04
2026-08-06 18:30,0.01
2026-08-06 18:45,0.01
2026-08-06 19:00,0
2026-08-06 19:15,0
2026-08-06 19:53,0
2026-08-06 20:15,0
2026-08-06 20:30,0
2026-08-06 21:00,0
2026-08-06 21:15,0
2026-08-06 21:30,0
2026-08-06 21:45,0
2026-08-06 22:15,0
2026-08-06 22:30,0
2026-08-06 22:45,0.01
2026-08-06 23:00,0.01
2026-08-06 23:15,0
2026-08-06 23:45,0
2026-08-07 00:00,0
2026-08-07 00:15,0
2026-08-07 00:30,0.01
2026-08-07 00:45,0
2026-08-07 01:15,0
2026-08-07 01:30,0
2026-08-07 01:45,0.01
2026-08-07 02:15,0
2026-08-07 02:30,0
2026-08-07 02:45,0.01
2026-08-07 03:00,0
2026-08-07 03:15,0
2026-08-07 03:30,0
2026-08-07 03:45,0
2026-08-07 04:00,0.01
2026-08-07 04:30,0
2026-08-07 05:00,0
2026-08-07 05:30,0
2026-08-07 05:45,0
2026-08-07 06:00,0
2026-08-07 06:15,0
2026-08-07 06:44,0
2026-08-07 06:45,0
2026-08-07 07:00,0
2026-08-07 07:30,0
2026-08-07 07:45,0
2026-08-07 08:13,0
2026-08-07 08:54,0
2026-08-07 09:15,0.05
2026-08-07 09:30,0.05
2026-08-07 10:29,0
2026-08-07 10:30,0.05
2026-08-07 10:45,0
2026-08-07 11:15,0
2026-08-07 11:30,0
2026-08-07 11:45,0
2026-08-07 12:00,0.07
2026-08-07 12:15,0.13
2026-08-07 12:30,0.09
2026-08-07 12:45,0
2026-08-07 13:00,0.07
2026-08-07 13:15,0.09
2026-08-07 13:30,0.02
2026-08-07 13:45,0
2026-08-07 14:00,0
2026-08-07 14:43,0.01
2026-08-07 14:45,0
2026-08-07 15:00,0
2026-08-07 15:15,0
2026-08-07 16:00,0
2026-08-07 16:15,0
2026-08-07 16:30,0
2026-08-07 17:00,0
2026-08-07 17:15,0
2026-08-07 17:30,0
2026-08-07 17:45,0
2026-08-07 18:50,0
2026-08-07 19:28,0
2026-08-07 19:30,0
2026-08-07 19:45,0
2026-08-07 20:00,0
2026-08-07 20:15,0
2026-08-07 20:30,0
2026-08-07 20:45,0
2026-08-07 21:00,0
2026-08-07 21:30,0
2026-08-07 21:45,0
2026-08-07 22:27,0
2026-08-07 22:30,0
2026-08-07 22:45,0
2026-08-07 23:00,0
2026-08-07 23:30,0
2026-08-07 23:45,0
2026-08-08 00:15,0
2026-08-08 00:30,0
2026-08-08 00:45,0
2026-08-08 01:00,0
2026-08-08 01:15,0
2026-08-08 01:30,0
2026-08-08 01:45,0
2026-08-08 02:00,0
2026-08-08 02:15,0
2026-08-08 02:30,0
2026-08-08 02:45,0
2026-08-08 03:00,0
2026-08-08 03:15,0
2026-08-08 03:30,0
2026-08-08 03:45,0
2026-08-08 04:00,0
2026-08-08 04:45,0
2026-08-08 05:00,0
2026-08-08 05:15,0
2026-08-08 05:30,0
2026-08-08 05:45,0
2026-08-08 06:00,0
2026-08-08 06:15,0
2026-08-08 06:30,0
2026-08-08 06:45,0
2026-08-08 07:00,0
2026-08-08 07:15,0
2026-08-08 07:30,0
2026-08-08 07:45,0
2026-08-08 08:00,0
2026-08-08 08:15,0
2026-08-08 08:30,0
2026-08-08 08:45,0
2026-08-08 09:00,0
2026-08-08 09:15,0
2026-08-08 09:30,0
2026-08-08 09:45,0
2026-08-08 10:00,0
2026-08-08 10:15,0
2026-08-08 10:30,0
2026-08-08 10:45,0
2026-08-08 11:00,0
2026-08-08 11:15,0
2026-08-08 11:30,0
2026-08-08 11:45,0
2026-08-08 12:15,0
2026-08-08 12:30,0
2026-08-08 13:00,0
2026-08-08 13:15,0
2026-08-08 13:30,0
2026-08-08 13:45,0
2026-08-08 14:00,0
2026-08-08 14:30,0
2026-08-08 14:45,0
2026-08-08 15:00,0
2026-08-08 15:15,0
2026-08-08 15:30,0
2026-08-08 15:45,0
2026-08-08 16:00,0
2026-08-08 16:15,0
2026-08-08 16:30,0
2026-08-08 16:45,0
2026-08-08 17:00,0
2026-08-08 17:28,0
2026-08-08 17:45,0
2026-08-08 18:00,0
2026-08-08 18:15,0
2026-08-08 18:45,0
2026-08-08 19:15,0
2026-08-08 19:30,0
2026-08-08 20:00,0
2026-08-08 20:15,0
2026-08-08 20:30,0
2026-08-08 20:45,0
2026-08-08 21:00,0
2026-08-08 21:15,0
2026-08-08 21:45,0
2026-08-08 22:11,0
2026-08-08 22:15,0
2026-08-08 22:30,0
2026-08-08 22:45,0
2026-08-08 23:15,0
2026-08-08 23:30,0
2026-08-08 23:45,0
2026-08-09 00:00,0
2026-08-09 00:15,0
2026-08-09 00:30,0
2026-08-09 00:45,0
2026-08-09 01:00,0
2026-08-09 01:15,0
2026-08-09 01:30,0
2026-08-09 01:45,0
2026-08-09 02:00,0
2026-08-09 02:30,0
2026-08-09 02:45,0
2026-08-09 03:28,0
2026-08-09 03:30,0
2026-08-09 03:45,0
2026-08-09 04:15,0
2026-08-09 04:30,0
2026-08-09 05:00,0
2026-08-09 05:15,0
2026-08-09 05:30,0
2026-08-09 06:00,0
2026-08-09 06:15,0
2026-08-09 06:30,0
2026-08-09 06:45,0
2026-08-09 07:00,0
2026-08-09 07:30,0
2026-08-09 07:45,0
2026-08-09 08:00,0
2026-08-09 08:15,0
2026-08-09 09:07,0
2026-08-09 09:15,0
2026-08-09 09:30,0
2026-08-09 09:45,0
2026-08-09 10:00,0
2026-08-09 10:30,0
2026-08-09 10:45,0
2026-08-09 11:15,0
2026-08-09 11:30,0
2026-08-09 11:45,0.04
2026-08-09 12:30,0
2026-08-09 12:45,0.07
2026-08-09 13:00,0
2026-08-09 13:30,0
2026-08-09 13:45,0.05
2026-08-09 14:00,0
2026-08-09 14:15,0
2026-08-09 14:30,0.08
2026-08-09 14:45,0
2026-08-09 15:00,0.09
2026-08-09 15:15,0
2026-08-09 15:30,0
2026-08-09 15:45,0
2026-08-09 16:00,0
2026-08-09 16:15,0
2026-08-09 16:45,0
2026-08-09 17:00,0
2026-08-09 17:15,0.02
2026-08-09 17:30,0
2026-08-09 17:45,0
2026-08-09 18:00,0
2026-08-09 18:45,0
2026-08-09 19:00,0
2026-08-09 19:15,0
2026-08-09 19:30,0
2026-08-09 20:11,0
2026-08-09 20:15,0
2026-08-09 20:30,0
2026-08-09 20:45,0
2026-08-09 21:00,0
2026-08-09 21:15,0
2026-08-09 21:30,0
2026-08-09 22:00,0
2026-08-09 22:41,0
2026-08-09 22:45,0
2026-08-09 23:00,0
2026-08-09 23:40,0
2026-08-09 23:56,0
2026-08-10 00:00,0
2026-08-10 00:58,0
2026-08-10 01:15,0
2026-08-10 01:30,0
2026-08-10 01:45,0
2026-08-10 02:00,0
2026-08-10 02:15,0
2026-08-10 02:30,0
2026-08-10 03:11,0
2026-08-10 03:15,0
2026-08-10 03:45,0
2026-08-10 04:15,0
2026-08-10 04:30,0
2026-08-10 05:39,0
2026-08-10 05:45,0
2026-08-10 06:21,0
2026-08-10 06:45,0
2026-08-10 07:00,0
2026-08-10 07:15,0
2026-08-10 07:30,0
2026-08-10 07:45,0
2026-08-10 08:15,0
2026-08-10 08:30,0
2026-08-10 08:45,0
2026-08-10 09:43,0
2026-08-10 10:21,0
2026-08-10 10:45,0
2026-08-10 11:00,0
2026-08-10 11:30,0
2026-08-10 11:45,0
2026-08-10 12:00,0
2026-08-10 12:15,0
2026-08-10 12:30,0
2026-08-10 12:45,0
2026-08-10 13:00,0
2026-08-10 13:15,0
2026-08-10 13:30,0
2026-08-10 13:45,0
2026-08-10 14:00,0
2026-08-10 14:30,0
2026-08-10 15:12,0
2026-08-10 15:15,0
2026-08-10 15:45,0
2026-08-10 16:00,0
2026-08-10 16:15,0
2026-08-10 16:30,0
2026-08-10 16:45,0
2026-08-10 17:00,0
2026-08-10 17:15,0
2026-08-10 17:30,0
2026-08-10 17:45,0
2026-08-10 18:00,0
2026-08-10 18:15,0
2026-08-10 18:30,0
2026-08-10 18:45,0
2026-08-10 19:00,0
2026-08-10 19:15,0
2026-08-10 19:30,0
2026-08-10 19:45,0
2026-08-10 20:00,0
2026-08-10 20:15,0
2026-08-10 20:45,0
2026-08-10 21:00,0
2026-08-10 21:15,0
2026-08-10 21:30,0
2026-08-10 21:45,0
2026-08-10 22:00,0
2026-08-10 22:33,0
2026-08-10 23:10,0
2026-08-10 23:15,0
2026-08-10 23:30,0
2026-08-10 23:45,0
2026-08-11 00:00,0
2026-08-11 00:15,0
2026-08-11 00:30,0
2026-08-11 00:45,0
2026-08-11 01:00,0
2026-08-11 01:15,0
2026-08-11 01:30,0
2026-08-11 01:45,0
2026-08-11 02:00,0
2026-08-11 02:15,0
2026-08-11 02:30,0
2026-08-11 02:45,0
2026-08-11 03:00,0
2026-08-11 03:15,0.27
2026-08-11 03:30,0.24
2026-08-11 04:00,0.22
2026-08-11 04:15,0.23
2026-08-11 04:30,0.18
2026-08-11 05:00,0.17
2026-08-11 05:45,0.14
2026-08-11 06:00,0.12
2026-08-11 06:15,0.11
2026-08-11 06:30,0.11
2026-08-11 06:45,0.1
2026-08-11 07:00,0.09
2026-08-11 07:30,0.08
2026-08-11 08:00,0.07
2026-08-11 08:15,0.06
2026-08-11 08:30,0.06
2026-08-11 08:45,0.06
2026-08-11 09:00,0.05
2026-08-11 09:15,0.05
2026-08-11 09:30,0.05
2026-08-11 09:45,0.04
2026-08-11 10:00,0.04
2026-08-11 10:15,0.03
2026-08-11 10:30,0.03
2026-08-11 10:45,0.03
2026-08-11 11:00,0.02
2026-08-11 11:15,0.02
2026-08-11 11:30,0.02
2026-08-11 11:45,0.02
2026-08-11 12:00,0.02
2026-08-11 12:15,0.02
2026-08-11 12:30,0.02
2026-08-11 12:45,0.01
2026-08-11 13:15,0.01
2026-08-11 13:45,0.01
2026-08-11 14:00,0.41
2026-08-11 14:15,0.35
2026-08-11 14:30,0
2026-08-11 14:45,0.07
2026-08-11 15:00,0.01
2026-08-11 15:29,0.01
2026-08-11 15:30,0
2026-08-11 15:45,0
2026-08-11 16:18,0
2026-08-11 16:30,0
2026-08-11 17:00,0
2026-08-11 17:15,0
2026-08-11 17:30,0
2026-08-11 17:45,0
2026-08-11 18:15,0
2026-08-11 18:30,0
2026-08-11 18:45,0
2026-08-11 19:00,0
2026-08-11 19:15,0
2026-08-11 19:30,0
2026-08-11 19:45,0
2026-08-11 20:00,0
2026-08-11 20:15,0
2026-08-11 20:30,0
2026-08-11 21:00,0
2026-08-11 21:15,0
2026-08-11 21:30,0
2026-08-11 21:45,0
2026-08-11 22:00,0
2026-08-11 22:15,0
2026-08-11 22:30,0
2026-08-11 22:45,0
2026-08-11 23:00,0
2026-08-11 23:15,0
2026-08-11 23:30,0
2026-08-11 23:45,0
2026-08-12 00:00,0
2026-08-12 00:15,0
2026-08-12 00:30,0
2026-08-12 01:01,0
2026-08-12 01:15,0
2026-08-12 01:30,0
2026-08-12 01:45,0
2026-08-12 02:00,0
2026-08-12 02:15,0
2026-08-12 02:30,0
2026-08-12 02:45,0
2026-08-12 03:14,0
2026-08-12 03:39,0
2026-08-12 03:56,0
2026-08-12 04:00,0
2026-08-12 04:15,0
2026-08-12 04:30,0
2026-08-12 05:00,0
2026-08-12 05:30,0
2026-08-12 05:45,0
2026-08-12 06:00,0
2026-08-12 06:15,0
2026-08-12 06:30,0
2026-08-12 06:58,0
2026-08-12 07:00,0
2026-08-12 07:15,0
2026-08-12 07:30,0
2026-08-12 07:45,0
2026-08-12 08:00,0
2026-08-12 08:30,0
2026-08-12 08:45,0
2026-08-12 09:00,0
2026-08-12 09:15,0
2026-08-12 09:30,0
2026-08-12 09:45,0
2026-08-12 10:00,0
2026-08-12 10:15,0
2026-08-12 10:30,0
2026-08-12 10:45,0
2026-08-12 11:00,0
2026-08-12 11:15,0.26
2026-08-12 12:00,0.39
2026-08-12 12:15,0.23
2026-08-12 12:30,0.48
2026-08-12 12:45,0.01
2026-08-12 13:00,0
2026-08-12 13:30,0
2026-08-12 13:45,0
2026-08-12 14:00,0
2026-08-12 14:15,0
2026-08-12 14:30,0
2026-08-12 15:03,0
2026-08-12 15:32,0
2026-08-12 15:45,0
2026-08-12 16:00,0
2026-08-12 16:15,0
2026-08-12 16:30,0
2026-08-12 16:45,0
2026-08-12 17:00,0
2026-08-12 17:15,0
2026-08-12 17:30,0
2026-08-12 17:45,0
2026-08-12 18:00,0
2026-08-12 18:15,0
2026-08-12 18:45,0
2026-08-12 19:00,0
2026-08-12 19:15,0
2026-08-12 19:30,0.12
2026-08-12 20:00,0
2026-08-12 20:15,0
2026-08-12 21:17,0
2026-08-12 21:30,0
2026-08-12 21:45,0
2026-08-12 22:00,0
2026-08-12 22:15,0
2026-08-12 22:30,0
2026-08-12 23:06,0
2026-08-12 23:45,0
2026-08-13 00:00,0
2026-08-13 00:15,0
2026-08-13 00:30,0
2026-08-13 00:45,0
2026-08-13 01:00,0
2026-08-13 01:15,0
2026-08-13 01:30,0
2026-08-13 01:45,0
2026-08-13 02:00,0
2026-08-13 02:15,0
2026-08-13 02:30,0
2026-08-13 02:45,0
2026-08-13 03:00,0
2026-08-13 03:15,0
2026-08-13 03:30,0
2026-08-13 03:45,0
2026-08-13 04:00,0
2026-08-13 04:15,0
2026-08-13 04:30,0
2026-08-13 04:45,0
2026-08-13 05:00,0
2026-08-13 05:15,0
2026-08-13 05:30,0
2026-08-13 05:45,0
2026-08-13 06:00,0
2026-08-13 06:15,0
2026-08-13 06:30,0
2026-08-13 06:45,0
2026-08-13 07:00,0
2026-08-13 07:15,0
2026-08-13 07:30,0
2026-08-13 07:45,0
2026-08-13 08:00,0
2026-08-13 08:15,0
2026-08-13 08:30,0
2026-08-13 08:45,0
2026-08-13 09:00,0
2026-08-13 09:15,0
2026-08-13 09:30,0
2026-08-13 10:00,0
2026-08-13 10:15,0
2026-08-13 10:30,0
2026-08-13 10:45,0
2026-08-13 11:00,0
2026-08-13 11:15,0
2026-08-13 11:30,0
2026-08-13 12:00,0
2026-08-13 12:15,0
2026-08-13 12:51,0
2026-08-13 13:00,0
2026-08-13 13:15,0
2026-08-13 13:51,0
2026-08-13 14:30,0
2026-08-13 15:30,0
2026-08-13 15:45,0.21
2026-08-13 16:20,0
2026-08-13 16:30,0
2026-08-13 16:45,0
2026-08-13 17:00,0.09
2026-08-13 17:15,0
2026-08-13 17:30,0
2026-08-13 17:45,0
2026-08-13 18:15,0
2026-08-13 18:51,0
2026-08-13 19:04,0
2026-08-13 19:15,0
2026-08-13 19:30,0
2026-08-13 19:45,0
2026-08-13 20:00,0
2026-08-13 20:15,0
2026-08-13 20:45,0
2026-08-13 21:00,0
2026-08-13 21:15,0
2026-08-13 21:30,0
2026-08-13 21:45,0
2026-08-13 22:00,0
2026-08-13 22:15,0
2026-08-13 22:30,0
2026-08-13 22:45,0
2026-08-13 23:00,0
2026-08-13 23:15,0
2026-08-13 23:30,0
2026-08-14 00:00,0
2026-08-14 00:15,0
2026-08-14 00:30,0
2026-08-14 00:45,0
2026-08-14 01:00,0
2026-08-14 01:15,0
2026-08-14 01:30,0
2026-08-14 01:45,0
2026-08-14 02:00,0
2026-08-14 02:15,0
2026-08-14 02:30,0
2026-08-14 02:45,0
2026-08-14 03:20,0
2026-08-14 03:30,0
2026-08-14 03:45,0
2026-08-14 04:00,0
2026-08-14 04:15,0
2026-08-14 04:30,0
2026-08-14 04:45,0
2026-08-14 05:00,0
2026-08-14 05:15,0
2026-08-14 05:30,0
2026-08-14 05:45,0
2026-08-14 06:00,0
2026-08-14 06:15,0
2026-08-14 06:30,0
2026-08-14 06:45,0
2026-08-14 07:00,0
2026-08-14 07:15,0
2026-08-14 07:30,0
2026-08-14 07:45,0
2026-08-14 08:00,0
2026-08-14 08:15,0
2026-08-14 08:30,0
2026-08-14 08:45,0
2026-08-14 09:00,0
2026-08-14 09:15,0
2026-08-14 09:30,0
2026-08-14 09:45,0
2026-08-14 10:21,0
2026-08-14 10:30,0
2026-08-14 10:36,0
2026-08-14 10:45,0
2026-08-14 11:00,0.14
2026-08-14 11:15,0.08
2026-08-14 11:30,1
2026-08-14 11:45,0.01
2026-08-14 12:00,0
2026-08-14 12:15,0
2026-08-14 12:30,0
2026-08-14 13:00,0.23
2026-08-14 13:15,0.44
2026-08-14 13:30,0.01
2026-08-14 13:45,0
2026-08-14 14:00,0
2026-08-14 14:15,0
2026-08-14 14:30,0
2026-08-14 14:45,0
2026-08-14 15:00,0.36
2026-08-14 15:15,0.14
2026-08-14 15:45,0
2026-08-14 16:21,0
2026-08-14 16:50,0
2026-08-14 17:00,0
2026-08-14 17:15,0
2026-08-14 17:30,0
2026-08-14 18:34,0
2026-08-14 18:45,0
2026-08-14 19:00,0
2026-08-14 19:15,0
2026-08-14 19:30,0
2026-08-14 19:45,0
2026-08-14 20:00,0
2026-08-14 20:30,0
2026-08-14 20:45,0
2026-08-14 21:00,0
2026-08-14 21:15,0
2026-08-14 21:30,0
2026-08-14 21:45,0
2026-08-14 22:00,0
2026-08-14 22:15,0
2026-08-14 22:30,0
2026-08-14 22:45,0
2026-08-14 23:00,0
2026-08-14 23:38,0
2026-08-14 23:45,0
2026-08-15 00:21,0
2026-08-15 00:52,0
2026-08-15 01:00,0
2026-08-15 01:36,0
2026-08-15 02:06,0
2026-08-15 02:15,0
2026-08-15 02:30,0
2026-08-15 02:45,0
2026-08-15 03:00,0
2026-08-15 03:30,0
2026-08-15 03:45,0
2026-08-15 04:00,0
2026-08-15 04:15,0
2026-08-15 04:50,0
2026-08-15 05:00,0
2026-08-15 05:15,0
2026-08-15 05:30,0
2026-08-15 06:00,0
2026-08-15 06:15,0
2026-08-15 06:30,0
2026-08-15 06:45,0
2026-08-15 07:00,0
2026-08-15 07:15,0
2026-08-15 07:30,0
2026-08-15 07:45,0
2026-08-15 08:00,0
2026-08-15 08:15,0
2026-08-15 08:30,0
2026-08-15 08:45,0
2026-08-15 09:00,0
2026-08-15 09:15,0
2026-08-15 09:30,0
2026-08-15 09:45,0
2026-08-15 10:00,0
2026-08-15 10:15,0
2026-08-15 10:45,0
2026-08-15 11:00,0
2026-08-15 11:15,0
2026-08-15 11:45,0
2026-08-15 12:00,0
2026-08-15 12:15,0
2026-08-15 12:30,0
2026-08-15 12:45,0
2026-08-15 13:15,0
2026-08-15 13:30,0
2026-08-15 13:45,0
2026-08-15 14:15,0
2026-08-15 14:30,0
2026-08-15 14:45,0
2026-08-15 15:00,0
2026-08-15 15:15,0
2026-08-15 15:57,0
2026-08-15 16:00,0
2026-08-15 16:15,0
2026-08-15 16:59,0
2026-08-15 17:00,0
2026-08-15 17:15,0
2026-08-15 17:30,0
2026-08-15 18:00,0
2026-08-15 18:15,0
2026-08-15 18:30,0
2026-08-15 18:45,0
2026-08-15 19:00,0
2026-08-15 19:15,0
2026-08-15 19:30,0
2026-08-15 19:45,0
2026-08-15 20:00,0
2026-08-15 20:15,0
2026-08-15 20:30,0
2026-08-15 20:45,0
2026-08-15 21:00,0
2026-08-15 21:15,0
2026-08-15 21:45,0
2026-08-15 22:15,0
2026-08-15 22:30,0
2026-08-15 22:45,0
2026-08-15 23:00,0
2026-08-15 23:15,0
2026-08-15 23:30,0
2026-08-15 23:45,0
2026-08-16 00:00,0
2026-08-16 00:15,0
2026-08-16 00:30,0
2026-08-16 00:45,0
2026-08-16 01:00,0
2026-08-16 01:15,0
2026-08-16 01:30,0
2026-08-16 02:00,0
2026-08-16 02:15,0
2026-08-16 02:30,0
2026-08-16 02:45,0
2026-08-16 03:00,0
2026-08-16 03:15,0
2026-08-16 03:30,0
2026-08-16 04:00,0
2026-08-16 04:15,0
2026-08-16 04:30,0
2026-08-16 04:45,0
2026-08-16 05:00,0
2026-08-16 05:15,0
2026-08-16 05:30,0
2026-08-16 05:45,0
2026-08-16 06:00,0
2026-08-16 06:15,0
2026-08-16 06:30,0
2026-08-16 06:45,0
2026-08-16 07:00,0
2026-08-16 07:15,0
2026-08-16 07:30,0
2026-08-16 07:45,0
2026-08-16 08:00,0
2026-08-16 08:15,0
2026-08-16 08:30,0
2026-08-16 08:45,0
2026-08-16 09:00,0
2026-08-16 09:15,0
2026-08-16 09:30,0
2026-08-16 09:45,0.07
2026-08-16 10:23,0.09
2026-08-16 10:45,0.08
2026-08-16 11:00,0
2026-08-16 11:15,0
2026-08-16 11:30,0.03
2026-08-16 11:45,0
2026-08-16 12:26,0
2026-08-16 12:45,0
2026-08-16 13:15,0
2026-08-16 13:30,0
2026-08-16 13:45,0
2026-08-16 14:00,0
2026-08-16 14:15,0
2026-08-16 14:30,0
2026-08-16 14:45,0
2026-08-16 15:15,0
2026-08-16 15:30,0
2026-08-16 15:45,0
2026-08-16 16:00,0
2026-08-16 16:15,0
2026-08-16 16:30,0
2026-08-16 17:11,0
2026-08-16 17:15,0
2026-08-16 17:30,0
2026-08-16 17:45,0
2026-08-16 18:15,0
2026-08-16 18:30,0
2026-08-16 18:45,0
2026-08-16 19:00,0
2026-08-16 19:15,0
2026-08-16 19:30,0
2026-08-16 20:08,0
2026-08-16 20:15,0
2026-08-16 20:30,0
2026-08-16 20:45,0
2026-08-16 21:00,0
2026-08-16 21:15,0
2026-08-16 21:30,0
2026-08-16 21:45,0
2026-08-16 22:00,0
2026-08-16 22:15,0
2026-08-16 22:30,0
2026-08-16 22:45,0
2026-08-16 23:00,0
2026-08-16 23:15,0
2026-08-16 23:30,0
2026-08-16 23:45,0
2026-08-17 00:00,0
2026-08-17 00:41,0
2026-08-17 00:54,0
2026-08-17 01:00,0
2026-08-17 01:07,0
2026-08-17 01:15,0
2026-08-17 01:30,0
2026-08-17 01:45,0
2026-08-17 02:00,0
2026-08-17 02:15,0
2026-08-17 02:30,0
2026-08-17 02:45,0
2026-08-17 03:00,0
2026-08-17 03:15,0
2026-08-17 03:30,0
2026-08-17 03:45,0
2026-08-17 04:00,0
2026-08-17 04:38,0
2026-08-17 05:09,0
2026-08-17 05:25,0
2026-08-17 05:30,0
2026-08-17 05:45,0
2026-08-17 06:00,0
2026-08-17 06:15,0
2026-08-17 06:30,0
2026-08-17 06:45,0
2026-08-17 07:00,0
2026-08-17 07:15,0
2026-08-17 07:30,0
2026-08-17 07:45,0
2026-08-17 08:00,0
2026-08-17 08:15,0
2026-08-17 08:30,0
2026-08-17 08:45,0
2026-08-17 09:00,0
2026-08-17 09:15,0
2026-08-17 09:30,0
2026-08-17 09:45,0
2026-08-17 10:15,0
2026-08-17 10:30,0
2026-08-17 11:00,0.1
2026-08-17 11:15,0
2026-08-17 11:45,0
2026-08-17 12:00,0
2026-08-17 12:30,0.04
2026-08-17 12:45,0.05
2026-08-17 13:00,0
2026-08-17 13:15,0.06
2026-08-17 13:45,0.06
2026-08-17 14:00,0.08
2026-08-17 14:15,0.07
2026-08-17 14:45,0.09
2026-08-17 15:00,0
2026-08-17 15:15,0.05
2026-08-17 15:30,0
2026-08-17 15:59,0
2026-08-17 16:15,0
2026-08-17 16:30,0
2026-08-17 16:45,0.1
2026-08-17 17:00,0
2026-08-17 17:30,0
2026-08-17 18:00,0
2026-08-17 18:15,0
2026-08-17 18:30,0
2026-08-17 18:45,0
2026-08-17 19:00,0.01
2026-08-17 19:15,0
2026-08-17 19:30,0
2026-08-17 19:45,0
2026-08-17 20:00,0
2026-08-17 20:15,0
2026-08-17 20:30,0
2026-08-17 20:45,0
2026-08-17 21:00,0
2026-08-17 21:15,0
2026-08-17 22:11,0
2026-08-17 22:15,0
2026-08-17 22:30,0
2026-08-17 22:45,0
2026-08-17 23:00,0
2026-08-17 23:30,0
2026-08-17 23:45,0
2026-08-18 00:00,0
2026-08-18 00:15,0
2026-08-18 00:30,0
2026-08-18 00:45,0
2026-08-18 01:00,0
2026-08-18 01:15,0
2026-08-18 01:30,0
2026-08-18 01:45,0
2026-08-18 02:00,0
2026-08-18 02:15,0
2026-08-18 02:30,0
2026-08-18 02:45,0
2026-08-18 03:30,0
2026-08-18 03:45,0
2026-08-18 04:00,0
2026-08-18 04:15,0
2026-08-18 04:30,0
2026-08-18 04:45,0
2026-08-18 05:15,0
2026-08-18 05:30,0
2026-08-18 05:45,0
2026-08-18 06:15,0
2026-08-18 06:30,0
2026-08-18 06:45,0
2026-08-18 07:25,0
2026-08-18 07:30,0
2026-08-18 07:45,0
2026-08-18 08:00,0
2026-08-18 08:15,0
2026-08-18 08:45,0
2026-08-18 09:00,0
2026-08-18 09:15,0
2026-08-18 09:30,0
2026-08-18 10:14,0
2026-08-18 10:15,0
2026-08-18 10:30,0
2026-08-18 10:45,0
2026-08-18 11:15,0
2026-08-18 11:43,0
2026-08-18 12:00,0
2026-08-18 12:15,0
2026-08-18 12:30,0
2026-08-18 13:00,0
2026-08-18 13:15,0
2026-08-18 13:30,0
2026-08-18 13:45,0
2026-08-18 15:00,0
2026-08-18 16:09,0
2026-08-18 16:43,0
2026-08-18 17:13,0
2026-08-18 17:15,0
2026-08-18 17:30,0
2026-08-18 17:45,0
2026-08-18 18:15,0
2026-08-18 19:00,0
2026-08-18 19:15,0
2026-08-18 19:45,0
2026-08-18 20:00,0
2026-08-18 20:15,0
2026-08-18 20:30,0
2026-08-18 20:45,0
2026-08-18 21:00,0
2026-08-18 21:15,0
2026-08-18 21:30,0
2026-08-18 22:10,0
2026-08-18 22:15,0
2026-08-18 22:30,0
2026-08-18 22:45,0
2026-08-18 23:00,0
2026-08-18 23:15,0
2026-08-18 23:30,0
2026-08-18 23:45,0
2026-08-19 00:00,0
2026-08-19 00:15,0
2026-08-19 00:30,0
2026-08-19 00:45,0
2026-08-19 01:00,0
2026-08-19 01:15,0
2026-08-19 01:30,0
2026-08-19 01:45,0
2026-08-19 02:00,0
2026-08-19 02:15,0
2026-08-19 02:57,0
2026-08-19 03:00,0
2026-08-19 03:15,0
2026-08-19 03:30,0
2026-08-19 04:00,0
2026-08-19 04:15,0
2026-08-19 04:30,0
2026-08-19 04:45,0
2026-08-19 05:00,0
2026-08-19 05:15,0
2026-08-19 05:30,0
2026-08-19 05:45,0
2026-08-19 06:00,0
2026-08-19 06:15,0
2026-08-19 06:30,0
2026-08-19 06:45,0
2026-08-19 07:00,0
2026-08-19 07:15,0
2026-08-19 07:30,0
2026-08-19 07:45,0
2026-08-19 08:00,0
2026-08-19 08:15,0
2026-08-19 08:30,0
2026-08-19 09:11,0
2026-08-19 09:15,0
2026-08-19 09:55,0
2026-08-19 10:00,0
2026-08-19 10:15,0
2026-08-19 10:30,0
2026-08-19 10:45,0
2026-08-19 11:00,0
2026-08-19 11:15,0
2026-08-19 11:30,0
2026-08-19 11:45,0
2026-08-19 12:00,0
2026-08-19 12:30,0
2026-08-19 13:00,0
2026-08-19 13:15,0
2026-08-19 13:45,0
2026-08-19 14:00,0
2026-08-19 14:15,0
2026-08-19 14:45,0
2026-08-19 15:00,0
2026-08-19 15:15,0
2026-08-19 15:30,0
2026-08-19 16:00,0
2026-08-19 16:15,0.1
2026-08-19 16:30,0
2026-08-19 17:15,0
2026-08-19 17:43,0
2026-08-19 17:45,0
2026-08-19 18:00,0
2026-08-19 18:30,0
2026-08-19 18:45,0
2026-08-19 19:00,0
2026-08-19 19:15,0
2026-08-19 19:30,0
2026-08-19 19:45,0
2026-08-19 20:15,0
2026-08-19 20:30,0
2026-08-19 21:27,0
2026-08-19 21:30,0
2026-08-19 22:00,0
2026-08-19 22:15,0
2026-08-19 22:30,0.24
2026-08-19 23:00,0.19
2026-08-19 23:15,0.15
2026-08-19 23:30,0.11
2026-08-20 00:00,0.36
2026-08-20 00:15,0
2026-08-20 00:30,0
2026-08-20 00:45,0
2026-08-20 01:00,0
2026-08-20 01:15,0
2026-08-20 01:45,0
2026-08-20 02:00,0
2026-08-20 02:15,0
2026-08-20 02:30,0
2026-08-20 03:00,0.26
2026-08-20 03:15,0.21
2026-08-20 03:30,0.18
2026-08-20 04:00,0.17
2026-08-20 04:30,0.16
2026-08-20 04:45,0.16
2026-08-20 05:00,0.13
2026-08-20 05:15,0.12
2026-08-20 05:30,0.11
2026-08-20 05:45,0.1
2026-08-20 06:00,0.1
2026-08-20 06:15,0.09
2026-08-20 06:30,0.08
2026-08-20 06:45,0.08
2026-08-20 07:00,0.08
2026-08-20 07:15,0.07
2026-08-20 07:45,0.07
2026-08-20 08:18,0.06
2026-08-20 08:45,0.05
2026-08-20 09:18,0.05
2026-08-20 09:45,0.04
2026-08-20 10:00,0.04
2026-08-20 10:15,0.04
2026-08-20 10:30,0.03
2026-08-20 10:45,0.03
2026-08-20 11:00,0.03
2026-08-20 11:30,0.02
2026-08-20 11:45,0.02
2026-08-20 12:00,0.02
2026-08-20 12:15,0.02
2026-08-20 12:59,0.02
2026-08-20 13:00,0.02
2026-08-20 13:15,0.01
2026-08-20 13:30,0.01
2026-08-20 14:00,0.01
2026-08-20 14:15,0.01
2026-08-20 14:30,0.01
2026-08-20 14:45,0.01
2026-08-20 15:16,0
2026-08-20 15:30,0
2026-08-20 15:45,0
2026-08-20 16:00,0
2026-08-20 16:15,0
2026-08-20 16:30,0
2026-08-20 16:45,0
2026-08-20 17:00,0
2026-08-20 17:15,0
2026-08-20 17:30,0
2026-08-20 17:45,0
2026-08-20 18:00,0
2026-08-20 18:15,0
2026-08-20 18:30,0
2026-08-20 18:45,0
2026-08-20 19:00,0
2026-08-20 19:15,0
2026-08-20 19:30,0
2026-08-20 19:45,0
2026-08-20 20:15,0
2026-08-20 20:30,0
2026-08-20 20:45,0
2026-08-20 21:00,0
2026-08-20 21:15,0
2026-08-20 21:30,0
2026-08-20 21:45,0
2026-08-20 22:15,0
2026-08-20 22:30,0
2026-08-20 22:45,0
2026-08-20 23:00,0
2026-08-20 23:15,0
2026-08-20 23:30,0
2026-08-20 23:45,0
2026-08-21 00:00,0
2026-08-21 00:15,0
2026-08-21 00:45,0
2026-08-21 01:00,0
2026-08-21 01:15,0
2026-08-21 01:30,0
2026-08-21 01:45,0
2026-08-21 02:00,0
2026-08-21 02:30,0
2026-08-21 02:45,0
2026-08-21 03:00,0
2026-08-21 03:15,0
2026-08-21 03:30,0
2026-08-21 03:45,0
2026-08-21 04:00,0
2026-08-21 04:15,0
2026-08-21 04:30,0
2026-08-21 04:45,0
2026-08-21 05:00,0
2026-08-21 05:15,0
2026-08-21 05:30,0
2026-08-21 05:45,0
2026-08-21 06:00,0
2026-08-21 06:15,0
2026-08-21 06:30,0
2026-08-21 06:45,0
2026-08-21 07:00,0
2026-08-21 07:15,0
2026-08-21 07:30,0
2026-08-21 07:45,0
2026-08-21 08:00,0
2026-08-21 08:15,0
2026-08-21 08:30,0
2026-08-21 08:45,0
2026-08-21 09:00,0
2026-08-21 09:15,0
2026-08-21 09:30,0
2026-08-21 09:45,0
2026-08-21 10:00,0
2026-08-21 10:15,0
2026-08-21 10:30,0
2026-08-21 10:45,0
2026-08-21 11:00,0
2026-08-21 11:15,0
2026-08-21 11:30,0
2026-08-21 11:45,0
2026-08-21 12:00,0
2026-08-21 12:15,0
2026-08-21 12:30,0
2026-08-21 12:45,0
2026-08-21 13:00,0
2026-08-21 13:15,0
2026-08-21 13:30,0
2026-08-21 13:45,0
2026-08-21 14:15,0
2026-08-21 14:30,0
2026-08-21 14:45,0
2026-08-21 15:00,0
2026-08-21 15:15,0
2026-08-21 15:30,0
2026-08-21 15:45,0
2026-08-21 16:00,0
2026-08-21 16:15,0
2026-08-21 16:30,0
2026-08-21 16:45,0
2026-08-21 17:00,0
2026-08-21 17:15,0
2026-08-21 17:30,0
2026-08-21 17:45,0
2026-08-21 18:00,0
2026-08-21 18:30,0
2026-08-21 18:45,0
2026-08-21 19:00,0
2026-08-21 19:15,0
2026-08-21 19:30,0
2026-08-21 19:45,0
2026-08-21 20:00,0
2026-08-21 20:15,0
2026-08-21 20:30,0
2026-08-21 20:45,0
2026-08-21 21:00,0
2026-08-21 21:30,0
2026-08-21 21:45,0
2026-08-21 22:00,0
2026-08-21 22:15,0
2026-08-21 22:30,0
2026-08-21 22:45,0
2026-08-21 23:00,0
2026-08-21 23:15,0
2026-08-21 23:30,0
2026-08-21 23:45,0
2026-08-22 00:00,0
2026-08-22 00:15,0
2026-08-22 00:30,0
2026-08-22 01:00,0
2026-08-22 01:15,0
2026-08-22 01:30,0
2026-08-22 01:45,0
2026-08-22 02:00,0
2026-08-22 02:15,0
2026-08-22 02:45,0
2026-08-22 03:00,0
2026-08-22 03:15,0
2026-08-22 03:30,0
2026-08-22 03:45,0
2026-08-22 04:00,0
2026-08-22 04:15,0
2026-08-22 04:30,0
2026-08-22 04:45,0
2026-08-22 05:00,0
2026-08-22 05:15,0
2026-08-22 05:45,0
2026-08-22 06:00,0
2026-08-22 06:15,0
2026-08-22 06:30,0
2026-08-22 06:45,0
2026-08-22 07:00,0
2026-08-22 07:15,0
2026-08-22 07:30,0
2026-08-22 07:45,0
2026-08-22 08:00,0
2026-08-22 08:15,0
2026-08-22 08:30,0
2026-08-22 09:00,0
2026-08-22 09:15,0
2026-08-22 09:30,0
2026-08-22 09:45,0
2026-08-22 10:15,0
2026-08-22 10:30,0
2026-08-22 10:45,0
2026-08-22 11:15,0
2026-08-22 11:30,0
2026-08-22 11:45,0
2026-08-22 12:00,0
2026-08-22 12:30,0
2026-08-22 12:45,0
2026-08-22 13:00,0
2026-08-22 13:15,0
2026-08-22 13:30,0
2026-08-22 13:45,0
2026-08-22 14:00,0
2026-08-22 14:15,0
2026-08-22 14:30,0
2026-08-22 14:45,0
2026-08-22 15:00,0
2026-08-22 15:15,0
2026-08-22 15:30,0
2026-08-22 15:45,0
2026-08-22 16:15,0
2026-08-22 16:30,0.22
2026-08-22 16:45,0
2026-08-22 17:15,0
2026-08-22 17:30,0
2026-08-22 17:45,0
2026-08-22 18:00,0
2026-08-22 18:15,0
2026-08-22 18:30,0
2026-08-22 18:45,0
2026-08-22 19:00,0
2026-08-22 19:15,0
2026-08-22 19:30,0
2026-08-22 19:45,0
2026-08-22 20:00,0
2026-08-22 20:15,0
2026-08-22 20:30,0
2026-08-22 20:45,0
2026-08-22 21:21,0
2026-08-22 21:45,0
2026-08-22 22:00,0
2026-08-22 22:15,0
2026-08-22 22:30,0
2026-08-22 22:45,0
2026-08-22 23:00,0
2026-08-22 23:15,0
2026-08-22 23:30,0
2026-08-22 23:45,0
2026-08-23 00:00,0
2026-08-23 00:15,0
2026-08-23 00:30,0
2026-08-23 00:45,0
2026-08-23 01:00,0
2026-08-23 01:15,0
2026-08-23 01:30,0
2026-08-23 01:45,0
2026-08-23 02:00,0
2026-08-23 02:30,0
2026-08-23 02:45,0
2026-08-23 03:00,0
2026-08-23 03:15,0
2026-08-23 04:00,0
2026-08-23 04:15,0
2026-08-23 04:30,0
2026-08-23 05:00,0
2026-08-23 05:15,0
2026-08-23 05:30,0
2026-08-23 05:45,0
2026-08-23 06:00,0
2026-08-23 06:15,0
2026-08-23 06:30,0
2026-08-23 06:45,0
2026-08-23 07:00,0
2026-08-23 07:30,0
2026-08-23 07:45,0
2026-08-23 08:00,0
2026-08-23 08:15,0
2026-08-23 08:30,0
2026-08-23 08:45,0
2026-08-23 09:00,0
2026-08-23 09:15,0
2026-08-23 09:45,0
2026-08-23 10:00,0
2026-08-23 10:15,0
2026-08-23 10:30,0
2026-08-23 11:00,0
2026-08-23 11:15,0
2026-08-23 11:30,0
2026-08-23 11:45,0
2026-08-23 12:00,0
2026-08-23 12:30,0
2026-08-23 12:45,0
2026-08-23 13:00,0
2026-08-23 13:30,0
2026-08-23 13:45,0
2026-08-23 14:00,0
2026-08-23 14:15,0
2026-08-23 14:30,0
2026-08-23 15:00,0
2026-08-23 15:15,0
2026-08-23 15:30,0
2026-08-23 16:00,0
2026-08-23 16:15,0
2026-08-23 16:30,0
2026-08-23 16:45,0
2026-08-23 17:15,0
2026-08-23 17:30,0
2026-08-23 17:45,0
2026-08-23 18:00,0
2026-08-23 18:15,0
2026-08-23 18:30,0
2026-08-23 18:45,0
2026-08-23 19:00,0
2026-08-23 19:15,0
2026-08-23 19:30,0
2026-08-23 19:45,0
2026-08-23 20:00,0
2026-08-23 20:15,0
2026-08-23 20:30,0
2026-08-23 20:45,0
2026-08-23 21:24,0
2026-08-23 21:30,0
2026-08-23 21:45,0
2026-08-23 22:00,0
2026-08-23 22:15,0
2026-08-23 22:30,0
2026-08-23 22:45,0
2026-08-23 23:00,0
2026-08-23 23:15,0
2026-08-23 23:30,0
2026-08-23 23:45,0
2026-08-24 00:00,0
2026-08-24 00:15,0
2026-08-24 00:30,0
2026-08-24 00:45,0
2026-08-24 01:00,0
2026-08-24 01:15,0
2026-08-24 01:30,0
2026-08-24 01:45,0
2026-08-24 02:00,0
2026-08-24 02:15,0
2026-08-24 02:30,0
2026-08-24 02:45,0
2026-08-24 03:00,0
2026-08-24 03:15,0
2026-08-24 03:30,0
2026-08-24 03:45,0
2026-08-24 04:00,0
2026-08-24 04:15,0
2026-08-24 04:30,0
2026-08-24 04:45,0
2026-08-24 05:00,0
2026-08-24 05:15,0
2026-08-24 05:30,0
2026-08-24 05:45,0
2026-08-24 06:00,0
2026-08-24 06:15,0
2026-08-24 06:30,0
2026-08-24 06:45,0
2026-08-24 07:00,0
2026-08-24 07:15,0
2026-08-24 07:30,0
2026-08-24 07:45,0
2026-08-24 08:00,0
2026-08-24 08:15,0
2026-08-24 08:45,0
2026-08-24 09:00,0
2026-08-24 09:15,0
2026-08-24 09:30,0
2026-08-24 09:45,0
2026-08-24 10:15,0
2026-08-24 10:30,0
2026-08-24 10:45,0
2026-08-24 11:00,0
2026-08-24 11:30,0
2026-08-24 11:45,0
2026-08-24 12:00,0
2026-08-24 12:15,0
2026-08-24 12:30,0
2026-08-24 12:45,0
2026-08-24 13:00,0
2026-08-24 13:15,0
2026-08-24 13:30,0
2026-08-24 13:45,0
2026-08-24 14:00,0
2026-08-24 14:15,0
2026-08-24 14:30,0
2026-08-24 14:45,0
2026-08-24 15:00,0
2026-08-24 15:15,0
2026-08-24 15:30,0
2026-08-24 15:45,0
2026-08-24 16:00,0
2026-08-24 16:15,0
2026-08-24 16:30,0
2026-08-24 17:00,0
2026-08-24 17:15,0
2026-08-24 17:45,0
2026-08-24 18:00,0
2026-08-24 18:30,0
2026-08-24 18:45,0
2026-08-24 19:00,0
2026-08-24 19:30,0
2026-08-24 19:45,0
2026-08-24 20:00,0
2026-08-24 20:15,0
2026-08-24 20:30,0
2026-08-24 20:45,0
2026-08-24 21:00,0
2026-08-24 21:15,0
2026-08-24 21:30,0
2026-08-24 21:45,0
2026-08-24 22:00,0
2026-08-24 22:15,0
2026-08-24 22:30,0
2026-08-24 22:45,0
2026-08-24 23:15,0
2026-08-24 23:30,0
2026-08-24 23:45,0
2026-08-25 00:00,0
2026-08-25 00:15,0
2026-08-25 00:30,0
2026-08-25 01:00,0
2026-08-25 01:15,0
2026-08-25 01:30,0
2026-08-25 01:45,0
2026-08-25 02:00,0
2026-08-25 02:15,0
2026-08-25 02:30,0
2026-08-25 02:45,0
2026-08-25 03:00,0
2026-08-25 03:15,0
2026-08-25 03:30,0
2026-08-25 03:45,0
2026-08-25 04:00,0
2026-08-25 04:15,0
2026-08-25 04:30,0
2026-08-25 04:45,0
2026-08-25 05:00,0
2026-08-25 05:15,0
2026-08-25 05:30,0
2026-08-25 05:45,0
2026-08-25 06:00,0
2026-08-25 06:15,0
2026-08-25 06:30,0
2026-08-25 06:45,0
2026-08-25 07:00,0
2026-08-25 07:15,0
2026-08-25 07:30,0
2026-08-25 08:00,0
2026-08-25 08:15,0
2026-08-25 08:30,0
2026-08-25 08:45,0
2026-08-25 09:00,0
2026-08-25 09:15,0
2026-08-25 09:30,0
2026-08-25 10:00,0
2026-08-25 10:15,0
2026-08-25 10:30,0
2026-08-25 11:00,0
2026-08-25 11:15,0
2026-08-25 11:30,0
2026-08-25 11:45,0
2026-08-25 12:00,0
2026-08-25 12:15,0
2026-08-25 12:30,0
2026-08-25 12:45,0
2026-08-25 13:00,0
2026-08-25 13:15,0.01
2026-08-25 13:30,0
2026-08-25 14:00,0
2026-08-25 14:15,0
2026-08-25 14:30,0
2026-08-25 15:00,0
2026-08-25 15:15,0
2026-08-25 15:45,0
2026-08-25 16:00,0
2026-08-25 16:15,0
2026-08-25 16:30,0
2026-08-25 16:45,0
2026-08-25 17:00,0
2026-08-25 17:30,0
2026-08-25 17:45,0
2026-08-25 18:00,0
2026-08-25 18:15,0
2026-08-25 18:30,0
2026-08-25 18:45,0
2026-08-25 19:00,0
2026-08-25 19:15,0
2026-08-25 19:30,0
2026-08-25 19:45,0
2026-08-25 20:00,0
2026-08-25 20:15,0
2026-08-25 20:30,0
2026-08-25 20:45,0
2026-08-25 21:00,0
2026-08-25 21:15,0
2026-08-25 21:30,0
2026-08-25 21:45,0
2026-08-25 22:00,0
2026-08-25 22:15,0
2026-08-25 22:30,0
2026-08-25 22:45,0
2026-08-25 23:00,0
2026-08-25 23:15,0
2026-08-25 23:30,0
2026-08-25 23:45,0
2026-08-26 00:00,0
2026-08-26 00:15,0
2026-08-26 00:30,0
2026-08-26 00:45,0
2026-08-26 01:00,0
2026-08-26 01:15,0
2026-08-26 01:30,0
2026-08-26 01:45,0
2026-08-26 02:00,0
2026-08-26 02:15,0
2026-08-26 02:30,0
2026-08-26 02:45,0
2026-08-26 03:00,0
2026-08-26 03:15,0
2026-08-26 03:30,0
2026-08-26 03:45,0
2026-08-26 04:00,0
2026-08-26 04:40,0
2026-08-26 04:45,0
2026-08-26 05:00,0
2026-08-26 05:15,0
2026-08-26 05:30,0
2026-08-26 05:45,0
2026-08-26 06:00,0
2026-08-26 06:15,0
2026-08-26 06:30,0
2026-08-26 06:45,0
2026-08-26 07:00,0
2026-08-26 07:15,0
2026-08-26 07:30,0
2026-08-26 07:45,0
2026-08-26 08:00,0
2026-08-26 08:15,0
2026-08-26 08:30,0
2026-08-26 08:45,0
2026-08-26 09:00,0
2026-08-26 09:15,0
2026-08-26 09:30,0
2026-08-26 10:25,0
2026-08-26 10:30,0
2026-08-26 10:45,0
2026-08-26 11:00,0
2026-08-26 11:15,0
2026-08-26 11:30,0
2026-08-26 11:45,0
2026-08-26 12:00,0
2026-08-26 12:15,0
2026-08-26 12:30,0
2026-08-26 12:45,0
2026-08-26 13:00,0
2026-08-26 13:15,0
2026-08-26 13:45,0
2026-08-26 14:00,0
2026-08-26 14:15,0
2026-08-26 15:06,0
2026-08-26 15:15,0
2026-08-26 15:30,0
2026-08-26 15:45,0
2026-08-26 16:00,0
2026-08-26 16:15,0
2026-08-26 16:30,0
2026-08-26 16:45,0
2026-08-26 17:30,0
2026-08-26 17:45,0
2026-08-26 18:00,0
2026-08-26 18:15,0
2026-08-26 18:30,0
2026-08-26 18:45,0
2026-08-26 19:00,0
2026-08-26 19:15,0
2026-08-26 19:30,0
2026-08-26 19:45,0
2026-08-26 20:00,0
2026-08-26 20:15,0
2026-08-26 20:30,0
2026-08-26 20:45,0
2026-08-26 21:00,0
2026-08-26 21:15,0
2026-08-26 21:53,0
2026-08-26 22:00,0
2026-08-26 22:15,0
2026-08-26 22:30,0
2026-08-26 22:45,0
2026-08-26 23:00,0
2026-08-26 23:15,0
2026-08-26 23:30,0
2026-08-26 23:45,0
2026-08-27 00:00,0
2026-08-27 00:15,0
2026-08-27 00:30,0
2026-08-27 01:00,0
2026-08-27 01:15,0
2026-08-27 01:45,0
2026-08-27 02:00,0
2026-08-27 02:15,0
2026-08-27 02:30,0
2026-08-27 02:45,0
2026-08-27 03:24,0
2026-08-27 03:30,0
2026-08-27 03:45,0
2026-08-27 04:00,0
2026-08-27 04:15,0
2026-08-27 04:30,0
2026-08-27 04:45,0
2026-08-27 05:00,0
2026-08-27 05:15,0
2026-08-27 05:30,0
2026-08-27 05:45,0
2026-08-27 06:00,0
2026-08-27 06:15,0
2026-08-27 06:30,0
2026-08-27 06:45,0
2026-08-27 07:26,0
2026-08-27 07:30,0
2026-08-27 07:45,0
2026-08-27 08:15,0
2026-08-27 08:30,0
2026-08-27 08:45,0
2026-08-27 09:00,0
2026-08-27 09:15,0
2026-08-27 09:30,0
2026-08-27 09:45,0
2026-08-27 10:28,0
2026-08-27 10:30,0
2026-08-27 10:45,0
2026-08-27 11:00,0
2026-08-27 11:54,0
2026-08-27 12:30,0
2026-08-27 13:22,0
2026-08-27 13:30,0
2026-08-27 13:45,0
2026-08-27 14:00,0
2026-08-27 14:15,0
2026-08-27 14:30,0
2026-08-27 15:15,0
2026-08-27 15:30,0
2026-08-27 15:45,0
2026-08-27 16:00,0
2026-08-27 16:15,0
2026-08-27 16:30,0
2026-08-27 17:00,0
2026-08-27 17:15,0
2026-08-27 17:30,0
2026-08-27 18:11,0
2026-08-27 18:15,0
2026-08-27 18:45,0
2026-08-27 19:00,0
2026-08-27 19:15,0
2026-08-27 19:30,0
2026-08-27 19:45,0
2026-08-27 20:00,0
2026-08-27 20:30,0
2026-08-27 20:45,0
2026-08-27 21:00,0
2026-08-27 21:15,0
2026-08-27 21:30,0
2026-08-27 21:45,0
2026-08-27 22:00,0
2026-08-27 22:15,0
2026-08-27 22:30,0
2026-08-27 22:45,0
2026-08-27 23:00,0
2026-08-27 23:15,0
2026-08-27 23:30,0
2026-08-27 23:45,0
2026-08-28 00:30,0
2026-08-28 00:45,0
2026-08-28 01:00,0
2026-08-28 01:39,0
2026-08-28 01:45,0
2026-08-28 02:15,0
2026-08-28 02:30,0
2026-08-28 03:00,0
2026-08-28 03:15,0
2026-08-28 03:30,0
2026-08-28 03:45,0
2026-08-28 04:15,0
2026-08-28 04:30,0
2026-08-28 04:45,0
2026-08-28 05:00,0
2026-08-28 05:15,0
2026-08-28 05:30,0
2026-08-28 05:45,0
2026-08-28 06:00,0
2026-08-28 06:15,0
2026-08-28 06:30,0
2026-08-28 06:45,0
2026-08-28 07:00,0
2026-08-28 07:30,0
2026-08-28 07:45,0
2026-08-28 08:00,0
2026-08-28 08:15,0
2026-08-28 08:30,0
2026-08-28 08:45,0
2026-08-28 09:00,0
2026-08-28 09:15,0
2026-08-28 09:30,0
2026-08-28 09:45,0
2026-08-28 10:15,0
2026-08-28 10:30,0
2026-08-28 10:45,0
2026-08-28 11:00,0
2026-08-28 11:15,0
2026-08-28 11:30,0
2026-08-28 12:21,0
2026-08-28 13:10,0
2026-08-28 13:15,0
2026-08-28 13:45,0
2026-08-28 14:00,0
2026-08-28 14:15,0
2026-08-28 14:45,0
2026-08-28 15:00,0
2026-08-28 15:15,0
2026-08-28 15:30,0
2026-08-28 15:45,0
2026-08-28 16:00,0
2026-08-28 16:15,0
2026-08-28 16:30,0
2026-08-28 16:45,0
2026-08-28 17:00,0
2026-08-28 17:15,0
2026-08-28 17:56,0
2026-08-28 18:00,0
2026-08-28 18:15,0
2026-08-28 19:20,0
2026-08-28 20:11,0
2026-08-28 20:15,0
2026-08-28 20:30,0
2026-08-28 21:00,0
2026-08-28 21:15,0
2026-08-28 21:30,0
2026-08-28 22:15,0
2026-08-28 22:30,0
2026-08-28 22:45,0
2026-08-28 23:00,0
2026-08-28 23:15,0
2026-08-28 23:30,0
2026-08-28 23:45,0
2026-08-29 00:00,0
2026-08-29 00:15,0
2026-08-29 00:45,0
2026-08-29 01:15,0
2026-08-29 01:30,0
2026-08-29 01:45,0
2026-08-29 02:00,0
2026-08-29 02:15,0
2026-08-29 02:30,0
2026-08-29 03:11,0
2026-08-29 03:39,0
2026-08-29 03:45,0
2026-08-29 03:54,0
2026-08-29 04:00,0
2026-08-29 04:15,0
2026-08-29 04:45,0
2026-08-29 05:00,0
2026-08-29 05:15,0
2026-08-29 05:30,0
2026-08-29 05:45,0
2026-08-29 06:00,0
2026-08-29 06:15,0
2026-08-29 06:30,0
2026-08-29 06:45,0
2026-08-29 07:00,0
2026-08-29 07:15,0
2026-08-29 07:30,0
2026-08-29 07:45,0
2026-08-29 08:15,0
2026-08-29 08:30,0
2026-08-29 08:45,0
2026-08-29 09:00,0
2026-08-29 09:15,0
2026-08-29 09:30,0
2026-08-29 10:00,0
2026-08-29 10:30,0
2026-08-29 10:45,0
2026-08-29 11:15,0.07
2026-08-29 11:30,0
2026-08-29 11:45,0.05
2026-08-29 12:00,0.07
2026-08-29 12:15,0
2026-08-29 12:45,0
2026-08-29 13:24,0
2026-08-29 13:30,0
2026-08-29 14:15,0
2026-08-29 14:30,0.05
2026-08-29 14:45,0.04
2026-08-29 15:00,0
2026-08-29 15:44,0
2026-08-29 15:45,0
2026-08-29 16:00,0
2026-08-29 16:15,0
2026-08-29 16:30,0
2026-08-29 16:45,0.01
2026-08-29 17:28,0
2026-08-29 17:30,0
2026-08-29 17:45,0
2026-08-29 18:00,0
2026-08-29 18:15,0
2026-08-29 18:30,0
2026-08-29 18:45,0
2026-08-29 19:00,0
2026-08-29 19:15,0
2026-08-29 19:30,0
2026-08-29 20:14,0
2026-08-29 20:15,0
2026-08-29 20:30,0
2026-08-29 21:00,0
2026-08-29 21:15,0
2026-08-29 21:30,0
2026-08-29 22:13,0
2026-08-29 22:15,0
2026-08-29 22:30,0
2026-08-29 22:45,0
2026-08-29 23:00,0
2026-08-29 23:15,0
2026-08-29 23:55,0
2026-08-30 00:00,0
2026-08-30 00:52,0
2026-08-30 01:38,0
2026-08-30 01:45,0
2026-08-30 02:00,0
2026-08-30 02:15,0
2026-08-30 02:45,0
2026-08-30 03:00,0
2026-08-30 03:15,0
2026-08-30 03:30,0
2026-08-30 03:45,0
2026-08-30 04:00,0
2026-08-30 04:15,0
2026-08-30 04:30,0
2026-08-30 04:45,0
2026-08-30 05:00,0
2026-08-30 05:30,0
2026-08-30 05:45,0
2026-08-30 06:00,0
2026-08-30 06:15,0
2026-08-30 06:30,0
2026-08-30 06:45,0
2026-08-30 07:00,0
2026-08-30 07:15,0
2026-08-30 07:30,0
2026-08-30 08:00,0
2026-08-30 08:15,0
2026-08-30 08:30,0
2026-08-30 08:45,0
2026-08-30 09:00,0
2026-08-30 09:15,0
2026-08-30 09:30,0
2026-08-30 09:45,0
2026-08-30 10:00,0
2026-08-30 10:30,0
2026-08-30 10:45,0
2026-08-30 11:00,0
2026-08-30 11:30,0
2026-08-30 11:45,0
2026-08-30 12:00,0
2026-08-30 12:15,0
2026-08-30 12:30,0
2026-08-30 12:45,0
2026-08-30 13:00,0
2026-08-30 13:15,0
2026-08-30 13:30,0
2026-08-30 13:45,0
2026-08-30 14:00,0
2026-08-30 14:30,0
2026-08-30 14:45,0
2026-08-30 15:00,0
2026-08-30 15:30,0
2026-08-30 15:45,0
2026-08-30 16:00,0
2026-08-30 16:45,0
2026-08-30 17:29,0
2026-08-30 17:30,0
2026-08-30 17:45,0
2026-08-30 18:00,0
2026-08-30 18:15,0
2026-08-30 18:45,0
2026-08-30 19:00,0
2026-08-30 19:15,0
2026-08-30 19:30,0
2026-08-30 19:45,0
2026-08-30 20:00,0
2026-08-30 20:15,0
2026-08-30 20:30,0
2026-08-30 20:45,0
2026-08-30 21:00,0
2026-08-30 21:15,0
2026-08-30 21:30,0
2026-08-30 21:45,0
2026-08-30 22:00,0
2026-08-30 22:15,0
2026-08-30 23:08,0
2026-08-30 23:15,0
2026-08-30 23:30,0
2026-08-30 23:45,0
2026-08-31 00:00,0
2026-08-31 00:30,0
2026-08-31 00:45,0
2026-08-31 01:00,0
2026-08-31 01:15,0
2026-08-31 01:30,0
2026-08-31 01:45,0
2026-08-31 02:00,0
2026-08-31 02:15,0
2026-08-31 02:30,0
2026-08-31 02:45,0
2026-08-31 03:15,0
2026-08-31 03:30,0
2026-08-31 03:45,0
2026-08-31 04:15,0
2026-08-31 04:45,0
2026-08-31 05:15,0
2026-08-31 05:30,0
2026-08-31 05:45,0
2026-08-31 06:00,0
2026-08-31 06:30,0
2026-08-31 06:45,0
2026-08-31 07:00,0
2026-08-31 07:15,0
2026-08-31 07:45,0
2026-08-31 08:00,0
2026-08-31 08:15,0
2026-08-31 08:30,0
2026-08-31 08:45,0
2026-08-31 09:00,0
2026-08-31 09:15,0
2026-08-31 09:30,0
2026-08-31 10:00,0
2026-08-31 10:15,0
2026-08-31 10:30,0
2026-08-31 10:45,0
2026-08-31 11:00,0
2026-08-31 11:15,0
2026-08-31 11:30,0
2026-08-31 12:00,0
2026-08-31 12:15,0
2026-08-31 12:30,0
2026-08-31 12:45,0
2026-08-31 13:00,0
2026-08-31 13:15,0
2026-08-31 13:30,0
2026-08-31 13:45,0
2026-08-31 14:00,0
2026-08-31 14:15,0
2026-08-31 14:30,0
2026-08-31 14:45,0
2026-08-31 15:15,0
2026-08-31 15:30,0
2026-08-31 15:45,0
2026-08-31 16:00,0
2026-08-31 16:35,0
2026-08-31 17:00,0
2026-08-31 17:15,0
2026-08-31 17:30,0
2026-08-31 17:45,0
2026-08-31 18:00,0
2026-08-31 18:15,0
2026-08-31 18:30,0
2026-08-31 18:45,0
2026-08-31 19:00,0
2026-08-31 19:15,0
2026-08-31 19:30,0
2026-08-31 20:00,0
2026-08-31 20:15,0
2026-08-31 20:30,0
2026-08-31 20:45,0
2026-08-31 21:00,0
2026-08-31 21:15,0.11
2026-08-31 21:45,0.09
2026-08-31 22:00,0.07
2026-08-31 22:15,0.07
2026-08-31 22:58,0.06
2026-08-31 23:00,0.06
2026-08-31 23:15,0.05
2026-08-31 23:30,0.05
2026-08-31 23:45,0.05
2026-09-01 00:00,0.05
2026-09-01 00:15,0.05
2026-09-01 00:30,0.04
2026-09-01 00:45,0.04
2026-09-01 01:18,0.04
2026-09-01 01:33,0.04
2026-09-01 02:12,0.03
2026-09-01 02:15,0.03
2026-09-01 02:30,0.02
2026-09-01 02:45,0.02
2026-09-01 03:00,0.02
2026-09-01 03:15,0.02
2026-09-01 03:30,0.01
2026-09-01 03:45,0.01
2026-09-01 04:00,0.01
2026-09-01 04:15,0
2026-09-01 04:47,0
2026-09-01 05:17,0
2026-09-01 05:58,0
2026-09-01 06:00,0
2026-09-01 06:15,0
2026-09-01 06:30,0
2026-09-01 06:45,0
2026-09-01 07:00,0
2026-09-01 07:15,0
2026-09-01 07:30,0
2026-09-01 07:45,0
2026-09-01 08:33,0.34
2026-09-01 08:45,0.31
2026-09-01 09:00,0.29
2026-09-01 09:15,0.26
2026-09-01 09:30,0.23
2026-09-01 09:45,0.21
2026-09-01 10:00,0.19
2026-09-01 10:15,0.18
2026-09-01 10:30,0.17
2026-09-01 10:45,0.15
2026-09-01 11:00,0.14
2026-09-01 11:15,0.13
2026-09-01 11:30,0.12
2026-09-01 11:45,0.11
2026-09-01 12:00,0.09
2026-09-01 12:15,0.08
2026-09-01 12:30,0.06
2026-09-01 12:45,0.04
2026-09-01 13:00,0.03
2026-09-01 13:30,0.01
2026-09-01 13:45,0
2026-09-01 14:00,0
2026-09-01 14:15,0
2026-09-01 14:45,0
2026-09-01 15:00,0
2026-09-01 15:15,0
2026-09-01 15:30,0
2026-09-01 15:45,0
2026-09-01 16:00,0
2026-09-01 16:15,0
2026-09-01 16:30,0
2026-09-01 16:45,0
2026-09-01 17:00,0
2026-09-01 17:30,0
2026-09-01 17:45,0
2026-09-01 18:22,0
2026-09-01 18:30,0
2026-09-01 18:45,0
2026-09-01 19:00,0
2026-09-01 19:30,0
2026-09-01 19:45,0
2026-09-01 20:00,0
2026-09-01 20:15,0
2026-09-01 20:45,0
2026-09-01 21:00,0
2026-09-01 21:15,0
2026-09-01 21:30,0
2026-09-01 21:45,0
2026-09-01 22:15,0
2026-09-01 22:30,0
2026-09-01 22:45,0
2026-09-01 23:15,0
2026-09-01 23:30,0
2026-09-01 23:45,0
2026-09-02 00:15,0
2026-09-02 00:30,0
2026-09-02 00:45,0
2026-09-02 01:15,0
2026-09-02 01:30,0
2026-09-02 01:45,0
2026-09-02 02:00,0
2026-09-02 02:15,0
